symbol,name,country,currency,horizon,as_of,current_price,p10,p25,p50,p75,p90,expected_return,prob_up,prob_down,interval_80_low,interval_80_high,interval_90_low,interval_90_high,expected_volatility_horizon,expected_volatility_annual,confidence,confidence_grade,models,model_weights,regime,used_data,missing_data,fallback_level,last_data_time,trained_at,conservative_price,optimistic_price,target_1,target_2,stop_loss_reference,point_logret,shrinkage,mz_intercept,mz_raw_slope,mz_slope_se,mz_hac_lag,add_buy_reference,risk_reward,atr_pct,support_20d,resistance_20d,oos_ic,oos_directional_accuracy,oos_rmse,raw_oos_ic,raw_oos_directional_accuracy,raw_oos_rmse,baseline_rmse,baseline_improvement,baseline_directional_accuracy,majority_directional_accuracy,direction_reference_accuracy,directional_edge,oos_samples,effective_oos_samples,coverage_80,raw_coverage_80,coverage_90,raw_coverage_90,interval_eval_n,interval_eval_effective,probability_calibration_error,interval_inflation,confidence_components,notes,disclaimer
005930,삼성전자,KR,KRW,5,2026-10-05T21:49:50+09:00,276000.0,258028.671007007,269462.83623571764,283125.03998762765,297645.0199784221,317199.10887898953,0.025815362274013154,0.5487465181058496,0.4512534818941504,258109.8466281011,316835.67479229195,248423.25904040868,328285.5149938917,0.07005438361247095,0.4973367871286932,30.719924558781152,LOW,"elasticnet,gru,huber,panel,ridge",elasticnet:0.051;gru:0.669;huber:0.037;panel:0.178;ridge:0.064,추세=상승추세(200MA 위);변동성=고변동;거래량=축소/보통;위험선호=위험회피;금리=상승;GMM레짐=HIGH_VOL,"benchmark,bond,credit_trades,earnings,fx,investor_trading,kcs_memory,market_investor,ohlcv,program_trades,regime,securities_lending,short_selling",,1,2026-10-02,2026-10-05T21:38:58+09:00,269462.83623571764,297645.0199784221,297645.0199784221,317199.10887898953,222274.64499526896,0.016024282419659273,1.0,0.0,1.0,,0,269462.83623571764,0.4028827725105964,0.04352664706735041,243000.0,287000.0,-0.03199921563030224,0.5111111111111111,0.06916519312967954,-0.03199921563030224,0.5111111111111111,0.06916519312967954,0.0655383553843675,-0.05533916321276999,0.5888888888888889,0.546031746031746,0.5888888888888889,-0.07777777777777783,630.0,126.0,0.8677248677248677,0.8677248677248677,0.9312169312169312,0.9312169312169312,189.0,37.8,0.13311182490112855,1.0,"{'oos_evidence': 1.0, '_effective_oos_samples': 126.0, 'baseline_improvement': 0.0, '_baseline_skill': -0.05533916321276999, 'information_coefficient': 0.0, 'directional_accuracy': 0.0, '_direction_reference_accuracy': 0.5888888888888889, '_directional_edge': -0.07777777777777783, '_interval_effective_samples': 37.8, 'probability_calibration': 0.1125878339924763, 'interval_coverage': 0.43562610229276966, 'fold_stability': 0.5462960863913643, 'recent_regime': 0.0, 'data_quantity': 1.0, 'data_freshness': 1.0, 'feature_completeness': 1.0, '_no_predictive_edge_cap': 1.0, '_predictive_edge_cap': 44.0}","σ 국면 계수 x0.98 (VIX 0.93)^0.23 | 최근 가중 학습: 반감기 4년 (fold 학습구간 끝 기준) | 패널 OOF 합류 (475행, 패널 실효표본 160) | 앙상블 가중치: NNLS 스태킹 (elasticnet:0.05,gru:0.67,huber:0.04,panel:0.18,ridge:0.06) | NNLS 가 제외한 모델(중복/무기여): extra_trees,random_forest | baseline은 비교용으로만 유지하고, 최종 예측은 ML/DL 앙상블을 사용 | 채점용 OOF: cross-fitted 스태킹 6/10 fold (첫 fold 는 균등가중) — 최종 가중치는 OOF 전체 NNLS | conformal 잔차 최근 가중 (반감기 250거래일) | drift 축소(실효표본 126.0개): 중앙값 x0.93 | 라이브 보정 x0.86 (최근 20앵커 80% 적중 91%) | sigma_h 0.0701 (GARCH, 학습과 동일 추정량)",본 출력은 통계 모델의 예측 분포이며 투자 조언이 아닙니다. 실제 투자 판단과 그 결과에 대한 책임은 이용자 본인에게 있습니다.
005930,삼성전자,KR,KRW,10,2026-10-05T21:49:50+09:00,276000.0,252314.42585265439,268436.1708042089,287988.8121277445,308987.58743440977,340101.0783874158,0.04343772510052357,0.6304347826086957,0.3695652173913043,252527.9215669488,339268.42668086535,244158.22918280755,357298.5183757379,0.10098813807149896,0.5069564296711632,48.441107872580396,MEDIUM,"gru,panel",gru:0.971;panel:0.029,추세=상승추세(200MA 위);변동성=고변동;거래량=축소/보통;위험선호=위험회피;금리=상승;GMM레짐=HIGH_VOL,"benchmark,bond,credit_trades,earnings,fx,investor_trading,kcs_memory,market_investor,ohlcv,program_trades,regime,securities_lending,short_selling",,1,2026-10-02,2026-10-05T21:40:52+09:00,268436.1708042089,308987.58743440977,308987.58743440977,340101.0783874158,203919.8724564677,0.024079893314706613,1.0,0.0,1.0,,0,268436.1708042089,0.4576516240830338,0.04352664706735041,243000.0,287000.0,0.11208929109378878,0.5746031746031746,0.09038862262984637,0.11208929109378878,0.5746031746031746,0.09038862262984637,0.09086431932602464,0.005235241948728486,0.6095238095238096,0.5952380952380952,0.6095238095238096,-0.03492063492063502,630.0,63.0,0.8571428571428571,0.8571428571428571,0.9365079365079365,0.9365079365079365,189.0,18.9,0.026441465042090724,1.0,"{'oos_evidence': 1.0, '_effective_oos_samples': 63.0, 'baseline_improvement': 0.2617620974364243, '_baseline_skill': 0.005235241948728486, 'information_coefficient': 0.4448405833015383, 'directional_accuracy': 0.0, '_direction_reference_accuracy': 0.6095238095238096, '_directional_edge': -0.03492063492063502, '_interval_effective_samples': 18.9, 'probability_calibration': 0.8007508261373729, 'interval_coverage': 0.5092010548749041, 'fold_stability': 0.5637447822924968, 'recent_regime': 0.0, 'data_quantity': 1.0, 'data_freshness': 1.0, 'feature_completeness': 1.0}","σ 국면 계수 x0.99 (VIX 0.93)^0.15 | 최근 가중 학습: 반감기 4년 (fold 학습구간 끝 기준) | 패널 OOF 합류 (474행, 패널 실효표본 80) | 앙상블 가중치: NNLS 스태킹 (gru:0.97,panel:0.03) | 채점용 OOF: cross-fitted 스태킹 6/10 fold (첫 fold 는 균등가중) — 최종 가중치는 OOF 전체 NNLS | conformal 잔차 최근 가중 (반감기 250거래일) | drift 축소(실효표본 63.0개): 중앙값 x0.86 | 라이브 보정 x0.80 (최근 20앵커 80% 적중 95%) | sigma_h 0.0925 (GARCH, 학습과 동일 추정량) | 실적 발표 10-14 예측기간 포함(추정) → 구간 ×1.09 (k=1.7)",본 출력은 통계 모델의 예측 분포이며 투자 조언이 아닙니다. 실제 투자 판단과 그 결과에 대한 책임은 이용자 본인에게 있습니다.
005930,삼성전자,KR,KRW,15,2026-10-05T21:49:50+09:00,276000.0,236586.45650747718,267731.49553527444,294467.4045860881,335333.64632479195,380805.61468133546,0.06691088618147867,0.6330749354005167,0.36692506459948326,236780.66381908586,378760.69149069896,223343.0743363558,417795.14013658994,0.14979423615246362,0.6139736651515281,31.010064929712684,LOW,"elasticnet,gru,hist_gbm,panel,random_forest",elasticnet:0.023;gru:0.233;hist_gbm:0.025;panel:0.403;random_forest:0.316,추세=상승추세(200MA 위);변동성=고변동;거래량=축소/보통;위험선호=위험회피;금리=상승;GMM레짐=HIGH_VOL,"benchmark,bond,credit_trades,earnings,fx,investor_trading,kcs_memory,market_investor,ohlcv,program_trades,regime,securities_lending,short_selling",,1,2026-10-02,2026-10-05T21:42:46+09:00,267731.49553527444,335333.64632479195,335333.64632479195,380805.61468133546,203919.8724564677,0.0380440058796796,1.0,0.0,1.0,,0,267731.49553527444,0.8231623381764662,0.04352664706735041,243000.0,287000.0,-0.0023472458158582637,0.573015873015873,0.12156631413180123,-0.0023472458158582637,0.573015873015873,0.12156631413180123,0.11177568947652657,-0.0875917178514094,0.5904761904761905,0.6,0.6,-0.026984126984127,630.0,42.0,0.8306878306878307,0.8306878306878307,0.9365079365079365,0.9365079365079365,189.0,12.6,0.18116402187715247,1.0,"{'oos_evidence': 1.0, '_effective_oos_samples': 42.0, 'baseline_improvement': 0.0, '_baseline_skill': -0.0875917178514094, 'information_coefficient': 0.0, 'directional_accuracy': 0.0, '_direction_reference_accuracy': 0.6, '_directional_edge': -0.026984126984127, '_interval_effective_samples': 12.6, 'probability_calibration': 0.0, 'interval_coverage': 0.5907444726292369, 'fold_stability': 0.5102620203420314, 'recent_regime': 0.0, 'data_quantity': 1.0, 'data_freshness': 1.0, 'feature_completeness': 1.0, '_no_predictive_edge_cap': 1.0, '_predictive_edge_cap': 44.0}","σ 국면 계수 x0.99 (VIX 0.93)^0.1 | 최근 가중 학습: 반감기 4년 (fold 학습구간 끝 기준) | 패널 OOF 합류 (472행, 패널 실효표본 53) | 앙상블 가중치: NNLS 스태킹 (elasticnet:0.02,gru:0.23,hist_gbm:0.03,panel:0.40,random_forest:0.32) | NNLS 가 제외한 모델(중복/무기여): catboost,extra_trees | baseline은 비교용으로만 유지하고, 최종 예측은 ML/DL 앙상블을 사용 | 채점용 OOF: cross-fitted 스태킹 6/10 fold (첫 fold 는 균등가중) — 최종 가중치는 OOF 전체 NNLS | conformal 잔차 최근 가중 (반감기 250거래일) | drift 축소(실효표본 42.0개): 중앙값 x0.81 | sigma_h 0.1410 (GARCH, 학습과 동일 추정량) | 실적 발표 10-14 예측기간 포함(추정) → 구간 ×1.06 (k=1.7)",본 출력은 통계 모델의 예측 분포이며 투자 조언이 아닙니다. 실제 투자 판단과 그 결과에 대한 책임은 이용자 본인에게 있습니다.
005930,삼성전자,KR,KRW,20,2026-10-05T21:49:50+09:00,276000.0,232048.68977789092,268042.79692091764,297519.1881751051,340871.0880988291,413467.19355763815,0.07796807309820686,0.6585365853658537,0.3414634146341463,232942.90674215107,412045.67134706443,214541.37145736927,457094.406917968,0.17036974033207727,0.6047525858583201,36.376065116347434,LOW,"gru,hist_gbm,huber,panel",gru:0.529;hist_gbm:0.034;huber:0.043;panel:0.394,추세=상승추세(200MA 위);변동성=고변동;거래량=축소/보통;위험선호=위험회피;금리=상승;GMM레짐=HIGH_VOL,"benchmark,bond,credit_trades,earnings,fx,investor_trading,kcs_memory,market_investor,ohlcv,program_trades,regime,securities_lending,short_selling",,1,2026-10-02,2026-10-05T21:44:32+09:00,268042.79692091764,340871.0880988291,340871.0880988291,413467.19355763815,203919.8724564677,0.05448545564509334,1.0,0.0,1.0,,0,268042.79692091764,0.8999857562634118,0.04352664706735041,243000.0,287000.0,0.0735944713083422,0.6,0.14187092639485607,0.0735944713083422,0.6,0.14187092639485607,0.13548531117960502,-0.04713142081347854,0.5777777777777777,0.6126984126984127,0.6126984126984127,-0.012698412698412764,630.0,31.5,0.8095238095238095,0.8095238095238095,0.9047619047619048,0.9047619047619048,189.0,9.45,0.10249441471037556,1.0,"{'oos_evidence': 1.0, '_effective_oos_samples': 31.5, 'baseline_improvement': 0.0, '_baseline_skill': -0.04713142081347854, 'information_coefficient': 0.2065239728974361, 'directional_accuracy': 0.0, '_direction_reference_accuracy': 0.6126984126984127, '_directional_edge': -0.012698412698412764, '_interval_effective_samples': 9.45, 'probability_calibration': 0.2176979405228847, 'interval_coverage': 0.6328318816843781, 'fold_stability': 0.5001779208961594, 'recent_regime': 0.0, 'data_quantity': 1.0, 'data_freshness': 1.0, 'feature_completeness': 1.0}","σ 국면 계수 x1.00 (VIX 0.93)^0.07 | 최근 가중 학습: 반감기 4년 (fold 학습구간 끝 기준) | 패널 OOF 합류 (473행, 패널 실효표본 40) | 앙상블 가중치: NNLS 스태킹 (gru:0.53,hist_gbm:0.03,huber:0.04,panel:0.39) | 채점용 OOF: cross-fitted 스태킹 6/10 fold (첫 fold 는 균등가중) — 최종 가중치는 OOF 전체 NNLS | conformal 잔차 최근 가중 (반감기 250거래일) | drift 축소(실효표본 31.5개): 중앙값 x0.76 | sigma_h 0.1627 (GARCH, 학습과 동일 추정량) | 실적 발표 10-14 예측기간 포함(추정) → 구간 ×1.05 (k=1.7)",본 출력은 통계 모델의 예측 분포이며 투자 조언이 아닙니다. 실제 투자 판단과 그 결과에 대한 책임은 이용자 본인에게 있습니다.
005930,삼성전자,KR,KRW,25,2026-10-05T21:49:50+09:00,276000.0,214623.78943752171,259738.98248091558,287706.74367641984,336221.2910685122,402538.4713173744,0.04241573795804299,0.59375,0.40625,215390.61921887737,402177.29238020495,199841.04636768985,458994.87607030943,0.1885355910016912,0.5985819444900744,35.97577449765143,LOW,"gru,lightgbm,panel",gru:0.709;lightgbm:0.067;panel:0.224,추세=상승추세(200MA 위);변동성=고변동;거래량=축소/보통;위험선호=위험회피;금리=상승;GMM레짐=HIGH_VOL,"benchmark,bond,credit_trades,earnings,fx,investor_trading,kcs_memory,market_investor,ohlcv,program_trades,regime,securities_lending,short_selling",,1,2026-10-02,2026-10-05T21:46:22+09:00,259738.98248091558,336221.2910685122,336221.2910685122,402538.4713173744,203919.8724564677,0.013649594378115578,1.0,0.0,1.0,,0,259738.98248091558,0.8354770325862972,0.04352664706735041,243000.0,287000.0,0.08997964588820287,0.6047619047619047,0.15774368516366424,0.08997964588820287,0.6047619047619047,0.15774368516366424,0.15470422101723502,-0.019646937403799747,0.5968253968253968,0.6253968253968254,0.6253968253968254,-0.020634920634920673,630.0,25.2,0.8042328042328042,0.8042328042328042,0.9841269841269841,0.9841269841269841,189.0,7.56,0.07712664629073249,1.0,"{'oos_evidence': 0.916515138991168, '_effective_oos_samples': 25.2, 'baseline_improvement': 0.0, '_baseline_skill': -0.019646937403799747, 'information_coefficient': 0.2258471187490516, 'directional_accuracy': 0.0, '_direction_reference_accuracy': 0.6253968253968254, '_directional_edge': -0.020634920634920673, '_interval_effective_samples': 7.56, 'probability_calibration': 0.2986918670436894, 'interval_coverage': 0.5931303776698312, 'fold_stability': 0.4876230494707097, 'recent_regime': 0.0, 'data_quantity': 1.0, 'data_freshness': 1.0, 'feature_completeness': 1.0}","σ 국면 계수 x1.00 (VIX 0.93)^0.05 | 최근 가중 학습: 반감기 4년 (fold 학습구간 끝 기준) | 패널 OOF 합류 (470행, 패널 실효표본 32) | 앙상블 가중치: NNLS 스태킹 (gru:0.71,lightgbm:0.07,panel:0.22) | 채점용 OOF: cross-fitted 스태킹 5/10 fold (첫 fold 는 균등가중) — 최종 가중치는 OOF 전체 NNLS | conformal 잔차 최근 가중 (반감기 250거래일) | drift 축소(실효표본 25.2개): 중앙값 x0.72 | sigma_h 0.1817 (GARCH, 학습과 동일 추정량) | 실적 발표 10-14 예측기간 포함(추정) → 구간 ×1.04 (k=1.7)",본 출력은 통계 모델의 예측 분포이며 투자 조언이 아닙니다. 실제 투자 판단과 그 결과에 대한 책임은 이용자 본인에게 있습니다.
005930,삼성전자,KR,KRW,30,2026-10-05T21:49:50+09:00,276000.0,216071.80889743252,260826.71323563458,305949.5708273918,375409.48056651297,438691.6703558498,0.10851293778040505,0.6585365853658537,0.3414634146341463,216911.51938212803,438569.2701211,200380.5934268479,507444.0765398842,0.2048685358412414,0.5937654272631286,27.39589552692687,LOW,"gru,hist_gbm,lgbm_linear,panel",gru:0.411;hist_gbm:0.029;lgbm_linear:0.077;panel:0.482,추세=상승추세(200MA 위);변동성=고변동;거래량=축소/보통;위험선호=위험회피;금리=상승;GMM레짐=HIGH_VOL,"benchmark,bond,credit_trades,earnings,fx,investor_trading,kcs_memory,market_investor,ohlcv,program_trades,regime,securities_lending,short_selling",,1,2026-10-02,2026-10-05T21:48:07+09:00,260826.71323563458,375409.48056651297,375409.48056651297,438691.6703558498,203919.8724564677,0.04796628043098444,1.0,0.0,1.0,,0,260826.71323563458,1.37915239545706,0.04352664706735041,243000.0,287000.0,-0.15592563788154767,0.580952380952381,0.186455202407072,-0.15592563788154767,0.580952380952381,0.186455202407072,0.17065192148859185,-0.09260535000501946,0.6301587301587301,0.6555555555555556,0.6555555555555556,-0.07460317460317456,630.0,21.0,0.7671957671957672,0.7671957671957672,0.9629629629629629,0.9629629629629629,189.0,6.3,0.18175183192151337,1.0,"{'oos_evidence': 0.8366600265340756, '_effective_oos_samples': 21.0, 'baseline_improvement': 0.0, '_baseline_skill': -0.09260535000501946, 'information_coefficient': 0.0, 'directional_accuracy': 0.0, '_direction_reference_accuracy': 0.6555555555555556, '_directional_edge': -0.07460317460317456, '_interval_effective_samples': 6.3, 'probability_calibration': 0.0, 'interval_coverage': 0.40782085802932894, 'fold_stability': 0.49510866812928267, 'recent_regime': 0.0, 'data_quantity': 1.0, 'data_freshness': 1.0, 'feature_completeness': 1.0, '_no_predictive_edge_cap': 1.0, '_predictive_edge_cap': 44.0}","σ 국면 계수 x1.00 (VIX 0.93)^0.04 | 최근 가중 학습: 반감기 4년 (fold 학습구간 끝 기준) | 패널 OOF 합류 (470행, 패널 실효표본 27) | 앙상블 가중치: NNLS 스태킹 (gru:0.41,hist_gbm:0.03,lgbm_linear:0.08,panel:0.48) | 채점용 OOF: cross-fitted 스태킹 5/10 fold (첫 fold 는 균등가중) — 최종 가중치는 OOF 전체 NNLS | conformal 잔차 최근 가중 (반감기 250거래일) | drift 축소(실효표본 21.0개): 중앙값 x0.68 | sigma_h 0.1986 (GARCH, 학습과 동일 추정량) | 실적 발표 10-14 예측기간 포함(추정) → 구간 ×1.03 (k=1.7)",본 출력은 통계 모델의 예측 분포이며 투자 조언이 아닙니다. 실제 투자 판단과 그 결과에 대한 책임은 이용자 본인에게 있습니다.
000660,SK하이닉스,KR,KRW,5,2026-10-05T22:00:07+09:00,1841000.0,1703003.5780115223,1805595.8444187785,1916167.941956886,2018732.6572216686,2156925.3590774867,0.04082995217647256,0.625,0.375,1704253.8205641576,2156191.0088317585,1643643.010906276,2226174.631400462,0.07696721465465643,0.5464130190958817,40.39206394815601,LOW,"extra_trees,gru,pls,random_forest",extra_trees:0.050;gru:0.898;pls:0.025;random_forest:0.027,추세=상승추세(200MA 위);변동성=고변동;거래량=축소/보통;위험선호=위험회피;금리=상승;GMM레짐=LOW_VOL,"benchmark,bond,credit_trades,earnings,fx,investor_trading,kcs_memory,market_investor,ohlcv,program_trades,regime,securities_lending,short_selling",,1,2026-10-02,2026-10-05T21:49:54+09:00,1805595.8444187785,2018732.6572216686,2018732.6572216686,2156925.3590774867,1420080.4044937058,0.022230786230936328,1.0,0.0,1.0,,0,1805595.8444187785,0.4222484748135489,0.051124651201183514,1558000.0,1935000.0,0.009815380149997173,0.5619047619047619,0.09490088169663992,0.009815380149997173,0.5619047619047619,0.09490088169663992,0.09290595403347446,-0.021472549137665276,0.5904761904761905,0.5904761904761905,0.5904761904761905,-0.02857142857142858,630.0,126.0,0.8201058201058201,0.8201058201058201,0.9153439153439153,0.9153439153439153,189.0,37.8,0.038599951029647285,1.0,"{'oos_evidence': 1.0, '_effective_oos_samples': 126.0, 'baseline_improvement': 0.0, '_baseline_skill': -0.021472549137665276, 'information_coefficient': 0.01081432759941985, 'directional_accuracy': 0.0, '_direction_reference_accuracy': 0.5904761904761905, '_directional_edge': -0.02857142857142858, '_interval_effective_samples': 37.8, 'probability_calibration': 0.7426669931356847, 'interval_coverage': 0.8324514991181661, 'fold_stability': 0.5953183770298147, 'recent_regime': 0.0, 'data_quantity': 1.0, 'data_freshness': 1.0, 'feature_completeness': 1.0, '_no_predictive_edge_cap': 1.0, '_predictive_edge_cap': 44.0}","σ 국면 계수 x0.98 (VIX 0.93)^0.23 | 최근 가중 학습: 반감기 4년 (fold 학습구간 끝 기준) | 패널 OOF 합류 (475행, 패널 실효표본 160) | 앙상블 가중치: NNLS 스태킹 (extra_trees:0.05,gru:0.90,pls:0.02,random_forest:0.03) | 채점용 OOF: cross-fitted 스태킹 6/10 fold (첫 fold 는 균등가중) — 최종 가중치는 OOF 전체 NNLS | conformal 잔차 최근 가중 (반감기 250거래일) | drift 축소(실효표본 126.0개): 중앙값 x0.93 | 라이브 보정 x0.86 (최근 20앵커 80% 적중 91%) | sigma_h 0.0770 (GARCH, 학습과 동일 추정량)",본 출력은 통계 모델의 예측 분포이며 투자 조언이 아닙니다. 실제 투자 판단과 그 결과에 대한 책임은 이용자 본인에게 있습니다.
000660,SK하이닉스,KR,KRW,10,2026-10-05T22:00:07+09:00,1841000.0,1659676.3524891527,1809628.798212117,1936081.8717078879,2128145.3515696325,2315042.36116022,0.05164686132965124,0.6461794019933554,0.35382059800664456,1662874.7379439059,2313928.485800534,1592831.3245192461,2425045.132145636,0.10139428764426706,0.508995284345137,35.06283915796271,LOW,"extra_trees,gru,huber,panel",extra_trees:0.172;gru:0.725;huber:0.029;panel:0.074,추세=상승추세(200MA 위);변동성=고변동;거래량=축소/보통;위험선호=위험회피;금리=상승;GMM레짐=LOW_VOL,"benchmark,bond,credit_trades,earnings,fx,investor_trading,kcs_memory,market_investor,ohlcv,program_trades,regime,securities_lending,short_selling",,1,2026-10-02,2026-10-05T21:51:44+09:00,1809628.798212117,2128145.3515696325,2128145.3515696325,2315042.36116022,1276277.102831727,0.030787001808023566,1.0,0.0,1.0,,0,1809628.798212117,0.5084712396282924,0.051124651201183514,1558000.0,1935000.0,-0.08899824887671441,0.5253968253968254,0.14063688449221598,-0.08899824887671441,0.5253968253968254,0.14063688449221598,0.13380259654121626,-0.05107739406906431,0.6333333333333333,0.6333333333333333,0.6333333333333333,-0.10793650793650789,630.0,63.0,0.7936507936507936,0.7936507936507936,0.9470899470899471,0.9470899470899471,189.0,18.9,0.22078356657121667,1.0,"{'oos_evidence': 1.0, '_effective_oos_samples': 63.0, 'baseline_improvement': 0.0, '_baseline_skill': -0.05107739406906431, 'information_coefficient': 0.0, 'directional_accuracy': 0.0, '_direction_reference_accuracy': 0.6333333333333333, '_directional_edge': -0.10793650793650789, '_interval_effective_samples': 18.9, 'probability_calibration': 0.0, 'interval_coverage': 0.9206766547738143, 'fold_stability': 0.5856072610224574, 'recent_regime': 0.0, 'data_quantity': 1.0, 'data_freshness': 1.0, 'feature_completeness': 1.0, '_no_predictive_edge_cap': 1.0, '_predictive_edge_cap': 44.0}","σ 국면 계수 x0.99 (VIX 0.93)^0.15 | 최근 가중 학습: 반감기 4년 (fold 학습구간 끝 기준) | 패널 OOF 합류 (474행, 패널 실효표본 80) | 앙상블 가중치: NNLS 스태킹 (extra_trees:0.17,gru:0.72,huber:0.03,panel:0.07) | 채점용 OOF: cross-fitted 스태킹 6/10 fold (첫 fold 는 균등가중) — 최종 가중치는 OOF 전체 NNLS | conformal 잔차 최근 가중 (반감기 250거래일) | drift 축소(실효표본 63.0개): 중앙값 x0.86 | 라이브 보정 x0.80 (최근 20앵커 80% 적중 95%) | sigma_h 0.1014 (GARCH, 학습과 동일 추정량)",본 출력은 통계 모델의 예측 분포이며 투자 조언이 아닙니다. 실제 투자 판단과 그 결과에 대한 책임은 이용자 본인에게 있습니다.
000660,SK하이닉스,KR,KRW,15,2026-10-05T22:00:07+09:00,1841000.0,1547858.8712259908,1793253.8954590017,1970311.8194880474,2287291.3037537923,2576673.2007040093,0.070239988858255,0.6908023483365949,0.30919765166340507,1551695.9080665149,2573258.030387762,1426929.772429083,2726930.0470644073,0.15429741247973727,0.6324311955979313,26.79747611261879,LOW,"elasticnet,gru,panel",elasticnet:0.525;gru:0.367;panel:0.108,추세=상승추세(200MA 위);변동성=고변동;거래량=축소/보통;위험선호=위험회피;금리=상승;GMM레짐=LOW_VOL,"benchmark,bond,credit_trades,earnings,fx,investor_trading,kcs_memory,market_investor,ohlcv,program_trades,regime,securities_lending,short_selling",,1,2026-10-02,2026-10-05T21:53:29+09:00,1793253.8954590017,2287291.3037537923,2287291.3037537923,2576673.2007040093,1276277.102831727,0.03333378007475092,1.0,0.0,1.0,,0,1793253.8954590017,0.7902837054981477,0.051124651201183514,1558000.0,1935000.0,-0.09258615734160408,0.6047619047619047,0.17275283277989129,-0.09258615734160408,0.6047619047619047,0.17275283277989129,0.17028983498937383,-0.01446356319900799,0.6730158730158731,0.6730158730158731,0.6730158730158731,-0.06825396825396834,630.0,42.0,0.9206349206349206,0.9206349206349206,0.9894179894179894,0.9894179894179894,189.0,12.6,0.12806441102905103,1.0,"{'oos_evidence': 1.0, '_effective_oos_samples': 42.0, 'baseline_improvement': 0.0, '_baseline_skill': -0.01446356319900799, 'information_coefficient': 0.0, 'directional_accuracy': 0.0, '_direction_reference_accuracy': 0.6730158730158731, '_directional_edge': -0.06825396825396834, '_interval_effective_samples': 12.6, 'probability_calibration': 0.11607222655772437, 'interval_coverage': 0.0, 'fold_stability': 0.5868898300156995, 'recent_regime': 0.0, 'data_quantity': 1.0, 'data_freshness': 1.0, 'feature_completeness': 1.0, '_no_predictive_edge_cap': 1.0, '_predictive_edge_cap': 44.0}","σ 국면 계수 x0.99 (VIX 0.93)^0.1 | 최근 가중 학습: 반감기 4년 (fold 학습구간 끝 기준) | 패널 OOF 합류 (472행, 패널 실효표본 53) | 앙상블 가중치: NNLS 스태킹 (elasticnet:0.52,gru:0.37,panel:0.11) | 채점용 OOF: cross-fitted 스태킹 6/10 fold (첫 fold 는 균등가중) — 최종 가중치는 OOF 전체 NNLS | conformal 잔차 최근 가중 (반감기 250거래일) | drift 축소(실효표본 42.0개): 중앙값 x0.81 | sigma_h 0.1543 (GARCH, 학습과 동일 추정량)",본 출력은 통계 모델의 예측 분포이며 투자 조언이 아닙니다. 실제 투자 판단과 그 결과에 대한 책임은 이용자 본인에게 있습니다.
000660,SK하이닉스,KR,KRW,20,2026-10-05T22:00:07+09:00,1841000.0,1472974.6056796163,1785380.394874371,1988304.4570151232,2419851.670536456,2870219.012748514,0.08001328463613433,0.6701570680628273,0.32984293193717273,1474356.853752577,2864340.674415485,1357119.1969809975,3101162.1573462766,0.1825629343084303,0.6480341308832687,28.71436491924272,LOW,"catboost,elasticnet,gru,panel",catboost:0.020;elasticnet:0.377;gru:0.400;panel:0.202,추세=상승추세(200MA 위);변동성=고변동;거래량=축소/보통;위험선호=위험회피;금리=상승;GMM레짐=LOW_VOL,"benchmark,bond,credit_trades,earnings,fx,investor_trading,kcs_memory,market_investor,ohlcv,program_trades,regime,securities_lending,short_selling",,1,2026-10-02,2026-10-05T21:55:12+09:00,1785380.394874371,2419851.670536456,2419851.670536456,2870219.012748514,1276277.102831727,0.031953454070834074,1.0,0.0,1.0,,0,1785380.394874371,1.0250189490084958,0.051124651201183514,1558000.0,1935000.0,-0.057669368177622846,0.6126984126984127,0.21178616010355658,-0.057669368177622846,0.6126984126984127,0.21178616010355658,0.20859525570462184,-0.015297109170369527,0.6571428571428571,0.6571428571428571,0.6571428571428571,-0.0444444444444444,630.0,31.5,0.8677248677248677,0.8677248677248677,0.9470899470899471,0.9470899470899471,189.0,9.45,0.14134795464208347,1.0,"{'oos_evidence': 1.0, '_effective_oos_samples': 31.5, 'baseline_improvement': 0.0, '_baseline_skill': -0.015297109170369527, 'information_coefficient': 0.0, 'directional_accuracy': 0.0, '_direction_reference_accuracy': 0.6571428571428571, '_directional_edge': -0.0444444444444444, '_interval_effective_samples': 9.45, 'probability_calibration': 0.0396486527688438, 'interval_coverage': 0.2994434382682789, 'fold_stability': 0.540274131440918, 'recent_regime': 0.0, 'data_quantity': 1.0, 'data_freshness': 1.0, 'feature_completeness': 1.0, '_no_predictive_edge_cap': 1.0, '_predictive_edge_cap': 44.0}","σ 국면 계수 x1.00 (VIX 0.93)^0.07 | 최근 가중 학습: 반감기 4년 (fold 학습구간 끝 기준) | 패널 OOF 합류 (473행, 패널 실효표본 40) | 앙상블 가중치: NNLS 스태킹 (catboost:0.02,elasticnet:0.38,gru:0.40,panel:0.20) | 채점용 OOF: cross-fitted 스태킹 6/10 fold (첫 fold 는 균등가중) — 최종 가중치는 OOF 전체 NNLS | conformal 잔차 최근 가중 (반감기 250거래일) | drift 축소(실효표본 31.5개): 중앙값 x0.76 | sigma_h 0.1777 (GARCH, 학습과 동일 추정량) | 실적 발표 10-26 예측기간 포함(추정) → 구간 ×1.03 (k=1.5)",본 출력은 통계 모델의 예측 분포이며 투자 조언이 아닙니다. 실제 투자 판단과 그 결과에 대한 책임은 이용자 본인에게 있습니다.
000660,SK하이닉스,KR,KRW,25,2026-10-05T22:00:07+09:00,1841000.0,1473384.1410515313,1762087.6339742842,2114443.465483826,2593894.6719092396,3136782.2297126343,0.14852985631929716,0.68359375,0.31640625,1476023.1565876198,3133878.9072698834,1317010.6751007207,3387010.2008248405,0.20237108182635194,0.6425082660763562,25.58491111598676,LOW,"elasticnet,gru,huber,panel",elasticnet:0.438;gru:0.058;huber:0.219;panel:0.284,추세=상승추세(200MA 위);변동성=고변동;거래량=축소/보통;위험선호=위험회피;금리=상승;GMM레짐=LOW_VOL,"benchmark,bond,credit_trades,earnings,fx,investor_trading,kcs_memory,market_investor,ohlcv,program_trades,regime,securities_lending,short_selling",,1,2026-10-02,2026-10-05T21:56:55+09:00,1762087.6339742842,2593894.6719092396,2593894.6719092396,3136782.2297126343,1276277.102831727,0.07340819861659369,1.0,0.0,1.0,,0,1762087.6339742842,1.3332108113280488,0.051124651201183514,1558000.0,1935000.0,-0.06575229226483073,0.5984126984126984,0.2422666149898749,-0.06575229226483073,0.5984126984126984,0.2422666149898749,0.23544693551089482,-0.028964825828724727,0.6190476190476191,0.6666666666666666,0.6666666666666666,-0.06825396825396823,630.0,25.2,0.8994708994708994,0.8994708994708994,0.9682539682539683,0.9682539682539683,189.0,7.56,0.14979839646401139,1.0,"{'oos_evidence': 0.916515138991168, '_effective_oos_samples': 25.2, 'baseline_improvement': 0.0, '_baseline_skill': -0.028964825828724727, 'information_coefficient': 0.0, 'directional_accuracy': 0.0, '_direction_reference_accuracy': 0.6666666666666666, '_directional_edge': -0.06825396825396823, '_interval_effective_samples': 7.56, 'probability_calibration': 0.0008263286030074344, 'interval_coverage': 0.10518034119556458, 'fold_stability': 0.5361345685295371, 'recent_regime': 0.0, 'data_quantity': 1.0, 'data_freshness': 1.0, 'feature_completeness': 1.0, '_no_predictive_edge_cap': 1.0, '_predictive_edge_cap': 44.0}","σ 국면 계수 x1.00 (VIX 0.93)^0.05 | 최근 가중 학습: 반감기 4년 (fold 학습구간 끝 기준) | 패널 OOF 합류 (470행, 패널 실효표본 32) | 앙상블 가중치: NNLS 스태킹 (elasticnet:0.44,gru:0.06,huber:0.22,panel:0.28) | 채점용 OOF: cross-fitted 스태킹 6/10 fold (첫 fold 는 균등가중) — 최종 가중치는 OOF 전체 NNLS | conformal 잔차 최근 가중 (반감기 250거래일) | drift 축소(실효표본 25.2개): 중앙값 x0.72 | sigma_h 0.1980 (GARCH, 학습과 동일 추정량) | 실적 발표 10-26 예측기간 포함(추정) → 구간 ×1.02 (k=1.5)",본 출력은 통계 모델의 예측 분포이며 투자 조언이 아닙니다. 실제 투자 판단과 그 결과에 대한 책임은 이용자 본인에게 있습니다.
000660,SK하이닉스,KR,KRW,30,2026-10-05T22:00:07+09:00,1841000.0,1485263.1036683398,1698862.7247190604,2165499.7068581465,2737382.064800812,3214947.2705469583,0.1762627413678144,0.6666666666666666,0.33333333333333337,1486160.5906546388,3204512.4455407606,1255937.0954998373,3594578.560871807,0.22004394051613577,0.6377479285470844,24.595585675188,LOW,"elasticnet,gru,huber,panel",elasticnet:0.285;gru:0.232;huber:0.111;panel:0.372,추세=상승추세(200MA 위);변동성=고변동;거래량=축소/보통;위험선호=위험회피;금리=상승;GMM레짐=LOW_VOL,"benchmark,bond,credit_trades,earnings,fx,investor_trading,kcs_memory,market_investor,ohlcv,program_trades,regime,securities_lending,short_selling",,1,2026-10-02,2026-10-05T21:58:32+09:00,1698862.7247190604,2737382.064800812,2737382.064800812,3214947.2705469583,1276277.102831727,0.06934158398653563,1.0,0.0,1.0,,0,1698862.7247190604,1.5872954139022857,0.051124651201183514,1558000.0,1935000.0,-0.03336060547587816,0.5365079365079365,0.2730516474072102,-0.03336060547587816,0.5365079365079365,0.2730516474072102,0.25103213596265456,-0.08771590681055841,0.6507936507936508,0.665079365079365,0.665079365079365,-0.12857142857142856,630.0,21.0,0.8994708994708994,0.8994708994708994,0.9470899470899471,0.9470899470899471,189.0,6.3,0.2664861787586321,1.0,"{'oos_evidence': 0.8366600265340756, '_effective_oos_samples': 21.0, 'baseline_improvement': 0.0, '_baseline_skill': -0.08771590681055841, 'information_coefficient': 0.0, 'directional_accuracy': 0.0, '_direction_reference_accuracy': 0.665079365079365, '_directional_edge': -0.12857142857142856, '_interval_effective_samples': 6.3, 'probability_calibration': 0.0, 'interval_coverage': 0.09601607579816768, 'fold_stability': 0.5268824651865566, 'recent_regime': 0.0, 'data_quantity': 1.0, 'data_freshness': 1.0, 'feature_completeness': 1.0, '_no_predictive_edge_cap': 1.0, '_predictive_edge_cap': 44.0}","σ 국면 계수 x1.00 (VIX 0.93)^0.04 | 최근 가중 학습: 반감기 4년 (fold 학습구간 끝 기준) | 패널 OOF 합류 (470행, 패널 실효표본 27) | 앙상블 가중치: NNLS 스태킹 (elasticnet:0.28,gru:0.23,huber:0.11,panel:0.37) | NNLS 가 제외한 모델(중복/무기여): extra_trees,pls,random_forest,ridge | baseline은 비교용으로만 유지하고, 최종 예측은 ML/DL 앙상블을 사용 | 채점용 OOF: cross-fitted 스태킹 6/10 fold (첫 fold 는 균등가중) — 최종 가중치는 OOF 전체 NNLS | conformal 잔차 최근 가중 (반감기 250거래일) | drift 축소(실효표본 21.0개): 중앙값 x0.68 | sigma_h 0.2161 (GARCH, 학습과 동일 추정량) | 실적 발표 10-26 예측기간 포함(추정) → 구간 ×1.02 (k=1.5)",본 출력은 통계 모델의 예측 분포이며 투자 조언이 아닙니다. 실제 투자 판단과 그 결과에 대한 책임은 이용자 본인에게 있습니다.
MU,마이크론 테크놀로지,US,USD,5,2026-10-05T22:11:13+09:00,1070.421,1004.5245872320388,1058.5993412384585,1103.723850557859,1163.5420421398135,1211.5686782453956,0.031111918168513997,0.6163021868787276,0.3836978131212724,1005.0521665941254,1210.81990713015,983.8987592962828,1244.479569756908,0.05993781139024475,0.4255162490508778,38.787739610368845,LOW,"elasticnet,gru,panel,ridge",elasticnet:0.787;gru:0.121;panel:0.051;ridge:0.042,추세=상승추세(200MA 위);변동성=중간변동;거래량=축소/보통;위험선호=위험선호;금리=상승;GMM레짐=NORMAL,"benchmark,bond,earnings,fx,kcs_memory,ohlcv,regime",,1,2026-10-05,2026-10-05T22:00:11+09:00,1058.5993412384585,1163.5420421398135,1163.5420421398135,1211.5686782453956,869.9368642651732,0.024203463046170905,1.0,0.0,1.0,,0,1058.5993412384585,0.4644808518065553,0.04188035884136872,902.6,1108.72,-0.007279937717152224,0.4984126984126984,0.10030001397901481,-0.007279937717152224,0.4984126984126984,0.10030001397901481,0.09704322015019541,-0.03356024072345076,0.5904761904761905,0.5904761904761905,0.5904761904761905,-0.09206349206349207,630.0,126.0,0.7777777777777778,0.7777777777777778,0.9259259259259259,0.9259259259259259,189.0,37.8,0.07508405462334511,1.0,"{'oos_evidence': 1.0, '_effective_oos_samples': 126.0, 'baseline_improvement': 0.0, '_baseline_skill': -0.03356024072345076, 'information_coefficient': 0.0, 'directional_accuracy': 0.0, '_direction_reference_accuracy': 0.5904761904761905, '_directional_edge': -0.09206349206349207, '_interval_effective_samples': 37.8, 'probability_calibration': 0.4994396358443659, 'interval_coverage': 0.8148148148148145, 'fold_stability': 0.6644074375465776, 'recent_regime': 0.0, 'data_quantity': 1.0, 'data_freshness': 1.0, 'feature_completeness': 1.0, '_no_predictive_edge_cap': 1.0, '_predictive_edge_cap': 44.0}","σ 국면 계수 x0.98 (VIX 0.93)^0.23 | 최근 가중 학습: 반감기 4년 (fold 학습구간 끝 기준) | 패널 OOF 합류 (489행, 패널 실효표본 160) | 앙상블 가중치: NNLS 스태킹 (elasticnet:0.79,gru:0.12,panel:0.05,ridge:0.04) | 채점용 OOF: cross-fitted 스태킹 7/10 fold (첫 fold 는 균등가중) — 최종 가중치는 OOF 전체 NNLS | conformal 잔차 최근 가중 (반감기 250거래일) | drift 축소(실효표본 126.0개): 중앙값 x0.93 | 라이브 보정 x0.86 (최근 20앵커 80% 적중 91%) | sigma_h 0.0599 (GARCH, 학습과 동일 추정량)",본 출력은 통계 모델의 예측 분포이며 투자 조언이 아닙니다. 실제 투자 판단과 그 결과에 대한 책임은 이용자 본인에게 있습니다.
MU,마이크론 테크놀로지,US,USD,10,2026-10-05T22:11:13+09:00,1070.421,989.0380926796398,1042.8734986355523,1109.4966113096782,1172.103901988539,1237.244331283302,0.03650489976343718,0.6256410256410256,0.37435897435897436,989.1963615251472,1237.014287054496,954.3585755560335,1293.470850623415,0.07980273445522734,0.40060654756081376,37.76465010775564,LOW,"elasticnet,gru,panel",elasticnet:0.599;gru:0.266;panel:0.134,추세=상승추세(200MA 위);변동성=중간변동;거래량=축소/보통;위험선호=위험선호;금리=상승;GMM레짐=NORMAL,"benchmark,bond,earnings,fx,kcs_memory,ohlcv,regime",,1,2026-10-05,2026-10-05T22:02:08+09:00,1042.8734986355523,1172.103901988539,1172.103901988539,1237.244331283302,801.4433064519795,0.013701148418992976,1.0,0.0,1.0,,0,1042.8734986355523,0.37803470112061766,0.04188035884136872,902.6,1108.72,-0.014979725560503039,0.5349206349206349,0.13883017966961603,-0.014979725560503039,0.5349206349206349,0.13883017966961603,0.1361785075576633,-0.019472030935791418,0.6158730158730159,0.6158730158730159,0.6158730158730159,-0.080952380952381,630.0,63.0,0.8571428571428571,0.8571428571428571,0.9259259259259259,0.9259259259259259,189.0,18.9,0.02894201353431776,1.0,"{'oos_evidence': 1.0, '_effective_oos_samples': 63.0, 'baseline_improvement': 0.0, '_baseline_skill': -0.019472030935791418, 'information_coefficient': 0.0, 'directional_accuracy': 0.0, '_direction_reference_accuracy': 0.6158730158730159, '_directional_edge': -0.080952380952381, '_interval_effective_samples': 18.9, 'probability_calibration': 0.7845454197554548, 'interval_coverage': 0.5092010548749041, 'fold_stability': 0.6396276200962965, 'recent_regime': 0.0, 'data_quantity': 1.0, 'data_freshness': 1.0, 'feature_completeness': 1.0, '_no_predictive_edge_cap': 1.0, '_predictive_edge_cap': 44.0}","σ 국면 계수 x0.99 (VIX 0.93)^0.15 | 최근 가중 학습: 반감기 4년 (fold 학습구간 끝 기준) | 패널 OOF 합류 (489행, 패널 실효표본 80) | 앙상블 가중치: NNLS 스태킹 (elasticnet:0.60,gru:0.27,panel:0.13) | 채점용 OOF: cross-fitted 스태킹 7/10 fold (첫 fold 는 균등가중) — 최종 가중치는 OOF 전체 NNLS | conformal 잔차 최근 가중 (반감기 250거래일) | drift 축소(실효표본 63.0개): 중앙값 x0.86 | 라이브 보정 x0.80 (최근 20앵커 80% 적중 95%) | sigma_h 0.0798 (GARCH, 학습과 동일 추정량)",본 출력은 통계 모델의 예측 분포이며 투자 조언이 아닙니다. 실제 투자 판단과 그 결과에 대한 책임은 이용자 본인에게 있습니다.
MU,마이크론 테크놀로지,US,USD,15,2026-10-05T22:11:13+09:00,1070.421,958.9596587219613,1048.3385636863316,1132.0821986646051,1264.546998025885,1388.5606516625655,0.0576046234748806,0.6396825396825396,0.36031746031746037,959.8574774554983,1386.4002693281386,911.5484671879739,1464.300340946939,0.12268419637864318,0.5028555680213102,31.734478873383676,LOW,"elasticnet,panel",elasticnet:0.637;panel:0.363,추세=상승추세(200MA 위);변동성=중간변동;거래량=축소/보통;위험선호=위험선호;금리=상승;GMM레짐=NORMAL,"benchmark,bond,earnings,fx,kcs_memory,ohlcv,regime",,1,2026-10-05,2026-10-05T22:03:56+09:00,1048.3385636863316,1264.546998025885,1264.546998025885,1388.5606516625655,801.4433064519795,0.02482181059190118,1.0,0.0,1.0,,0,1048.3385636863316,0.7217178326768112,0.04188035884136872,902.6,1108.72,-0.03936217910301997,0.5365079365079365,0.17054546819077315,-0.03936217910301997,0.5365079365079365,0.17054546819077315,0.16713529681320713,-0.02040365765094654,0.6396825396825396,0.6396825396825396,0.6396825396825396,-0.10317460317460314,630.0,42.0,0.8941798941798942,0.8941798941798942,0.9417989417989417,0.9417989417989417,189.0,12.6,0.05367547536409268,1.0,"{'oos_evidence': 1.0, '_effective_oos_samples': 42.0, 'baseline_improvement': 0.0, '_baseline_skill': -0.02040365765094654, 'information_coefficient': 0.0, 'directional_accuracy': 0.0, '_direction_reference_accuracy': 0.6396825396825396, '_directional_edge': -0.10317460317460314, '_interval_effective_samples': 12.6, 'probability_calibration': 0.5097014746862505, 'interval_coverage': 0.17078394706342886, 'fold_stability': 0.5949027605259383, 'recent_regime': 0.0, 'data_quantity': 1.0, 'data_freshness': 1.0, 'feature_completeness': 1.0, '_no_predictive_edge_cap': 1.0, '_predictive_edge_cap': 44.0}","σ 국면 계수 x0.99 (VIX 0.93)^0.1 | 최근 가중 학습: 반감기 4년 (fold 학습구간 끝 기준) | 패널 OOF 합류 (489행, 패널 실효표본 53) | 앙상블 가중치: NNLS 스태킹 (elasticnet:0.64,panel:0.36) | 채점용 OOF: cross-fitted 스태킹 7/10 fold (첫 fold 는 균등가중) — 최종 가중치는 OOF 전체 NNLS | conformal 잔차 최근 가중 (반감기 250거래일) | drift 축소(실효표본 42.0개): 중앙값 x0.81 | sigma_h 0.1227 (GARCH, 학습과 동일 추정량)",본 출력은 통계 모델의 예측 분포이며 투자 조언이 아닙니다. 실제 투자 판단과 그 결과에 대한 책임은 이용자 본인에게 있습니다.
MU,마이크론 테크놀로지,US,USD,20,2026-10-05T22:11:13+09:00,1070.421,1036.4216057780793,1136.345153071031,1235.610391270213,1423.3640787150423,1596.042538282264,0.15432188949040904,0.6769230769230768,0.32307692307692315,1038.064760957585,1589.4435373870624,992.7541457228559,1707.8391315894921,0.14267629388020212,0.5064506026513459,38.059702711492456,LOW,"elasticnet,gru,huber,panel",elasticnet:0.715;gru:0.148;huber:0.034;panel:0.102,추세=상승추세(200MA 위);변동성=중간변동;거래량=축소/보통;위험선호=위험선호;금리=상승;GMM레짐=NORMAL,"benchmark,bond,earnings,fx,kcs_memory,ohlcv,regime",,1,2026-10-05,2026-10-05T22:05:43+09:00,1136.345153071031,1423.3640787150423,1423.3640787150423,1596.042538282264,801.4433064519795,0.11046960804055823,1.0,0.0,1.0,,0,1136.345153071031,1.312164864154549,0.04188035884136872,902.6,1108.72,0.07825306162213033,0.5603174603174603,0.20096473608309043,0.07825306162213033,0.5603174603174603,0.20096473608309043,0.2000401234422916,-0.00462213592397398,0.6253968253968254,0.6253968253968254,0.6253968253968254,-0.06507936507936507,630.0,31.5,0.8095238095238095,0.8095238095238095,0.8941798941798942,0.8941798941798942,189.0,9.45,0.08596178114736291,1.0,"{'oos_evidence': 1.0, '_effective_oos_samples': 31.5, 'baseline_improvement': 0.0, '_baseline_skill': -0.00462213592397398, 'information_coefficient': 0.2195971095420903, 'directional_accuracy': 0.0, '_direction_reference_accuracy': 0.6253968253968254, '_directional_edge': -0.06507936507936507, '_interval_effective_samples': 9.45, 'probability_calibration': 0.2934599852623575, 'interval_coverage': 0.6328318816843781, 'fold_stability': 0.5870150259876366, 'recent_regime': 0.0, 'data_quantity': 1.0, 'data_freshness': 1.0, 'feature_completeness': 1.0}","σ 국면 계수 x1.00 (VIX 0.93)^0.07 | 최근 가중 학습: 반감기 4년 (fold 학습구간 끝 기준) | 패널 OOF 합류 (490행, 패널 실효표본 40) | 앙상블 가중치: NNLS 스태킹 (elasticnet:0.72,gru:0.15,huber:0.03,panel:0.10) | NNLS 가 제외한 모델(중복/무기여): random_forest | 채점용 OOF: cross-fitted 스태킹 7/10 fold (첫 fold 는 균등가중) — 최종 가중치는 OOF 전체 NNLS | conformal 잔차 최근 가중 (반감기 250거래일) | drift 축소(실효표본 31.5개): 중앙값 x0.76 | sigma_h 0.1427 (GARCH, 학습과 동일 추정량)",본 출력은 통계 모델의 예측 분포이며 투자 조언이 아닙니다. 실제 투자 판단과 그 결과에 대한 책임은 이용자 본인에게 있습니다.
MU,마이크론 테크놀로지,US,USD,25,2026-10-05T22:11:13+09:00,1070.421,1025.0376478930586,1119.585964078731,1241.3818240471742,1502.2463768285222,1670.4263087282065,0.1597136304754616,0.7962962962962963,0.20370370370370372,1026.1163972512227,1668.7742996730005,958.3263681097907,1790.238276454679,0.1604999260989001,0.5095714678823218,37.1993781960208,LOW,"elasticnet,huber,lgbm_linear,panel,random_forest",elasticnet:0.384;huber:0.122;lgbm_linear:0.036;panel:0.382;random_forest:0.077,추세=상승추세(200MA 위);변동성=중간변동;거래량=축소/보통;위험선호=위험선호;금리=상승;GMM레짐=NORMAL,"benchmark,bond,earnings,fx,kcs_memory,ohlcv,regime",,1,2026-10-05,2026-10-05T22:07:32+09:00,1119.585964078731,1502.2463768285222,1502.2463768285222,1670.4263087282065,801.4433064519795,0.11457623549984335,1.0,0.0,1.0,,0,1119.585964078731,1.6054319268353325,0.04188035884136872,902.6,1108.72,0.11726248215480994,0.5301587301587302,0.227751827294007,0.11726248215480994,0.5301587301587302,0.227751827294007,0.22107290009228606,-0.030211424371475948,0.5936507936507937,0.6523809523809524,0.6523809523809524,-0.12222222222222223,630.0,25.2,0.8359788359788359,0.8359788359788359,0.8941798941798942,0.8941798941798942,189.0,7.56,0.050999919135265664,1.0,"{'oos_evidence': 0.916515138991168, '_effective_oos_samples': 25.2, 'baseline_improvement': 0.0, '_baseline_skill': -0.030211424371475948, 'information_coefficient': 0.29432649429328456, 'directional_accuracy': 0.0, '_direction_reference_accuracy': 0.6523809523809524, '_directional_edge': -0.12222222222222223, '_interval_effective_samples': 7.56, 'probability_calibration': 0.40577958177878065, 'interval_coverage': 0.43048036551174235, 'fold_stability': 0.57739625880689, 'recent_regime': 0.0, 'data_quantity': 1.0, 'data_freshness': 1.0, 'feature_completeness': 1.0}","σ 국면 계수 x1.00 (VIX 0.93)^0.05 | 최근 가중 학습: 반감기 4년 (fold 학습구간 끝 기준) | 패널 OOF 합류 (490행, 패널 실효표본 32) | 앙상블 가중치: NNLS 스태킹 (elasticnet:0.38,huber:0.12,lgbm_linear:0.04,panel:0.38,random_forest:0.08) | 채점용 OOF: cross-fitted 스태킹 7/10 fold (첫 fold 는 균등가중) — 최종 가중치는 OOF 전체 NNLS | conformal 잔차 최근 가중 (반감기 250거래일) | drift 축소(실효표본 25.2개): 중앙값 x0.72 | sigma_h 0.1605 (GARCH, 학습과 동일 추정량)",본 출력은 통계 모델의 예측 분포이며 투자 조언이 아닙니다. 실제 투자 판단과 그 결과에 대한 책임은 이용자 본인에게 있습니다.
MU,마이크론 테크놀로지,US,USD,30,2026-10-05T22:11:13+09:00,1070.421,1000.3398215566859,1130.2088788514316,1277.9138540802358,1578.437266623107,1859.407950977642,0.19384228642770984,0.6824561403508772,0.3175438596491228,1001.0607108897094,1855.190715556261,927.5558534553801,1986.9065821113336,0.17673212208714123,0.5122183528636624,30.697120507923398,LOW,"elasticnet,huber,panel,xgboost",elasticnet:0.519;huber:0.117;panel:0.338;xgboost:0.026,추세=상승추세(200MA 위);변동성=중간변동;거래량=축소/보통;위험선호=위험선호;금리=상승;GMM레짐=NORMAL,"benchmark,bond,earnings,fx,kcs_memory,ohlcv,regime",,1,2026-10-05,2026-10-05T22:09:19+09:00,1130.2088788514316,1578.437266623107,1578.437266623107,1859.407950977642,801.4433064519795,0.1227439048257639,1.0,0.0,1.0,,0,1130.2088788514316,1.8886929243908137,0.04188035884136872,902.6,1108.72,-0.06976238047366974,0.5285714285714286,0.2685586690301426,-0.06976238047366974,0.5285714285714286,0.2685586690301426,0.24164982195976106,-0.1113547150672527,0.626984126984127,0.6682539682539682,0.6682539682539682,-0.13968253968253963,630.0,21.0,0.8201058201058201,0.8201058201058201,0.873015873015873,0.873015873015873,189.0,6.3,0.0871591263058622,1.0,"{'oos_evidence': 0.8366600265340756, '_effective_oos_samples': 21.0, 'baseline_improvement': 0.0, '_baseline_skill': -0.1113547150672527, 'information_coefficient': 0.0, 'directional_accuracy': 0.0, '_direction_reference_accuracy': 0.6682539682539682, '_directional_edge': -0.13968253968253963, '_interval_effective_samples': 6.3, 'probability_calibration': 0.23512901924899896, 'interval_coverage': 0.4672122451209791, 'fold_stability': 0.5777365637380857, 'recent_regime': 0.0, 'data_quantity': 1.0, 'data_freshness': 1.0, 'feature_completeness': 1.0, '_no_predictive_edge_cap': 1.0, '_predictive_edge_cap': 44.0}","σ 국면 계수 x1.00 (VIX 0.93)^0.04 | 최근 가중 학습: 반감기 4년 (fold 학습구간 끝 기준) | 패널 OOF 합류 (490행, 패널 실효표본 27) | 앙상블 가중치: NNLS 스태킹 (elasticnet:0.52,huber:0.12,panel:0.34,xgboost:0.03) | NNLS 가 제외한 모델(중복/무기여): random_forest | 채점용 OOF: cross-fitted 스태킹 7/10 fold (첫 fold 는 균등가중) — 최종 가중치는 OOF 전체 NNLS | conformal 잔차 최근 가중 (반감기 250거래일) | drift 축소(실효표본 21.0개): 중앙값 x0.68 | sigma_h 0.1767 (GARCH, 학습과 동일 추정량)",본 출력은 통계 모델의 예측 분포이며 투자 조언이 아닙니다. 실제 투자 판단과 그 결과에 대한 책임은 이용자 본인에게 있습니다.
SNDK,샌디스크,US,USD,5,2026-10-05T22:11:36+09:00,1725.32,1600.8849601622755,1694.3386275237137,1805.4690769350323,1939.6587898192345,2046.6632854992188,0.04645461533804296,0.8461538461538461,0.15384615384615385,1620.0618220924796,2035.507480861037,1535.3129151813264,2065.869480390303,0.10206403995437452,0.7245828040266559,35.58184645836429,LOW,"elasticnet,hist_gbm,lightgbm,panel,pls,ridge",elasticnet:0.431;hist_gbm:0.041;lightgbm:0.034;panel:0.128;pls:0.300;ridge:0.066,추세=상승추세(200MA 위);변동성=저변동;거래량=축소/보통;위험선호=위험선호;금리=상승;GMM레짐=NORMAL,"benchmark,bond,earnings,fx,kcs_memory,ohlcv,regime",,1,2026-10-05,2026-10-05T22:11:13+09:00,1694.3386275237137,1939.6587898192345,1939.6587898192345,2046.6632854992188,1301.7707417362399,0.06135493353528204,1.0,0.0,1.0,,0,1694.3386275237137,0.5060539846011434,0.05489329129073922,1504.2,1909.48,0.17413123359580054,0.5952380952380952,0.15589172207215476,0.17413123359580054,0.5952380952380952,0.15589172207215476,0.15589959480734783,5.049875339824261e-05,0.5952380952380952,0.5952380952380952,0.5952380952380952,0.0,126.0,25.2,0.9473684210526315,0.9473684210526315,0.9736842105263158,0.9736842105263158,38.0,7.6,0.018378131013348113,1.0,"{'oos_evidence': 0.916515138991168, '_effective_oos_samples': 25.2, 'baseline_improvement': 0.002314143599483552, '_baseline_skill': 5.049875339824261e-05, 'information_coefficient': 0.4370659275620214, 'directional_accuracy': 0.0, '_direction_reference_accuracy': 0.5952380952380952, '_directional_edge': 0.0, '_interval_effective_samples': 7.6, 'probability_calibration': 0.5409144615188433, 'interval_coverage': 0.0, 'fold_stability': 0.7455298237717788, 'recent_regime': 0.0, 'data_quantity': 0.401, 'data_freshness': 1.0, 'feature_completeness': 1.0}","σ 국면 계수 x0.98 (VIX 0.93)^0.23 | 최근 가중 학습: 반감기 4년 (fold 학습구간 끝 기준) | 패널 OOF 합류 (330행, 패널 실효표본 160) | 앙상블 가중치: NNLS 스태킹 (elasticnet:0.43,hist_gbm:0.04,lightgbm:0.03,panel:0.13,pls:0.30,ridge:0.07) | 채점용 OOF: cross-fitted 스태킹 1/2 fold (첫 fold 는 균등가중) — 최종 가중치는 OOF 전체 NNLS | conformal 잔차 최근 가중 (반감기 250거래일) | drift 축소(실효표본 25.2개): 중앙값 x0.72 | 라이브 보정 x0.86 (최근 20앵커 80% 적중 91%) | sigma_h 0.1021 (GARCH, 학습과 동일 추정량)",본 출력은 통계 모델의 예측 분포이며 투자 조언이 아닙니다. 실제 투자 판단과 그 결과에 대한 책임은 이용자 본인에게 있습니다.
SNDK,샌디스크,US,USD,10,2026-10-05T22:11:36+09:00,1725.32,1763.1385218957294,1911.0031035711393,2049.515023578029,2237.192961018824,2365.653118097125,0.18790428649643487,0.98,0.020000000000000018,1784.5636406762544,2340.955635327211,1664.0530944905806,2421.9884739750673,0.1351336539708902,0.6783655591015895,23.352139413207333,LOW,"elasticnet,extra_trees,panel,pls",elasticnet:0.203;extra_trees:0.025;panel:0.079;pls:0.693,추세=상승추세(200MA 위);변동성=저변동;거래량=축소/보통;위험선호=위험선호;금리=상승;GMM레짐=NORMAL,"benchmark,bond,earnings,fx,kcs_memory,ohlcv,regime",,1,2026-10-05,2026-10-05T22:11:22+09:00,1911.0031035711393,2237.192961018824,2237.192961018824,2365.653118097125,1157.0690400215708,0.19107114415736318,1.0,0.0,1.0,,0,1911.0031035711393,0.9007867950425544,0.05489329129073922,1504.2,1909.48,0.047919010123734535,0.6825396825396826,0.2071671072831538,0.047919010123734535,0.6825396825396826,0.2071671072831538,0.19991894642609234,-0.03625549747352741,0.6825396825396826,0.6825396825396826,0.6825396825396826,0.0,126.0,12.6,1.0,1.0,1.0,1.0,38.0,3.8,0.12197401140612985,1.0,"{'oos_evidence': 0.648074069840786, '_effective_oos_samples': 12.6, 'baseline_improvement': 0.0, '_baseline_skill': -0.03625549747352741, 'information_coefficient': 0.08150813363565838, 'directional_accuracy': 0.0, '_direction_reference_accuracy': 0.6825396825396826, '_directional_edge': 0.0, '_interval_effective_samples': 3.8, 'probability_calibration': 0.08144163471566902, 'interval_coverage': 0.0, 'fold_stability': 0.7331735498903587, 'recent_regime': 0.0, 'data_quantity': 0.396, 'data_freshness': 1.0, 'feature_completeness': 1.0}","σ 국면 계수 x0.99 (VIX 0.93)^0.15 | 최근 가중 학습: 반감기 4년 (fold 학습구간 끝 기준) | 패널 OOF 합류 (325행, 패널 실효표본 80) | 앙상블 가중치: NNLS 스태킹 (elasticnet:0.20,extra_trees:0.02,panel:0.08,pls:0.69) | NNLS 가 제외한 모델(중복/무기여): ridge | 채점용 OOF: cross-fitted 스태킹 1/2 fold (첫 fold 는 균등가중) — 최종 가중치는 OOF 전체 NNLS | conformal 잔차 최근 가중 (반감기 250거래일) | drift 축소(실효표본 12.6개): 중앙값 x0.56 | 라이브 보정 x0.80 (최근 20앵커 80% 적중 95%) | sigma_h 0.1351 (GARCH, 학습과 동일 추정량)",본 출력은 통계 모델의 예측 분포이며 투자 조언이 아닙니다. 실제 투자 판단과 그 결과에 대한 책임은 이용자 본인에게 있습니다.
SNDK,샌디스크,US,USD,15,2026-10-05T22:11:36+09:00,1725.32,1513.0538312454246,1679.0458915116153,1867.547850528698,2036.943723818905,2147.2467512323487,0.08243563543499066,0.98,0.020000000000000018,1562.5758689927175,2121.784057889441,1448.3915062916803,2226.1637233762713,0.20665352725075864,0.8470274077401656,14.73626094966318,LOW,"panel,pls,ridge",panel:0.092;pls:0.885;ridge:0.024,추세=상승추세(200MA 위);변동성=저변동;거래량=축소/보통;위험선호=위험선호;금리=상승;GMM레짐=NORMAL,"benchmark,bond,earnings,fx,kcs_memory,ohlcv,regime",,1,2026-10-05,2026-10-05T22:11:27+09:00,1679.0458915116153,2036.943723818905,2036.943723818905,2147.2467512323487,1157.0690400215708,0.1227108055897947,1.0,0.0,1.0,,0,1679.0458915116153,0.5483910204581693,0.05489329129073922,1504.2,1909.48,0.20924539170506912,0.49206349206349204,0.33012884381841484,0.20924539170506912,0.49206349206349204,0.33012884381841484,0.22591018074350722,-0.4613278725726615,0.5079365079365079,0.5079365079365079,0.5079365079365079,-0.015873015873015872,63.0,4.2,1.0,1.0,1.0,1.0,20.0,1.3333333333333333,0.3022667186748893,1.0,"{'oos_evidence': 0.37416573867739417, '_effective_oos_samples': 4.2, 'baseline_improvement': 0.0, '_baseline_skill': -0.4613278725726615, 'information_coefficient': 0.21441272268057743, 'directional_accuracy': 0.0, '_direction_reference_accuracy': 0.5079365079365079, '_directional_edge': -0.015873015873015872, '_interval_effective_samples': 1.3333333333333333, 'probability_calibration': 0.0, 'interval_coverage': 0.0, 'fold_stability': 0.0, 'recent_regime': 0.0, 'data_quantity': 0.391, 'data_freshness': 1.0, 'feature_completeness': 1.0}","σ 국면 계수 x0.99 (VIX 0.93)^0.1 | 최근 가중 학습: 반감기 4년 (fold 학습구간 끝 기준) | 패널 OOF 합류 (320행, 패널 실효표본 53) | 앙상블 가중치: NNLS 스태킹 (panel:0.09,pls:0.88,ridge:0.02) | NNLS 가 제외한 모델(중복/무기여): elasticnet,extra_trees,xgboost | baseline은 비교용으로만 유지하고, 최종 예측은 ML/DL 앙상블을 사용 | 채점용 OOF: cross-fitted 스태킹 0/1 fold (첫 fold 는 균등가중) — 최종 가중치는 OOF 전체 NNLS | conformal 잔차 최근 가중 (반감기 250거래일) | drift 축소(실효표본 4.2개): 중앙값 x0.30 | sigma_h 0.2067 (GARCH, 학습과 동일 추정량)",본 출력은 통계 모델의 예측 분포이며 투자 조언이 아닙니다. 실제 투자 판단과 그 결과에 대한 책임은 이용자 본인에게 있습니다.
SNDK,샌디스크,US,USD,20,2026-10-05T22:11:36+09:00,1725.32,1515.9151855447935,1663.9542405697684,2086.6402001042957,2241.0743183021605,2457.550796419975,0.20942213624388284,0.6666666666666666,0.33333333333333337,1529.2092900979499,2405.34722835566,1459.0024313374179,2540.611576335105,0.23913309560381862,0.8488382834230674,16.35609074644594,LOW,ridge,ridge:1.000,추세=상승추세(200MA 위);변동성=저변동;거래량=축소/보통;위험선호=위험선호;금리=상승;GMM레짐=NORMAL,"benchmark,bond,earnings,fx,kcs_memory,ohlcv,regime",,1,2026-10-05,2026-10-05T22:11:30+09:00,1663.9542405697684,2241.0743183021605,2241.0743183021605,2457.550796419975,1157.0690400215708,0.23448905307494208,1.0,0.0,1.0,,0,1663.9542405697684,0.9076171526779975,0.05489329129073922,1504.2,1909.48,0.30054723502304154,0.5396825396825397,0.4446652548407488,0.30054723502304154,0.5396825396825397,0.4446652548407488,0.27231131955567384,-0.6329297495465933,0.4603174603174603,0.5396825396825397,0.5396825396825397,0.0,63.0,3.15,0.85,0.85,0.9,0.9,20.0,1.0,0.3996004294779439,1.0,"{'oos_evidence': 0.324037034920393, '_effective_oos_samples': 3.15, 'baseline_improvement': 0.0, '_baseline_skill': -0.6329297495465933, 'information_coefficient': 0.26670921314794577, 'directional_accuracy': 0.0, '_direction_reference_accuracy': 0.5396825396825397, '_directional_edge': 0.0, '_interval_effective_samples': 1.0, 'probability_calibration': 0.0, 'interval_coverage': 0.13043729868748785, 'fold_stability': 0.0, 'recent_regime': 0.0, 'data_quantity': 0.386, 'data_freshness': 1.0, 'feature_completeness': 1.0}","σ 국면 계수 x1.00 (VIX 0.93)^0.07 | 최근 가중 학습: 반감기 4년 (fold 학습구간 끝 기준) | 패널 OOF 합류 (315행, 패널 실효표본 40) | 앙상블 가중치: NNLS 스태킹 (ridge:1.00) | NNLS 가 제외한 모델(중복/무기여): catboost,extra_trees,lightgbm,panel,pls,xgboost | baseline은 비교용으로만 유지하고, 최종 예측은 ML/DL 앙상블을 사용 | 채점용 OOF: cross-fitted 스태킹 0/1 fold (첫 fold 는 균등가중) — 최종 가중치는 OOF 전체 NNLS | conformal 잔차 최근 가중 (반감기 250거래일) | drift 축소(실효표본 3.1개): 중앙값 x0.24 | sigma_h 0.2391 (GARCH, 학습과 동일 추정량)",본 출력은 통계 모델의 예측 분포이며 투자 조언이 아닙니다. 실제 투자 판단과 그 결과에 대한 책임은 이용자 본인에게 있습니다.
SNDK,샌디스크,US,USD,25,2026-10-05T22:11:36+09:00,1725.32,1354.0623889646774,1506.8812175646588,1832.8136329202237,1991.2125122264588,2126.231801101099,0.06230359175122513,0.7777777777777778,0.2222222222222222,1362.968152571084,2109.947296531653,1249.5595460803975,2151.2013048345775,0.2842602665077622,0.9024983673557782,19.521301620516034,LOW,pls,pls:1.000,추세=상승추세(200MA 위);변동성=저변동;거래량=축소/보통;위험선호=위험선호;금리=상승;GMM레짐=NORMAL,"benchmark,bond,earnings,fx,kcs_memory,ohlcv,regime",,1,2026-10-05,2026-10-05T22:11:32+09:00,1506.8812175646588,1991.2125122264588,1991.2125122264588,2126.231801101099,1157.0690400215708,0.1086425538414442,1.0,0.0,1.0,,0,1535.9030133405236,0.467913881283284,0.05489329129073922,1504.2,1909.48,0.5589957757296466,0.5238095238095238,0.47282670318349995,0.5589957757296466,0.5238095238095238,0.47282670318349995,0.275686641466076,-0.7150874654972448,0.47619047619047616,0.5238095238095238,0.5238095238095238,0.0,63.0,2.52,0.8,0.8,1.0,1.0,20.0,0.8,0.6196996514028213,1.0,"{'oos_evidence': 0.28982753492378877, '_effective_oos_samples': 2.52, 'baseline_improvement': 0.0, '_baseline_skill': -0.7150874654972448, 'information_coefficient': 0.4436891419548841, 'directional_accuracy': 0.0, '_direction_reference_accuracy': 0.5238095238095238, '_directional_edge': 0.0, '_interval_effective_samples': 0.8, 'probability_calibration': 0.0, 'interval_coverage': 0.2, 'fold_stability': 0.0, 'recent_regime': 0.0, 'data_quantity': 0.381, 'data_freshness': 1.0, 'feature_completeness': 1.0}","σ 국면 계수 x1.00 (VIX 0.93)^0.05 | 최근 가중 학습: 반감기 4년 (fold 학습구간 끝 기준) | 패널 OOF 합류 (310행, 패널 실효표본 32) | 앙상블 가중치: NNLS 스태킹 (pls:1.00) | NNLS 가 제외한 모델(중복/무기여): catboost,extra_trees,lightgbm,panel,xgboost | baseline은 비교용으로만 유지하고, 최종 예측은 ML/DL 앙상블을 사용 | 채점용 OOF: cross-fitted 스태킹 0/1 fold (첫 fold 는 균등가중) — 최종 가중치는 OOF 전체 NNLS | conformal 잔차 최근 가중 (반감기 250거래일) | drift 축소(실효표본 2.5개): 중앙값 x0.20 | sigma_h 0.2677 (GARCH, 학습과 동일 추정량) | 실적 발표 11-05 예측기간 포함(추정) → 구간 ×1.06 (k=2.0)",본 출력은 통계 모델의 예측 분포이며 투자 조언이 아닙니다. 실제 투자 판단과 그 결과에 대한 책임은 이용자 본인에게 있습니다.
SNDK,샌디스크,US,USD,30,2026-10-05T22:11:36+09:00,1725.32,1185.0851553912146,1412.3719204935674,1660.0718400146454,1858.010690046452,2089.4582215524833,-0.03781800476743702,0.6630210425939307,0.3369789574060693,1211.4813183612036,2080.7350550130554,1130.0328722207146,2147.6501037819826,0.30866872043199356,0.8946069435088481,17.31196401165822,LOW,pls,pls:1.000,추세=상승추세(200MA 위);변동성=저변동;거래량=축소/보통;위험선호=위험선호;금리=상승;GMM레짐=NORMAL,"benchmark,bond,earnings,fx,kcs_memory,ohlcv,regime",,1,2026-10-05,2026-10-05T22:11:34+09:00,1412.3719204935674,1858.010690046452,1858.010690046452,2089.4582215524833,1157.0690400215708,0.021598161684398154,1.0,0.0,1.0,,0,1535.9030133405236,0.23350719909296602,0.05489329129073922,1504.2,1909.48,0.6177995391705069,0.49206349206349204,0.5612922704035211,0.6177995391705069,0.49206349206349204,0.5612922704035211,0.2955967817846855,-0.8988443210196038,0.5079365079365079,0.5079365079365079,0.5079365079365079,-0.015873015873015872,63.0,2.1,0.35,0.35,0.5,0.5,20.0,0.6666666666666666,0.7411132599609539,1.0,"{'oos_evidence': 0.2645751311064591, '_effective_oos_samples': 2.1, 'baseline_improvement': 0.0, '_baseline_skill': -0.8988443210196038, 'information_coefficient': 0.4476382937871018, 'directional_accuracy': 0.0, '_direction_reference_accuracy': 0.5079365079365079, '_directional_edge': -0.015873015873015872, '_interval_effective_samples': 0.6666666666666666, 'probability_calibration': 0.0, 'interval_coverage': 0.0, 'fold_stability': 0.0, 'recent_regime': 0.0, 'data_quantity': 0.376, 'data_freshness': 1.0, 'feature_completeness': 1.0}","σ 국면 계수 x1.00 (VIX 0.93)^0.04 | 최근 가중 학습: 반감기 4년 (fold 학습구간 끝 기준) | 패널 OOF 합류 (305행, 패널 실효표본 27) | 앙상블 가중치: NNLS 스태킹 (pls:1.00) | NNLS 가 제외한 모델(중복/무기여): elasticnet,extra_trees,lightgbm,panel,ridge | baseline은 비교용으로만 유지하고, 최종 예측은 ML/DL 앙상블을 사용 | 채점용 OOF: cross-fitted 스태킹 0/1 fold (첫 fold 는 균등가중) — 최종 가중치는 OOF 전체 NNLS | conformal 잔차 최근 가중 (반감기 250거래일) | drift 축소(실효표본 2.1개): 중앙값 x0.17 | sigma_h 0.2935 (GARCH, 학습과 동일 추정량) | 실적 발표 11-05 예측기간 포함(추정) → 구간 ×1.05 (k=2.0)",본 출력은 통계 모델의 예측 분포이며 투자 조언이 아닙니다. 실제 투자 판단과 그 결과에 대한 책임은 이용자 본인에게 있습니다.
STX,씨게이트,US,USD,5,2026-10-05T22:24:00+09:00,867.27,798.2611963491299,844.182977807688,894.5177217454894,948.9178915594961,1010.7439330557177,0.03141780730970689,0.6198347107438017,0.3801652892561983,798.8431977235939,1010.6166835900276,772.9972929270732,1048.5239095359939,0.07894299597653635,0.5604396750169213,40.66692461674863,LOW,"panel,ridge,gru,elasticnet,random_forest,catboost",panel:0.424;ridge:0.201;gru:0.174;elasticnet:0.075;random_forest:0.066;catboost:0.059,추세=상승추세(200MA 위);변동성=고변동;거래량=축소/보통;위험선호=위험선호;금리=상승;GMM레짐=NORMAL,"benchmark,bond,earnings,fx,ohlcv,regime",,1,2026-10-05,2026-10-05T22:11:41+09:00,844.182977807688,948.9178915594961,948.9178915594961,1010.7439330557177,628.5950694352705,0.014201411998977266,1.0,0.0,1.0,,0,844.182977807688,0.3420882594008041,0.06153716481231651,758.35,946.36,-0.061799601409930495,0.5841269841269842,0.08213359004135368,-0.061799601409930495,0.5841269841269842,0.08213359004135368,0.08073610137053377,-0.01730934051925792,0.6047619047619047,0.6047619047619047,0.6047619047619047,-0.02063492063492056,630.0,126.0,0.783068783068783,0.783068783068783,0.873015873015873,0.873015873015873,189.0,37.8,0.03422452656440622,1.0,"{'oos_evidence': 1.0, '_effective_oos_samples': 126.0, 'baseline_improvement': 0.0, '_baseline_skill': -0.01730934051925792, 'information_coefficient': 0.0, 'directional_accuracy': 0.0, '_direction_reference_accuracy': 0.6047619047619047, '_directional_edge': -0.02063492063492056, '_interval_effective_samples': 37.8, 'probability_calibration': 0.7718364895706251, 'interval_coverage': 0.8589065255731915, 'fold_stability': 0.5903167444451711, 'recent_regime': 0.0, 'data_quantity': 1.0, 'data_freshness': 1.0, 'feature_completeness': 1.0, '_no_predictive_edge_cap': 1.0, '_predictive_edge_cap': 44.0}","σ 국면 계수 x0.98 (VIX 0.93)^0.23 | 최근 가중 학습: 반감기 4년 (fold 학습구간 끝 기준) | 패널 OOF 합류 (489행, 패널 실효표본 160) | 앙상블 가중치: NNLS 스태킹 (catboost:0.06,elasticnet:0.08,gru:0.17,panel:0.42,random_forest:0.07,ridge:0.20) | NNLS 가 제외한 모델(중복/무기여): extra_trees,pls | baseline은 비교용으로만 유지하고, 최종 예측은 ML/DL 앙상블을 사용 | 채점용 OOF: cross-fitted 스태킹 7/10 fold (첫 fold 는 균등가중) — 최종 가중치는 OOF 전체 NNLS | conformal 잔차 최근 가중 (반감기 250거래일) | drift 축소(실효표본 126.0개): 중앙값 x0.93 | 라이브 보정 x0.86 (최근 20앵커 80% 적중 91%) | sigma_h 0.0789 (GARCH, 학습과 동일 추정량)",본 출력은 통계 모델의 예측 분포이며 투자 조언이 아닙니다. 실제 투자 판단과 그 결과에 대한 책임은 이용자 본인에게 있습니다.
STX,씨게이트,US,USD,10,2026-10-05T22:24:00+09:00,867.27,775.5242276680953,829.8744085333699,897.204643028878,981.6524157606218,1075.998812153631,0.03451594431823768,0.6496478873239436,0.35035211267605637,776.220118520215,1075.200584486225,744.0555795752098,1121.6941015448754,0.1040728049797651,0.5224413346550756,30.442086106805537,LOW,"gru,hist_gbm,huber,panel,ridge",gru:0.389;hist_gbm:0.107;huber:0.035;panel:0.359;ridge:0.110,추세=상승추세(200MA 위);변동성=고변동;거래량=축소/보통;위험선호=위험선호;금리=상승;GMM레짐=NORMAL,"benchmark,bond,earnings,fx,ohlcv,regime",,1,2026-10-05,2026-10-05T22:13:36+09:00,829.8744085333699,981.6524157606218,981.6524157606218,1075.998812153631,547.0539784393336,0.011002000016090845,1.0,0.0,1.0,,0,829.8744085333699,0.35720391254361883,0.06153716481231651,758.35,946.36,-0.05834208271049886,0.5428571428571428,0.11648219567352636,-0.05834208271049886,0.5428571428571428,0.11648219567352636,0.11307892269518853,-0.030096439700894262,0.6476190476190476,0.6476190476190476,0.6476190476190476,-0.10476190476190483,630.0,63.0,0.8624338624338624,0.8624338624338624,0.9206349206349206,0.9206349206349206,189.0,18.9,0.16693176203659166,1.0,"{'oos_evidence': 1.0, '_effective_oos_samples': 63.0, 'baseline_improvement': 0.0, '_baseline_skill': -0.030096439700894262, 'information_coefficient': 0.0, 'directional_accuracy': 0.0, '_direction_reference_accuracy': 0.6476190476190476, '_directional_edge': -0.10476190476190483, '_interval_effective_samples': 18.9, 'probability_calibration': 0.0, 'interval_coverage': 0.466339013218767, 'fold_stability': 0.5778695974617868, 'recent_regime': 0.0, 'data_quantity': 1.0, 'data_freshness': 1.0, 'feature_completeness': 1.0, '_no_predictive_edge_cap': 1.0, '_predictive_edge_cap': 44.0}","σ 국면 계수 x0.99 (VIX 0.93)^0.15 | 최근 가중 학습: 반감기 4년 (fold 학습구간 끝 기준) | 패널 OOF 합류 (489행, 패널 실효표본 80) | 앙상블 가중치: NNLS 스태킹 (gru:0.39,hist_gbm:0.11,huber:0.03,panel:0.36,ridge:0.11) | NNLS 가 제외한 모델(중복/무기여): catboost,elasticnet,extra_trees,random_forest | baseline은 비교용으로만 유지하고, 최종 예측은 ML/DL 앙상블을 사용 | 채점용 OOF: cross-fitted 스태킹 7/10 fold (첫 fold 는 균등가중) — 최종 가중치는 OOF 전체 NNLS | conformal 잔차 최근 가중 (반감기 250거래일) | drift 축소(실효표본 63.0개): 중앙값 x0.86 | 라이브 보정 x0.80 (최근 20앵커 80% 적중 95%) | sigma_h 0.1041 (GARCH, 학습과 동일 추정량)",본 출력은 통계 모델의 예측 분포이며 투자 조언이 아닙니다. 실제 투자 판단과 그 결과에 대한 책임은 이용자 본인에게 있습니다.
STX,씨게이트,US,USD,15,2026-10-05T22:24:00+09:00,867.27,720.9801820336023,816.4227077594553,962.7418635414192,1160.3920576051653,1407.7552341352875,0.11008320769935453,0.636518771331058,0.36348122866894195,721.1475778201003,1405.80160205125,640.3060784534672,1521.4171477580483,0.22413380988456097,0.918675245949618,33.560883842597214,LOW,"elasticnet,huber,panel",elasticnet:0.687;huber:0.046;panel:0.266,추세=상승추세(200MA 위);변동성=고변동;거래량=축소/보통;위험선호=위험선호;금리=상승;GMM레짐=NORMAL,"benchmark,bond,earnings,fx,ohlcv,regime",,1,2026-10-05,2026-10-05T22:15:41+09:00,816.4227077594553,1160.3920576051653,1160.3920576051653,1407.7552341352875,547.0539784393336,0.033103663293697766,1.0,0.0,1.0,,0,816.4227077594553,0.9153884811151837,0.06153716481231651,758.35,946.36,-0.024956307104158325,0.5634920634920635,0.13982744158169824,-0.024956307104158325,0.5634920634920635,0.13982744158169824,0.13915609015773786,-0.004824448740974097,0.6476190476190476,0.6476190476190476,0.6476190476190476,-0.08412698412698416,630.0,42.0,0.8941798941798942,0.8941798941798942,0.9841269841269841,0.9841269841269841,189.0,12.6,0.004927005468328249,1.0,"{'oos_evidence': 1.0, '_effective_oos_samples': 42.0, 'baseline_improvement': 0.0, '_baseline_skill': -0.004824448740974097, 'information_coefficient': 0.0, 'directional_accuracy': 0.0, '_direction_reference_accuracy': 0.6476190476190476, '_directional_edge': -0.08412698412698416, '_interval_effective_samples': 12.6, 'probability_calibration': 0.7676541309644734, 'interval_coverage': 0.17078394706342886, 'fold_stability': 0.5711811324247141, 'recent_regime': 0.0, 'data_quantity': 1.0, 'data_freshness': 1.0, 'feature_completeness': 1.0, '_no_predictive_edge_cap': 1.0, '_predictive_edge_cap': 44.0}","σ 국면 계수 x0.99 (VIX 0.93)^0.1 | 최근 가중 학습: 반감기 4년 (fold 학습구간 끝 기준) | 패널 OOF 합류 (489행, 패널 실효표본 53) | 앙상블 가중치: NNLS 스태킹 (elasticnet:0.69,huber:0.05,panel:0.27) | 채점용 OOF: cross-fitted 스태킹 7/10 fold (첫 fold 는 균등가중) — 최종 가중치는 OOF 전체 NNLS | conformal 잔차 최근 가중 (반감기 250거래일) | drift 축소(실효표본 42.0개): 중앙값 x0.81 | sigma_h 0.1585 (GARCH, 학습과 동일 추정량) | 실적 발표 10-22 예측기간 포함(추정) → 구간 ×1.41 (k=4.1)",본 출력은 통계 모델의 예측 분포이며 투자 조언이 아닙니다. 실제 투자 판단과 그 결과에 대한 책임은 이용자 본인에게 있습니다.
STX,씨게이트,US,USD,20,2026-10-05T22:24:00+09:00,867.27,691.5561278343397,789.4576271150947,957.2268486620904,1214.6601164513975,1525.686689894339,0.10372415587082506,0.6592356687898088,0.34076433121019123,692.9856771741095,1524.9850867189602,617.5430412164555,1652.0960272788302,0.24161624473521348,0.8576525884478673,31.21217805426122,LOW,"elasticnet,gru,huber,panel,pls,quantile_gbm",elasticnet:0.040;gru:0.145;huber:0.113;panel:0.628;pls:0.042;quantile_gbm:0.031,추세=상승추세(200MA 위);변동성=고변동;거래량=축소/보통;위험선호=위험선호;금리=상승;GMM레짐=NORMAL,"benchmark,bond,earnings,fx,ohlcv,regime",,1,2026-10-05,2026-10-05T22:17:39+09:00,789.4576271150947,1214.6601164513975,1214.6601164513975,1525.686689894339,547.0539784393336,0.0377948863043751,1.0,0.0,1.0,,0,789.4576271150947,1.0848617591283853,0.06153716481231651,758.35,946.36,-0.031242469146822646,0.5825396825396826,0.17182493127468268,-0.031242469146822646,0.5825396825396826,0.17182493127468268,0.167972983517356,-0.022931948201828867,0.6603174603174603,0.6603174603174603,0.6603174603174603,-0.07777777777777772,630.0,31.5,0.8783068783068783,0.8783068783068783,0.9365079365079365,0.9365079365079365,189.0,9.45,0.05602054716462025,1.0,"{'oos_evidence': 1.0, '_effective_oos_samples': 31.5, 'baseline_improvement': 0.0, '_baseline_skill': -0.022931948201828867, 'information_coefficient': 0.0, 'directional_accuracy': 0.0, '_direction_reference_accuracy': 0.6603174603174603, '_directional_edge': -0.07777777777777772, '_interval_effective_samples': 9.45, 'probability_calibration': 0.43066795638865996, 'interval_coverage': 0.23882735764716992, 'fold_stability': 0.5378560826680238, 'recent_regime': 0.0, 'data_quantity': 1.0, 'data_freshness': 1.0, 'feature_completeness': 1.0, '_no_predictive_edge_cap': 1.0, '_predictive_edge_cap': 44.0}","σ 국면 계수 x1.00 (VIX 0.93)^0.07 | 최근 가중 학습: 반감기 4년 (fold 학습구간 끝 기준) | 패널 OOF 합류 (490행, 패널 실효표본 40) | 앙상블 가중치: NNLS 스태킹 (elasticnet:0.04,gru:0.15,huber:0.11,panel:0.63,pls:0.04,quantile_gbm:0.03) | NNLS 가 제외한 모델(중복/무기여): hist_gbm | 채점용 OOF: cross-fitted 스태킹 7/10 fold (첫 fold 는 균등가중) — 최종 가중치는 OOF 전체 NNLS | conformal 잔차 최근 가중 (반감기 250거래일) | drift 축소(실효표본 31.5개): 중앙값 x0.76 | sigma_h 0.1826 (GARCH, 학습과 동일 추정량) | 실적 발표 10-22 예측기간 포함(추정) → 구간 ×1.32 (k=4.1)",본 출력은 통계 모델의 예측 분포이며 투자 조언이 아닙니다. 실제 투자 판단과 그 결과에 대한 책임은 이용자 본인에게 있습니다.
STX,씨게이트,US,USD,25,2026-10-05T22:24:00+09:00,867.27,685.6593414483115,778.3521157801778,959.3219019492475,1254.457375994721,1601.251183045131,0.10613984335817861,0.6597444089456869,0.34025559105431313,686.0101053025494,1597.377796909074,631.9625504898562,1815.7571511046028,0.2576318131497145,0.8179556488953658,30.102693809637636,LOW,"elasticnet,gru,huber,panel,quantile_gbm",elasticnet:0.044;gru:0.282;huber:0.098;panel:0.533;quantile_gbm:0.043,추세=상승추세(200MA 위);변동성=고변동;거래량=축소/보통;위험선호=위험선호;금리=상승;GMM레짐=NORMAL,"benchmark,bond,earnings,fx,ohlcv,regime",,1,2026-10-05,2026-10-05T22:19:46+09:00,778.3521157801778,1254.457375994721,1254.457375994721,1601.251183045131,547.0539784393336,0.035434396008822575,1.0,0.0,1.0,,0,778.3521157801778,1.2091442961150103,0.06153716481231651,758.35,946.36,-0.15988932772749312,0.5746031746031746,0.19795806441092798,-0.15988932772749312,0.5746031746031746,0.19795806441092798,0.1932109523418777,-0.02456958061389014,0.6603174603174603,0.6603174603174603,0.6603174603174603,-0.08571428571428574,630.0,25.2,0.8783068783068783,0.8783068783068783,0.9682539682539683,0.9682539682539683,189.0,7.56,0.03924420921756666,1.0,"{'oos_evidence': 0.916515138991168, '_effective_oos_samples': 25.2, 'baseline_improvement': 0.0, '_baseline_skill': -0.02456958061389014, 'information_coefficient': 0.0, 'directional_accuracy': 0.0, '_direction_reference_accuracy': 0.6603174603174603, '_directional_edge': -0.08571428571428574, '_interval_effective_samples': 7.56, 'probability_calibration': 0.4539636540770065, 'interval_coverage': 0.21361368263429048, 'fold_stability': 0.5169696360767002, 'recent_regime': 0.0, 'data_quantity': 1.0, 'data_freshness': 1.0, 'feature_completeness': 1.0, '_no_predictive_edge_cap': 1.0, '_predictive_edge_cap': 44.0}","σ 국면 계수 x1.00 (VIX 0.93)^0.05 | 최근 가중 학습: 반감기 4년 (fold 학습구간 끝 기준) | 패널 OOF 합류 (490행, 패널 실효표본 32) | 앙상블 가중치: NNLS 스태킹 (elasticnet:0.04,gru:0.28,huber:0.10,panel:0.53,quantile_gbm:0.04) | 채점용 OOF: cross-fitted 스태킹 7/10 fold (첫 fold 는 균등가중) — 최종 가중치는 OOF 전체 NNLS | conformal 잔차 최근 가중 (반감기 250거래일) | drift 축소(실효표본 25.2개): 중앙값 x0.72 | sigma_h 0.2037 (GARCH, 학습과 동일 추정량) | 실적 발표 10-22 예측기간 포함(추정) → 구간 ×1.26 (k=4.1)",본 출력은 통계 모델의 예측 분포이며 투자 조언이 아닙니다. 실제 투자 판단과 그 결과에 대한 책임은 이용자 본인에게 있습니다.
STX,씨게이트,US,USD,30,2026-10-05T22:24:00+09:00,867.27,657.3810012137865,786.8560981324001,982.9217912343884,1309.0172713799795,1676.3464567283302,0.13335154131284188,0.6888888888888889,0.3111111111111111,659.7056823213952,1672.8468174888699,594.9101279043049,1861.5838439350189,0.2723857009971853,0.7894487626850241,32.39650309246922,LOW,"catboost,elasticnet,gru,huber,panel,pls",catboost:0.020;elasticnet:0.053;gru:0.025;huber:0.089;panel:0.682;pls:0.131,추세=상승추세(200MA 위);변동성=고변동;거래량=축소/보통;위험선호=위험선호;금리=상승;GMM레짐=NORMAL,"benchmark,bond,earnings,fx,ohlcv,regime",,1,2026-10-05,2026-10-05T22:21:54+09:00,786.8560981324001,1309.0172713799795,1309.0172713799795,1676.3464567283302,547.0539784393336,0.045152590512659393,1.0,0.0,1.0,,0,786.8560981324001,1.3795289480738506,0.06153716481231651,758.35,946.36,-0.07279839335400072,0.5904761904761905,0.21697919816772276,-0.07279839335400072,0.5904761904761905,0.21697919816772276,0.2179073869696739,0.004259556387045782,0.6888888888888889,0.6888888888888889,0.6888888888888889,-0.0984126984126984,630.0,21.0,0.8783068783068783,0.8783068783068783,0.9365079365079365,0.9365079365079365,189.0,6.3,0.013300184849239005,1.0,"{'oos_evidence': 0.8366600265340756, '_effective_oos_samples': 21.0, 'baseline_improvement': 0.17819002799045575, '_baseline_skill': 0.004259556387045782, 'information_coefficient': 0.0, 'directional_accuracy': 0.0, '_direction_reference_accuracy': 0.6888888888888889, '_directional_edge': -0.0984126984126984, '_interval_effective_samples': 6.3, 'probability_calibration': 0.5114838731294773, 'interval_coverage': 0.19500172095091745, 'fold_stability': 0.5136974184736174, 'recent_regime': 0.0, 'data_quantity': 1.0, 'data_freshness': 1.0, 'feature_completeness': 1.0, '_weak_predictive_edge_cap': 1.0, '_predictive_edge_cap': 69.0}","σ 국면 계수 x1.00 (VIX 0.93)^0.04 | 최근 가중 학습: 반감기 4년 (fold 학습구간 끝 기준) | 패널 OOF 합류 (490행, 패널 실효표본 27) | 앙상블 가중치: NNLS 스태킹 (catboost:0.02,elasticnet:0.05,gru:0.03,huber:0.09,panel:0.68,pls:0.13) | 채점용 OOF: cross-fitted 스태킹 5/10 fold (첫 fold 는 균등가중) — 최종 가중치는 OOF 전체 NNLS | conformal 잔차 최근 가중 (반감기 250거래일) | drift 축소(실효표본 21.0개): 중앙값 x0.68 | sigma_h 0.2224 (GARCH, 학습과 동일 추정량) | 실적 발표 10-22 예측기간 포함(추정) → 구간 ×1.22 (k=4.1)",본 출력은 통계 모델의 예측 분포이며 투자 조언이 아닙니다. 실제 투자 판단과 그 결과에 대한 책임은 이용자 본인에게 있습니다.
WDC,웨스턴 디지털,US,USD,5,2026-10-05T22:36:20+09:00,421.5,374.77648218768877,400.96998505078074,429.5562806003796,453.0395463102228,475.4279603187695,0.01911335848251383,0.6319444444444444,0.3680555555555556,375.0390943390153,475.1522421604534,360.66034428932255,489.42455956185734,0.07987908442706489,0.5670852437657592,32.0631521474266,LOW,"extra_trees,panel,random_forest",extra_trees:0.280;panel:0.692;random_forest:0.028,추세=상승추세(200MA 위);변동성=고변동;거래량=축소/보통;위험선호=위험선호;금리=상승;GMM레짐=NORMAL,"benchmark,bond,earnings,fx,ohlcv,regime",,1,2026-10-05,2026-10-05T22:24:04+09:00,400.96998505078074,453.0395463102228,453.0395463102228,475.4279603187695,298.63760085955204,0.0035154614031604695,1.0,0.0,1.0,,0,400.96998505078074,0.2567062545650679,0.0651788081510684,396.57,495.49,-0.02616064372380211,0.5507936507936508,0.09135177599830277,-0.02616064372380211,0.5507936507936508,0.09135177599830277,0.08621783661565054,-0.059546140151240046,0.6460317460317461,0.6460317460317461,0.6460317460317461,-0.09523809523809523,630.0,126.0,0.7513227513227513,0.7513227513227513,0.8835978835978836,0.8835978835978836,189.0,37.8,0.15355645768257747,1.0,"{'oos_evidence': 1.0, '_effective_oos_samples': 126.0, 'baseline_improvement': 0.0, '_baseline_skill': -0.059546140151240046, 'information_coefficient': 0.0, 'directional_accuracy': 0.0, '_direction_reference_accuracy': 0.6460317460317461, '_directional_edge': -0.09523809523809523, '_interval_effective_samples': 37.8, 'probability_calibration': 0.0, 'interval_coverage': 0.5943562610229269, 'fold_stability': 0.6119589537197329, 'recent_regime': 0.0, 'data_quantity': 1.0, 'data_freshness': 1.0, 'feature_completeness': 1.0, '_no_predictive_edge_cap': 1.0, '_predictive_edge_cap': 44.0}","σ 국면 계수 x0.98 (VIX 0.93)^0.23 | 최근 가중 학습: 반감기 4년 (fold 학습구간 끝 기준) | 패널 OOF 합류 (489행, 패널 실효표본 160) | 앙상블 가중치: NNLS 스태킹 (extra_trees:0.28,panel:0.69,random_forest:0.03) | NNLS 가 제외한 모델(중복/무기여): elasticnet,gru,pls,ridge | baseline은 비교용으로만 유지하고, 최종 예측은 ML/DL 앙상블을 사용 | 채점용 OOF: cross-fitted 스태킹 7/10 fold (첫 fold 는 균등가중) — 최종 가중치는 OOF 전체 NNLS | conformal 잔차 최근 가중 (반감기 250거래일) | drift 축소(실효표본 126.0개): 중앙값 x0.93 | 라이브 보정 x0.86 (최근 20앵커 80% 적중 91%) | sigma_h 0.0799 (GARCH, 학습과 동일 추정량)",본 출력은 통계 모델의 예측 분포이며 투자 조언이 아닙니다. 실제 투자 판단과 그 결과에 대한 책임은 이용자 본인에게 있습니다.
WDC,웨스턴 디지털,US,USD,10,2026-10-05T22:36:20+09:00,421.5,374.3746120095804,395.848674643087,432.04890284060843,467.16852975266687,498.2905015487525,0.02502705300262975,0.5827338129496403,0.41726618705035967,374.43417024964504,497.5034660553413,356.3159508895736,517.281252916028,0.10495206241700057,0.5268551719596819,29.489014324335265,LOW,"elasticnet,extra_trees,gru,panel,random_forest",elasticnet:0.069;extra_trees:0.362;gru:0.029;panel:0.371;random_forest:0.169,추세=상승추세(200MA 위);변동성=고변동;거래량=축소/보통;위험선호=위험선호;금리=상승;GMM레짐=NORMAL,"benchmark,bond,earnings,fx,ohlcv,regime",,1,2026-10-05,2026-10-05T22:25:57+09:00,395.848674643087,467.16852975266687,467.16852975266687,498.2905015487525,256.662794185948,0.004367487615208544,1.0,0.0,1.0,,0,395.848674643087,0.2770523167214093,0.0651788081510684,396.57,495.49,-0.05638476575364802,0.6095238095238096,0.12208736673874955,-0.05638476575364802,0.6095238095238096,0.12208736673874955,0.11773756268867683,-0.03694491333725436,0.6619047619047619,0.6619047619047619,0.6619047619047619,-0.052380952380952306,630.0,63.0,0.8835978835978836,0.8835978835978836,0.9735449735449735,0.9735449735449735,189.0,18.9,0.1617036932119123,1.0,"{'oos_evidence': 1.0, '_effective_oos_samples': 63.0, 'baseline_improvement': 0.0, '_baseline_skill': -0.03694491333725436, 'information_coefficient': 0.0, 'directional_accuracy': 0.0, '_direction_reference_accuracy': 0.6619047619047619, '_directional_edge': -0.052380952380952306, '_interval_effective_samples': 18.9, 'probability_calibration': 0.0, 'interval_coverage': 0.2948908465942204, 'fold_stability': 0.6540105858393064, 'recent_regime': 0.0, 'data_quantity': 1.0, 'data_freshness': 1.0, 'feature_completeness': 1.0, '_no_predictive_edge_cap': 1.0, '_predictive_edge_cap': 44.0}","σ 국면 계수 x0.99 (VIX 0.93)^0.15 | 최근 가중 학습: 반감기 4년 (fold 학습구간 끝 기준) | 패널 OOF 합류 (489행, 패널 실효표본 80) | 앙상블 가중치: NNLS 스태킹 (elasticnet:0.07,extra_trees:0.36,gru:0.03,panel:0.37,random_forest:0.17) | NNLS 가 제외한 모델(중복/무기여): ridge | baseline은 비교용으로만 유지하고, 최종 예측은 ML/DL 앙상블을 사용 | 채점용 OOF: cross-fitted 스태킹 7/10 fold (첫 fold 는 균등가중) — 최종 가중치는 OOF 전체 NNLS | conformal 잔차 최근 가중 (반감기 250거래일) | drift 축소(실효표본 63.0개): 중앙값 x0.86 | 라이브 보정 x0.80 (최근 20앵커 80% 적중 95%) | sigma_h 0.1050 (GARCH, 학습과 동일 추정량)",본 출력은 통계 모델의 예측 분포이며 투자 조언이 아닙니다. 실제 투자 판단과 그 결과에 대한 책임은 이용자 본인에게 있습니다.
WDC,웨스턴 디지털,US,USD,15,2026-10-05T22:36:20+09:00,421.5,340.7173780507324,383.0418738796532,447.312077946845,514.3312089625141,574.8187841211359,0.061238619090972835,0.5813953488372093,0.41860465116279066,341.2445454036107,574.1763546136759,309.14942999786865,637.1172186820958,0.1989621041806906,0.8155019543325044,30.929655274485434,LOW,"huber,panel,random_forest",huber:0.092;panel:0.864;random_forest:0.044,추세=상승추세(200MA 위);변동성=고변동;거래량=축소/보통;위험선호=위험선호;금리=상승;GMM레짐=NORMAL,"benchmark,bond,earnings,fx,ohlcv,regime",,1,2026-10-05,2026-10-05T22:28:02+09:00,383.0418738796532,514.3312089625141,514.3312089625141,574.8187841211359,256.662794185948,0.0077129944038746845,1.0,0.0,1.0,,0,383.0418738796532,0.5631690279149371,0.0651788081510684,396.57,495.49,0.05545815362166626,0.5952380952380952,0.14769376001118437,0.05545815362166626,0.5952380952380952,0.14769376001118437,0.1450790115684968,-0.018022927054841764,0.6857142857142857,0.6857142857142857,0.6857142857142857,-0.09047619047619049,630.0,42.0,0.8941798941798942,0.8941798941798942,0.9735449735449735,0.9735449735449735,189.0,12.6,0.18928477167839677,1.0,"{'oos_evidence': 1.0, '_effective_oos_samples': 42.0, 'baseline_improvement': 0.0, '_baseline_skill': -0.018022927054841764, 'information_coefficient': 0.17970495661724392, 'directional_accuracy': 0.0, '_direction_reference_accuracy': 0.6857142857142857, '_directional_edge': -0.09047619047619049, '_interval_effective_samples': 12.6, 'probability_calibration': 0.0, 'interval_coverage': 0.17078394706342886, 'fold_stability': 0.6346536497975243, 'recent_regime': 0.0, 'data_quantity': 1.0, 'data_freshness': 1.0, 'feature_completeness': 1.0}","σ 국면 계수 x0.99 (VIX 0.93)^0.1 | 최근 가중 학습: 반감기 4년 (fold 학습구간 끝 기준) | 패널 OOF 합류 (489행, 패널 실효표본 53) | 앙상블 가중치: NNLS 스태킹 (huber:0.09,panel:0.86,random_forest:0.04) | NNLS 가 제외한 모델(중복/무기여): elasticnet,extra_trees,gru,ridge | baseline은 비교용으로만 유지하고, 최종 예측은 ML/DL 앙상블을 사용 | 채점용 OOF: cross-fitted 스태킹 7/10 fold (첫 fold 는 균등가중) — 최종 가중치는 OOF 전체 NNLS | conformal 잔차 최근 가중 (반감기 250거래일) | drift 축소(실효표본 42.0개): 중앙값 x0.81 | sigma_h 0.1593 (GARCH, 학습과 동일 추정량) | 실적 발표 10-26 예측기간 포함(추정) → 구간 ×1.25 (k=3.1)",본 출력은 통계 모델의 예측 분포이며 투자 조언이 아닙니다. 실제 투자 판단과 그 결과에 대한 책임은 이용자 본인에게 있습니다.
WDC,웨스턴 디지털,US,USD,20,2026-10-05T22:36:20+09:00,421.5,335.66574687020244,401.7436022217032,465.7429586369296,550.688114163152,619.613325455326,0.1049655009179824,0.6363636363636364,0.36363636363636365,336.0941364870295,618.9250891642685,310.738010010389,672.4528011677481,0.2181868279983167,0.7744864092356849,46.72526241960328,MEDIUM,"huber,panel",huber:0.603;panel:0.397,추세=상승추세(200MA 위);변동성=고변동;거래량=축소/보통;위험선호=위험선호;금리=상승;GMM레짐=NORMAL,"benchmark,bond,earnings,fx,ohlcv,regime",,1,2026-10-05,2026-10-05T22:30:08+09:00,401.7436022217032,550.688114163152,550.688114163152,619.613325455326,256.662794185948,0.04907056474144652,1.0,0.0,1.0,,0,401.7436022217032,0.7837315218075542,0.0651788081510684,396.57,495.49,0.06612604694081342,0.49206349206349204,0.16815484358627503,0.06612604694081342,0.49206349206349204,0.16815484358627503,0.17438013607309708,0.03569955057388252,0.7142857142857143,0.7142857142857143,0.7142857142857143,-0.22222222222222227,630.0,31.5,0.8888888888888888,0.8888888888888888,0.9576719576719577,0.9576719576719577,189.0,9.45,0.15409274923406707,1.0,"{'oos_evidence': 1.0, '_effective_oos_samples': 31.5, 'baseline_improvement': 1.0, '_baseline_skill': 0.03569955057388252, 'information_coefficient': 0.1855657589956912, 'directional_accuracy': 0.0, '_direction_reference_accuracy': 0.7142857142857143, '_directional_edge': -0.22222222222222227, '_interval_effective_samples': 9.45, 'probability_calibration': 0.0, 'interval_coverage': 0.17821127702606093, 'fold_stability': 0.5974097505411611, 'recent_regime': 0.0, 'data_quantity': 1.0, 'data_freshness': 1.0, 'feature_completeness': 1.0}","σ 국면 계수 x1.00 (VIX 0.93)^0.07 | 최근 가중 학습: 반감기 4년 (fold 학습구간 끝 기준) | 패널 OOF 합류 (490행, 패널 실효표본 40) | 앙상블 가중치: NNLS 스태킹 (huber:0.60,panel:0.40) | NNLS 가 제외한 모델(중복/무기여): catboost,elasticnet,extra_trees,random_forest | 채점용 OOF: cross-fitted 스태킹 7/10 fold (첫 fold 는 균등가중) — 최종 가중치는 OOF 전체 NNLS | conformal 잔차 최근 가중 (반감기 250거래일) | drift 축소(실효표본 31.5개): 중앙값 x0.76 | sigma_h 0.1831 (GARCH, 학습과 동일 추정량) | 실적 발표 10-26 예측기간 포함(추정) → 구간 ×1.19 (k=3.1)",본 출력은 통계 모델의 예측 분포이며 투자 조언이 아닙니다. 실제 투자 판단과 그 결과에 대한 책임은 이용자 본인에게 있습니다.
WDC,웨스턴 디지털,US,USD,25,2026-10-05T22:36:20+09:00,421.5,333.2532899594602,381.85540628110243,462.67899011753076,554.8403347260542,619.2436862874258,0.09769629921122358,0.6631393298059964,0.33686067019400356,333.9040172933231,618.4955890302399,303.5200151653831,682.6557114915669,0.2354566804684978,0.7475517852581334,44.06711640696288,LOW,"gru,huber,panel",gru:0.114;huber:0.282;panel:0.604,추세=상승추세(200MA 위);변동성=고변동;거래량=축소/보통;위험선호=위험선호;금리=상승;GMM레짐=NORMAL,"benchmark,bond,earnings,fx,ohlcv,regime",,1,2026-10-05,2026-10-05T22:32:05+09:00,381.85540628110243,554.8403347260542,554.8403347260542,619.2436862874258,256.662794185948,0.02189873173378623,1.0,0.0,1.0,,0,381.85540628110243,0.8089213479902798,0.0651788081510684,396.57,495.49,0.11030718022421204,0.5238095238095238,0.18785902395274645,0.11030718022421204,0.5238095238095238,0.18785902395274645,0.19960281196880328,0.058835784427186844,0.5301587301587302,0.6968253968253968,0.6968253968253968,-0.17301587301587296,630.0,25.2,0.9153439153439153,0.9153439153439153,0.9576719576719577,0.9576719576719577,189.0,7.56,0.21499531155903842,1.0,"{'oos_evidence': 0.916515138991168, '_effective_oos_samples': 25.2, 'baseline_improvement': 0.916515138991168, '_baseline_skill': 0.058835784427186844, 'information_coefficient': 0.2768688249998649, 'directional_accuracy': 0.0, '_direction_reference_accuracy': 0.6968253968253968, '_directional_edge': -0.17301587301587296, '_interval_effective_samples': 7.56, 'probability_calibration': 0.0, 'interval_coverage': 0.023855335116519903, 'fold_stability': 0.5569268242029475, 'recent_regime': 0.0, 'data_quantity': 1.0, 'data_freshness': 1.0, 'feature_completeness': 1.0}","σ 국면 계수 x1.00 (VIX 0.93)^0.05 | 최근 가중 학습: 반감기 4년 (fold 학습구간 끝 기준) | 패널 OOF 합류 (490행, 패널 실효표본 32) | 앙상블 가중치: NNLS 스태킹 (gru:0.11,huber:0.28,panel:0.60) | NNLS 가 제외한 모델(중복/무기여): elasticnet,random_forest | 채점용 OOF: cross-fitted 스태킹 7/10 fold (첫 fold 는 균등가중) — 최종 가중치는 OOF 전체 NNLS | conformal 잔차 최근 가중 (반감기 250거래일) | drift 축소(실효표본 25.2개): 중앙값 x0.72 | sigma_h 0.2038 (GARCH, 학습과 동일 추정량) | 실적 발표 10-26 예측기간 포함(추정) → 구간 ×1.16 (k=3.1)",본 출력은 통계 모델의 예측 분포이며 투자 조언이 아닙니다. 실제 투자 판단과 그 결과에 대한 책임은 이용자 본인에게 있습니다.
WDC,웨스턴 디지털,US,USD,30,2026-10-05T22:36:20+09:00,421.5,323.10829756571184,393.3090644410939,495.91702054084215,591.0902992159273,689.6201452728789,0.17655283639582953,0.6617647058823529,0.3382352941176471,323.62930606268634,687.9264692186891,287.8472830090859,740.4753666333205,0.251145396292965,0.7278885111504808,45.06000622406485,MEDIUM,"elasticnet,gru,huber,panel",elasticnet:0.033;gru:0.026;huber:0.234;panel:0.708,추세=상승추세(200MA 위);변동성=고변동;거래량=축소/보통;위험선호=위험선호;금리=상승;GMM레짐=NORMAL,"benchmark,bond,earnings,fx,ohlcv,regime",,1,2026-10-05,2026-10-05T22:34:07+09:00,393.3090644410939,591.0902992159273,591.0902992159273,689.6201452728789,256.662794185948,0.03373031088570417,1.0,0.0,1.0,,0,393.3090644410939,1.0288350762705667,0.0651788081510684,396.57,495.49,0.16718013542848073,0.5190476190476191,0.22714426097500784,0.16718013542848073,0.5190476190476191,0.22714426097500784,0.23088721473527596,0.01621117810511774,0.7063492063492064,0.7063492063492064,0.7063492063492064,-0.1873015873015873,630.0,21.0,0.8571428571428571,0.8571428571428571,1.0,1.0,189.0,6.3,0.10478251053911714,1.0,"{'oos_evidence': 0.8366600265340756, '_effective_oos_samples': 21.0, 'baseline_improvement': 0.6781622351788217, '_baseline_skill': 0.01621117810511774, 'information_coefficient': 0.38305781264699074, 'directional_accuracy': 0.0, '_direction_reference_accuracy': 0.7063492063492064, '_directional_edge': -0.1873015873015873, '_interval_effective_samples': 6.3, 'probability_calibration': 0.16918835345268518, 'interval_coverage': 0.29398736610366727, 'fold_stability': 0.5420504704852938, 'recent_regime': 0.0, 'data_quantity': 1.0, 'data_freshness': 1.0, 'feature_completeness': 1.0}","σ 국면 계수 x1.00 (VIX 0.93)^0.04 | 최근 가중 학습: 반감기 4년 (fold 학습구간 끝 기준) | 패널 OOF 합류 (490행, 패널 실효표본 27) | 앙상블 가중치: NNLS 스태킹 (elasticnet:0.03,gru:0.03,huber:0.23,panel:0.71) | NNLS 가 제외한 모델(중복/무기여): extra_trees,random_forest | 채점용 OOF: cross-fitted 스태킹 7/10 fold (첫 fold 는 균등가중) — 최종 가중치는 OOF 전체 NNLS | conformal 잔차 최근 가중 (반감기 250거래일) | drift 축소(실효표본 21.0개): 중앙값 x0.68 | sigma_h 0.2220 (GARCH, 학습과 동일 추정량) | 실적 발표 10-26 예측기간 포함(추정) → 구간 ×1.13 (k=3.1)",본 출력은 통계 모델의 예측 분포이며 투자 조언이 아닙니다. 실제 투자 판단과 그 결과에 대한 책임은 이용자 본인에게 있습니다.
403870,HPSP,KR,KRW,5,2026-10-05T22:42:04+09:00,66200.0,57847.58108522361,62891.416488877076,66914.1656835305,70963.81905008227,75997.92926499977,0.010788001261790026,0.4936708860759494,0.5063291139240507,57847.75045923183,75900.45404535736,55222.565595958295,79047.51517105915,0.08944808454646722,0.6350184055468079,33.07784989390655,LOW,"gru,pls",gru:0.909;pls:0.091,추세=상승추세(200MA 위);변동성=중간변동;거래량=축소/보통;위험선호=위험회피;금리=상승;GMM레짐=NORMAL,"benchmark,bond,credit_trades,earnings,fx,investor_trading,kcs_memory,market_investor,ohlcv,program_trades,regime,securities_lending,short_selling",,1,2026-10-02,2026-10-05T22:36:21+09:00,62891.416488877076,70963.81905008227,70963.81905008227,75997.92926499977,48460.5,0.013104177160676866,1.0,0.0,1.0,,0,62891.416488877076,0.2685430282748819,0.05804170408149171,48950.0,69800.0,0.0653117890230456,0.5317460317460317,0.11199763536634712,0.0653117890230456,0.5317460317460317,0.11199763536634712,0.09826044574717481,-0.1398038601872238,0.5206349206349207,0.5174603174603175,0.5206349206349207,0.011111111111111072,630.0,126.0,0.6931216931216931,0.6931216931216931,0.7936507936507936,0.7936507936507936,189.0,37.8,0.19815175468360985,1.0,"{'oos_evidence': 1.0, '_effective_oos_samples': 126.0, 'baseline_improvement': 0.0, '_baseline_skill': -0.1398038601872238, 'information_coefficient': 0.3665615067622497, 'directional_accuracy': 0.02773961376232369, '_direction_reference_accuracy': 0.5206349206349207, '_directional_edge': 0.011111111111111072, '_interval_effective_samples': 37.8, 'probability_calibration': 0.0, 'interval_coverage': 0.10934744268077579, 'fold_stability': 0.5786515993754915, 'recent_regime': 0.0, 'data_quantity': 1.0, 'data_freshness': 1.0, 'feature_completeness': 1.0}","σ 국면 계수 x0.98 (VIX 0.93)^0.23 | 최근 가중 학습: 반감기 4년 (fold 학습구간 끝 기준) | 패널 OOF 합류 (475행, 패널 실효표본 160) | 앙상블 가중치: NNLS 스태킹 (gru:0.91,pls:0.09) | NNLS 가 제외한 모델(중복/무기여): elasticnet,extra_trees,panel,quantile_gbm,random_forest,ridge | baseline은 비교용으로만 유지하고, 최종 예측은 ML/DL 앙상블을 사용 | 채점용 OOF: cross-fitted 스태킹 0/10 fold (첫 fold 는 균등가중) — 최종 가중치는 OOF 전체 NNLS | conformal 잔차 최근 가중 (반감기 250거래일) | drift 축소(실효표본 126.0개): 중앙값 x0.93 | 라이브 보정 x0.86 (최근 20앵커 80% 적중 91%) | sigma_h 0.0894 (GARCH, 학습과 동일 추정량)",본 출력은 통계 모델의 예측 분포이며 투자 조언이 아닙니다. 실제 투자 판단과 그 결과에 대한 책임은 이용자 본인에게 있습니다.
403870,HPSP,KR,KRW,10,2026-10-05T22:42:04+09:00,66200.0,55898.68317979248,61596.748399163,67336.85034839807,72981.09214273967,80172.05412221616,0.017172965987886313,0.5046948356807512,0.49530516431924876,55948.84919149628,79958.19905370117,53801.52616516253,83849.2084046824,0.11782544940979549,0.5914790617775332,31.18787002964318,LOW,"elasticnet,gru,pls,quantile_gbm,ridge",elasticnet:0.103;gru:0.033;pls:0.285;quantile_gbm:0.102;ridge:0.477,추세=상승추세(200MA 위);변동성=중간변동;거래량=축소/보통;위험선호=위험회피;금리=상승;GMM레짐=NORMAL,"benchmark,bond,credit_trades,earnings,fx,investor_trading,kcs_memory,market_investor,ohlcv,program_trades,regime,securities_lending,short_selling",,1,2026-10-02,2026-10-05T22:37:19+09:00,61596.748399163,72981.09214273967,72981.09214273967,80172.05412221616,43145.83513883149,-0.0015246102905536012,1.0,0.0,1.0,,0,61596.748399163,0.2941374013578545,0.05804170408149171,48950.0,69800.0,0.01955896725395287,0.5079365079365079,0.1469205951269204,0.01955896725395287,0.5079365079365079,0.1469205951269204,0.13348580817502914,-0.10064580748745455,0.5174603174603175,0.5111111111111111,0.5174603174603175,-0.009523809523809601,630.0,63.0,0.7248677248677249,0.7248677248677249,0.8624338624338624,0.8624338624338624,189.0,18.9,0.2511266486288903,1.0,"{'oos_evidence': 1.0, '_effective_oos_samples': 63.0, 'baseline_improvement': 0.0, '_baseline_skill': -0.10064580748745455, 'information_coefficient': 0.03036421891682884, 'directional_accuracy': 0.0, '_direction_reference_accuracy': 0.5174603174603175, '_directional_edge': -0.009523809523809601, '_interval_effective_samples': 18.9, 'probability_calibration': 0.0, 'interval_coverage': 0.3634701132440385, 'fold_stability': 0.706734139453353, 'recent_regime': 0.0, 'data_quantity': 1.0, 'data_freshness': 1.0, 'feature_completeness': 1.0, '_no_predictive_edge_cap': 1.0, '_predictive_edge_cap': 44.0}","σ 국면 계수 x0.99 (VIX 0.93)^0.15 | 최근 가중 학습: 반감기 4년 (fold 학습구간 끝 기준) | 패널 OOF 합류 (474행, 패널 실효표본 80) | 앙상블 가중치: NNLS 스태킹 (elasticnet:0.10,gru:0.03,pls:0.29,quantile_gbm:0.10,ridge:0.48) | NNLS 가 제외한 모델(중복/무기여): extra_trees,panel,random_forest | baseline은 비교용으로만 유지하고, 최종 예측은 ML/DL 앙상블을 사용 | 채점용 OOF: cross-fitted 스태킹 0/10 fold (첫 fold 는 균등가중) — 최종 가중치는 OOF 전체 NNLS | conformal 잔차 최근 가중 (반감기 250거래일) | drift 축소(실효표본 63.0개): 중앙값 x0.86 | 라이브 보정 x0.80 (최근 20앵커 80% 적중 95%) | sigma_h 0.1178 (GARCH, 학습과 동일 추정량)",본 출력은 통계 모델의 예측 분포이며 투자 조언이 아닙니다. 실제 투자 판단과 그 결과에 대한 책임은 이용자 본인에게 있습니다.
403870,HPSP,KR,KRW,15,2026-10-05T22:42:04+09:00,66200.0,49881.00041946226,58244.3234387539,68116.83008909118,78768.55841736154,88433.1813824992,0.028955137297449918,0.4690721649484536,0.5309278350515464,49908.391613655425,88409.68430935773,47807.35250296226,93469.95703243518,0.17936396772820357,0.7351734985992272,26.890557574127527,LOW,"catboost,elasticnet,gru,xgboost",catboost:0.151;elasticnet:0.287;gru:0.497;xgboost:0.065,추세=상승추세(200MA 위);변동성=중간변동;거래량=축소/보통;위험선호=위험회피;금리=상승;GMM레짐=NORMAL,"benchmark,bond,credit_trades,earnings,fx,investor_trading,kcs_memory,market_investor,ohlcv,program_trades,regime,securities_lending,short_selling",,1,2026-10-02,2026-10-05T22:38:20+09:00,58244.3234387539,78768.55841736154,78768.55841736154,88433.1813824992,43145.83513883149,-0.009368061758032698,1.0,0.0,1.0,,0,58515.2783796105,0.5451751773724626,0.05804170408149171,48950.0,69800.0,-0.13159121793546535,0.4492063492063492,0.18199153585979336,-0.13159121793546535,0.4492063492063492,0.18199153585979336,0.15879589219998005,-0.1460720635682553,0.526984126984127,0.5238095238095238,0.526984126984127,-0.07777777777777778,630.0,42.0,0.6349206349206349,0.6349206349206349,0.7301587301587301,0.7301587301587301,189.0,12.6,0.3756390323477054,1.0,"{'oos_evidence': 1.0, '_effective_oos_samples': 42.0, 'baseline_improvement': 0.0, '_baseline_skill': -0.1460720635682553, 'information_coefficient': 0.0, 'directional_accuracy': 0.0, '_direction_reference_accuracy': 0.526984126984127, '_directional_edge': -0.07777777777777778, '_interval_effective_samples': 12.6, 'probability_calibration': 0.0, 'interval_coverage': 0.0, 'fold_stability': 0.6890557574127527, 'recent_regime': 0.0, 'data_quantity': 1.0, 'data_freshness': 1.0, 'feature_completeness': 1.0, '_no_predictive_edge_cap': 1.0, '_predictive_edge_cap': 44.0}","σ 국면 계수 x0.99 (VIX 0.93)^0.1 | 최근 가중 학습: 반감기 4년 (fold 학습구간 끝 기준) | 패널 OOF 합류 (472행, 패널 실효표본 53) | 앙상블 가중치: NNLS 스태킹 (catboost:0.15,elasticnet:0.29,gru:0.50,xgboost:0.07) | NNLS 가 제외한 모델(중복/무기여): extra_trees,panel,quantile_gbm,ridge | baseline은 비교용으로만 유지하고, 최종 예측은 ML/DL 앙상블을 사용 | 채점용 OOF: cross-fitted 스태킹 0/10 fold (첫 fold 는 균등가중) — 최종 가중치는 OOF 전체 NNLS | conformal 잔차 최근 가중 (반감기 250거래일) | drift 축소(실효표본 42.0개): 중앙값 x0.81 | sigma_h 0.1794 (GARCH, 학습과 동일 추정량)",본 출력은 통계 모델의 예측 분포이며 투자 조언이 아닙니다. 실제 투자 판단과 그 결과에 대한 책임은 이용자 본인에게 있습니다.
403870,HPSP,KR,KRW,20,2026-10-05T22:42:04+09:00,66200.0,48972.52785283595,56046.993643058566,69111.30668715059,84342.52750773552,99032.85478067276,0.04397744240408752,0.48507462686567177,0.5149253731343282,49008.90488373188,98858.36101342237,46225.530042901766,103469.49176250925,0.2067095597011692,0.7337461482729062,27.05520818895367,LOW,ridge,ridge:1.000,추세=상승추세(200MA 위);변동성=중간변동;거래량=축소/보통;위험선호=위험회피;금리=상승;GMM레짐=NORMAL,"benchmark,bond,credit_trades,earnings,fx,investor_trading,kcs_memory,market_investor,ohlcv,program_trades,regime,securities_lending,short_selling",,1,2026-10-02,2026-10-05T22:39:18+09:00,56046.993643058566,84342.52750773552,84342.52750773552,99032.85478067276,43145.83513883149,-0.0020060943615311626,1.0,0.0,1.0,,0,58515.2783796105,0.7869522759548774,0.05804170408149171,48950.0,69800.0,-0.09723554208626632,0.44761904761904764,0.20642856690591285,-0.09723554208626632,0.44761904761904764,0.20642856690591285,0.1784211699431158,-0.15697350808609967,0.5174603174603175,0.5126984126984127,0.5174603174603175,-0.06984126984126987,630.0,31.5,0.6084656084656085,0.5238095238095238,0.7301587301587301,0.6507936507936508,189.0,9.45,0.3655516870685656,1.2,"{'oos_evidence': 1.0, '_effective_oos_samples': 31.5, 'baseline_improvement': 0.0, '_baseline_skill': -0.15697350808609967, 'information_coefficient': 0.0, 'directional_accuracy': 0.0, '_direction_reference_accuracy': 0.5174603174603175, '_directional_edge': -0.06984126984126987, '_interval_effective_samples': 9.45, 'probability_calibration': 0.0, 'interval_coverage': 0.0, 'fold_stability': 0.7055208188953669, 'recent_regime': 0.0, 'data_quantity': 1.0, 'data_freshness': 1.0, 'feature_completeness': 1.0, '_no_predictive_edge_cap': 1.0, '_predictive_edge_cap': 44.0}","σ 국면 계수 x1.00 (VIX 0.93)^0.07 | 최근 가중 학습: 반감기 4년 (fold 학습구간 끝 기준) | 패널 OOF 합류 (473행, 패널 실효표본 40) | 앙상블 가중치: NNLS 스태킹 (ridge:1.00) | NNLS 가 제외한 모델(중복/무기여): catboost,elasticnet,extra_trees,panel,quantile_gbm | baseline은 비교용으로만 유지하고, 최종 예측은 ML/DL 앙상블을 사용 | 채점용 OOF: cross-fitted 스태킹 0/10 fold (첫 fold 는 균등가중) — 최종 가중치는 OOF 전체 NNLS | 꼬리 이탈 보정(보정 전 80% 커버리지 52%) -> 상단 x1.20 / 하단 x1.00 | conformal 잔차 최근 가중 (반감기 250거래일) | drift 축소(실효표본 31.5개): 중앙값 x0.76 | sigma_h 0.2067 (GARCH, 학습과 동일 추정량)",본 출력은 통계 모델의 예측 분포이며 투자 조언이 아닙니다. 실제 투자 판단과 그 결과에 대한 책임은 이용자 본인에게 있습니다.
403870,HPSP,KR,KRW,25,2026-10-05T22:42:04+09:00,66200.0,45798.41736539592,52453.856405119106,66499.52940082646,83812.31428483987,96606.06631901451,0.004524613305535663,0.46153846153846145,0.5384615384615385,45843.23799397263,96437.20852161602,41860.39992481191,101476.0436086551,0.23059477134958448,0.7321157023473632,26.157223321079154,LOW,"gru,ridge",gru:0.401;ridge:0.599,추세=상승추세(200MA 위);변동성=중간변동;거래량=축소/보통;위험선호=위험회피;금리=상승;GMM레짐=NORMAL,"benchmark,bond,credit_trades,earnings,fx,investor_trading,kcs_memory,market_investor,ohlcv,program_trades,regime,securities_lending,short_selling",,1,2026-10-02,2026-10-05T22:40:17+09:00,52453.856405119106,83812.31428483987,83812.31428483987,96606.06631901451,43145.83513883149,-0.03671104665869347,1.0,0.0,1.0,,0,58515.2783796105,0.7639536886675662,0.05804170408149171,48950.0,69800.0,-0.0778571138653764,0.4365079365079365,0.24406283381798966,-0.0778571138653764,0.4365079365079365,0.24406283381798966,0.1954451059625648,-0.24875387703356977,0.5015873015873016,0.5,0.5015873015873016,-0.06507936507936507,630.0,25.2,0.6243386243386243,0.6243386243386243,0.7407407407407407,0.7407407407407407,189.0,7.56,0.3806565712064058,1.0,"{'oos_evidence': 0.916515138991168, '_effective_oos_samples': 25.2, 'baseline_improvement': 0.0, '_baseline_skill': -0.24875387703356977, 'information_coefficient': 0.0, 'directional_accuracy': 0.0, '_direction_reference_accuracy': 0.5015873015873016, '_directional_edge': -0.06507936507936507, '_interval_effective_samples': 7.56, 'probability_calibration': 0.0, 'interval_coverage': 0.0, 'fold_stability': 0.6992071931167476, 'recent_regime': 0.0, 'data_quantity': 1.0, 'data_freshness': 1.0, 'feature_completeness': 1.0, '_no_predictive_edge_cap': 1.0, '_predictive_edge_cap': 44.0}","σ 국면 계수 x1.00 (VIX 0.93)^0.05 | 최근 가중 학습: 반감기 4년 (fold 학습구간 끝 기준) | 패널 OOF 합류 (470행, 패널 실효표본 32) | 앙상블 가중치: NNLS 스태킹 (gru:0.40,ridge:0.60) | NNLS 가 제외한 모델(중복/무기여): panel | 채점용 OOF: cross-fitted 스태킹 0/10 fold (첫 fold 는 균등가중) — 최종 가중치는 OOF 전체 NNLS | conformal 잔차 최근 가중 (반감기 250거래일) | drift 축소(실효표본 25.2개): 중앙값 x0.72 | sigma_h 0.2306 (GARCH, 학습과 동일 추정량)",본 출력은 통계 모델의 예측 분포이며 투자 조언이 아닙니다. 실제 투자 판단과 그 결과에 대한 책임은 이용자 본인에게 있습니다.
403870,HPSP,KR,KRW,30,2026-10-05T22:42:04+09:00,66200.0,37701.07872415952,43984.9636893919,58647.02441688366,76898.67355524607,91195.50200515373,-0.1140932867540233,0.4883177570093459,0.5116822429906541,37715.93806064196,91143.90591892904,34369.7873961304,99764.7489406565,0.2564055048333129,0.743133754067287,24.085163468170776,LOW,"gru,huber,lightgbm,pls,quantile_gbm,xgboost",gru:0.181;huber:0.065;lightgbm:0.181;pls:0.294;quantile_gbm:0.225;xgboost:0.052,추세=상승추세(200MA 위);변동성=중간변동;거래량=축소/보통;위험선호=위험회피;금리=상승;GMM레짐=NORMAL,"benchmark,bond,credit_trades,earnings,fx,investor_trading,kcs_memory,market_investor,ohlcv,program_trades,regime,securities_lending,short_selling",,1,2026-10-02,2026-10-05T22:41:12+09:00,43984.9636893919,76898.67355524607,76898.67355524607,91195.50200515373,37701.07872415952,-0.19960476415721048,1.0,0.0,1.0,,0,58515.2783796105,0.37540626368604724,0.05804170408149171,48950.0,69800.0,-0.1492398071184757,0.42063492063492064,0.2924332592916197,-0.1492398071184757,0.42063492063492064,0.2924332592916197,0.2148601585650591,-0.36103994916801496,0.5063492063492063,0.5015873015873016,0.5063492063492063,-0.08571428571428569,630.0,21.0,0.5873015873015873,0.5873015873015873,0.708994708994709,0.708994708994709,189.0,6.3,0.40092799923689826,1.0,"{'oos_evidence': 0.8366600265340756, '_effective_oos_samples': 21.0, 'baseline_improvement': 0.0, '_baseline_skill': -0.36103994916801496, 'information_coefficient': 0.0, 'directional_accuracy': 0.0, '_direction_reference_accuracy': 0.5063492063492063, '_directional_edge': -0.08571428571428569, '_interval_effective_samples': 6.3, 'probability_calibration': 0.0, 'interval_coverage': 0.0, 'fold_stability': 0.5718563202830019, 'recent_regime': 0.0, 'data_quantity': 1.0, 'data_freshness': 1.0, 'feature_completeness': 1.0, '_no_predictive_edge_cap': 1.0, '_predictive_edge_cap': 44.0}","σ 국면 계수 x1.00 (VIX 0.93)^0.04 | 최근 가중 학습: 반감기 4년 (fold 학습구간 끝 기준) | 패널 OOF 합류 (470행, 패널 실효표본 27) | 앙상블 가중치: NNLS 스태킹 (gru:0.18,huber:0.07,lightgbm:0.18,pls:0.29,quantile_gbm:0.23,xgboost:0.05) | NNLS 가 제외한 모델(중복/무기여): panel | 채점용 OOF: cross-fitted 스태킹 0/10 fold (첫 fold 는 균등가중) — 최종 가중치는 OOF 전체 NNLS | conformal 잔차 최근 가중 (반감기 250거래일) | drift 축소(실효표본 21.0개): 중앙값 x0.68 | sigma_h 0.2520 (GARCH, 학습과 동일 추정량) | 실적 발표 11-14 예측기간 포함(추정) → 구간 ×1.02 (k=1.4)",본 출력은 통계 모델의 예측 분포이며 투자 조언이 아닙니다. 실제 투자 판단과 그 결과에 대한 책임은 이용자 본인에게 있습니다.
042700,한미반도체,KR,KRW,5,2026-10-05T22:51:15+09:00,272000.0,242985.35618964056,255669.60816118622,271295.34999284253,285619.20914111414,305625.61258375575,-0.0025906250263142416,0.5187265917602997,0.48127340823970033,243066.0680619846,305231.3943885529,235742.13918408175,324413.83464677766,0.07446667639706425,0.5286609584967518,29.545075300446488,LOW,"gru,catboost,huber,pls,panel,lgbm_linear",gru:0.399;catboost:0.230;huber:0.127;pls:0.118;panel:0.079;lgbm_linear:0.048,추세=상승추세(200MA 위);변동성=고변동;거래량=축소/보통;위험선호=위험회피;금리=상승;GMM레짐=HIGH_VOL,"benchmark,bond,credit_trades,earnings,fx,investor_trading,kcs_memory,market_investor,ohlcv,program_trades,regime,securities_lending,short_selling",,1,2026-10-02,2026-10-05T22:42:09+09:00,255669.60816118622,285619.20914111414,285619.20914111414,305625.61258375575,203445.0,-0.011258622525889779,1.0,0.0,1.0,,0,255669.60816118622,0.19866106252081023,0.05415471264460122,205500.0,281000.0,-0.08976598974456564,0.43333333333333335,0.12012374345548817,-0.08976598974456564,0.43333333333333335,0.12012374345548817,0.11312008370871832,-0.061913495085489156,0.5079365079365079,0.5079365079365079,0.5079365079365079,-0.07460317460317456,630.0,126.0,0.7142857142857143,0.7142857142857143,0.8571428571428571,0.8571428571428571,189.0,37.8,0.16622141832291062,1.0,"{'oos_evidence': 1.0, '_effective_oos_samples': 126.0, 'baseline_improvement': 0.0, '_baseline_skill': -0.061913495085489156, 'information_coefficient': 0.0, 'directional_accuracy': 0.0, '_direction_reference_accuracy': 0.5079365079365079, '_directional_edge': -0.07460317460317456, '_interval_effective_samples': 37.8, 'probability_calibration': 0.0, 'interval_coverage': 0.2857142857142855, 'fold_stability': 0.6687932443303634, 'recent_regime': 0.0, 'data_quantity': 1.0, 'data_freshness': 1.0, 'feature_completeness': 1.0, '_no_predictive_edge_cap': 1.0, '_predictive_edge_cap': 44.0}","σ 국면 계수 x0.98 (VIX 0.93)^0.23 | 최근 가중 학습: 반감기 4년 (fold 학습구간 끝 기준) | 패널 OOF 합류 (475행, 패널 실효표본 160) | 앙상블 가중치: NNLS 스태킹 (catboost:0.23,gru:0.40,huber:0.13,lgbm_linear:0.05,panel:0.08,pls:0.12) | 채점용 OOF: cross-fitted 스태킹 6/10 fold (첫 fold 는 균등가중) — 최종 가중치는 OOF 전체 NNLS | conformal 잔차 최근 가중 (반감기 250거래일) | drift 축소(실효표본 126.0개): 중앙값 x0.93 | 라이브 보정 x0.86 (최근 20앵커 80% 적중 91%) | sigma_h 0.0745 (GARCH, 학습과 동일 추정량)",본 출력은 통계 모델의 예측 분포이며 투자 조언이 아닙니다. 실제 투자 판단과 그 결과에 대한 책임은 이용자 본인에게 있습니다.
042700,한미반도체,KR,KRW,10,2026-10-05T22:51:15+09:00,272000.0,246533.40904983156,262916.1299044772,285845.2909283592,310679.9441177503,338370.2435511092,0.050901804883673574,0.5320284697508898,0.4679715302491102,246739.73698656357,337082.3200197709,236959.9915763688,365713.0754818697,0.1002520357931381,0.5032612255606921,33.64585562251122,LOW,"hist_gbm,panel,gru,huber,pls,lgbm_linear",hist_gbm:0.411;panel:0.178;gru:0.139;huber:0.104;pls:0.103;lgbm_linear:0.065,추세=상승추세(200MA 위);변동성=고변동;거래량=축소/보통;위험선호=위험회피;금리=상승;GMM레짐=HIGH_VOL,"benchmark,bond,credit_trades,earnings,fx,investor_trading,kcs_memory,market_investor,ohlcv,program_trades,regime,securities_lending,short_selling",,1,2026-10-02,2026-10-05T22:43:42+09:00,262916.1299044772,310679.9441177503,310679.9441177503,338370.2435511092,183619.5089640108,0.0318502852592271,1.0,0.0,1.0,,0,262916.1299044772,0.43765251430883667,0.05415471264460122,205500.0,281000.0,0.030294868905561843,0.4666666666666667,0.16262145830502622,0.030294868905561843,0.4666666666666667,0.16262145830502622,0.15950489401893586,-0.01953898847592961,0.5190476190476191,0.5190476190476191,0.5190476190476191,-0.05238095238095242,630.0,63.0,0.7513227513227513,0.7513227513227513,0.8465608465608465,0.8465608465608465,189.0,18.9,0.18284867422624235,1.0,"{'oos_evidence': 1.0, '_effective_oos_samples': 63.0, 'baseline_improvement': 0.0, '_baseline_skill': -0.01953898847592961, 'information_coefficient': 0.07284645628448566, 'directional_accuracy': 0.0, '_direction_reference_accuracy': 0.5190476190476191, '_directional_edge': -0.05238095238095242, '_interval_effective_samples': 18.9, 'probability_calibration': 0.0, 'interval_coverage': 0.5777803215247211, 'fold_stability': 0.6702509106712239, 'recent_regime': 0.0, 'data_quantity': 1.0, 'data_freshness': 1.0, 'feature_completeness': 1.0}","σ 국면 계수 x0.99 (VIX 0.93)^0.15 | 최근 가중 학습: 반감기 4년 (fold 학습구간 끝 기준) | 패널 OOF 합류 (474행, 패널 실효표본 80) | 앙상블 가중치: NNLS 스태킹 (gru:0.14,hist_gbm:0.41,huber:0.10,lgbm_linear:0.06,panel:0.18,pls:0.10) | 채점용 OOF: cross-fitted 스태킹 6/10 fold (첫 fold 는 균등가중) — 최종 가중치는 OOF 전체 NNLS | conformal 잔차 최근 가중 (반감기 250거래일) | drift 축소(실효표본 63.0개): 중앙값 x0.86 | 라이브 보정 x0.80 (최근 20앵커 80% 적중 95%) | sigma_h 0.1003 (GARCH, 학습과 동일 추정량)",본 출력은 통계 모델의 예측 분포이며 투자 조언이 아닙니다. 실제 투자 판단과 그 결과에 대한 책임은 이용자 본인에게 있습니다.
042700,한미반도체,KR,KRW,15,2026-10-05T22:51:15+09:00,272000.0,215667.05016090546,243357.8451635794,282424.29167875217,320680.57187724626,380800.37814606365,0.038324601760118204,0.54510556621881,0.45489443378119,216194.02767444003,380058.89877313364,203488.96792388972,398989.0393452227,0.1594380444817119,0.6535015168099914,32.1810751901589,LOW,"panel,hist_gbm,pls,gru,huber,catboost",panel:0.295;hist_gbm:0.288;pls:0.215;gru:0.089;huber:0.061;catboost:0.053,추세=상승추세(200MA 위);변동성=고변동;거래량=축소/보통;위험선호=위험회피;금리=상승;GMM레짐=HIGH_VOL,"benchmark,bond,credit_trades,earnings,fx,investor_trading,kcs_memory,market_investor,ohlcv,program_trades,regime,securities_lending,short_selling",,1,2026-10-02,2026-10-05T22:45:14+09:00,243357.8451635794,320680.57187724626,320680.57187724626,380800.37814606365,183619.5089640108,0.002515849327447515,1.0,0.0,1.0,,0,243357.8451635794,0.5508067595757435,0.05415471264460122,205500.0,281000.0,0.025702953849861744,0.4793650793650794,0.2038531322599905,0.025702953849861744,0.4793650793650794,0.2038531322599905,0.19399148349487144,-0.050835472709706675,0.5365079365079365,0.5365079365079365,0.5365079365079365,-0.057142857142857106,630.0,42.0,0.7566137566137566,0.7566137566137566,0.9629629629629629,0.9629629629629629,189.0,12.6,0.22636854830448447,1.0,"{'oos_evidence': 1.0, '_effective_oos_samples': 42.0, 'baseline_improvement': 0.0, '_baseline_skill': -0.050835472709706675, 'information_coefficient': 0.04281448437577176, 'directional_accuracy': 0.0, '_direction_reference_accuracy': 0.5365079365079365, '_directional_edge': -0.057142857142857106, '_interval_effective_samples': 12.6, 'probability_calibration': 0.0, 'interval_coverage': 0.5067523675160748, 'fold_stability': 0.6428519764985804, 'recent_regime': 0.0, 'data_quantity': 1.0, 'data_freshness': 1.0, 'feature_completeness': 1.0, '_weak_predictive_edge_cap': 1.0, '_predictive_edge_cap': 69.0}","σ 국면 계수 x0.99 (VIX 0.93)^0.1 | 최근 가중 학습: 반감기 4년 (fold 학습구간 끝 기준) | 패널 OOF 합류 (472행, 패널 실효표본 53) | 앙상블 가중치: NNLS 스태킹 (catboost:0.05,gru:0.09,hist_gbm:0.29,huber:0.06,panel:0.29,pls:0.22) | 채점용 OOF: cross-fitted 스태킹 6/10 fold (첫 fold 는 균등가중) — 최종 가중치는 OOF 전체 NNLS | conformal 잔차 최근 가중 (반감기 250거래일) | drift 축소(실효표본 42.0개): 중앙값 x0.81 | sigma_h 0.1556 (GARCH, 학습과 동일 추정량) | 실적 발표 10-23 예측기간 포함(추정) → 구간 ×1.02 (k=1.3)",본 출력은 통계 모델의 예측 분포이며 투자 조언이 아닙니다. 실제 투자 판단과 그 결과에 대한 책임은 이용자 본인에게 있습니다.
042700,한미반도체,KR,KRW,20,2026-10-05T22:51:15+09:00,272000.0,198835.52251796515,226288.16780901782,264276.95623379794,311645.315570886,376072.2595270532,-0.028393543258095844,0.5384615384615384,0.46153846153846156,199685.65596343897,375877.64332837134,187006.07583786224,421687.0798357085,0.18581439621544227,0.6595756757154239,30.322722070474388,LOW,"gru,panel,catboost,hist_gbm,huber,lgbm_linear",gru:0.474;panel:0.174;catboost:0.107;hist_gbm:0.106;huber:0.071;lgbm_linear:0.067,추세=상승추세(200MA 위);변동성=고변동;거래량=축소/보통;위험선호=위험회피;금리=상승;GMM레짐=HIGH_VOL,"benchmark,bond,credit_trades,earnings,fx,investor_trading,kcs_memory,market_investor,ohlcv,program_trades,regime,securities_lending,short_selling",,1,2026-10-02,2026-10-05T22:46:45+09:00,226288.16780901782,311645.315570886,311645.315570886,376072.2595270532,183619.5089640108,-0.028844256139963404,1.0,0.0,1.0,,0,242539.83632133694,0.44857541643146276,0.05415471264460122,205500.0,281000.0,0.0006765785244531692,0.49047619047619045,0.2316692132489788,0.0006765785244531692,0.49047619047619045,0.2316692132489788,0.2268405163992571,-0.021286747739644563,0.5412698412698412,0.5412698412698412,0.5412698412698412,-0.05079365079365078,630.0,31.5,0.8518518518518519,0.8518518518518519,0.9735449735449735,0.9735449735449735,189.0,9.45,0.14355278056987145,1.0,"{'oos_evidence': 1.0, '_effective_oos_samples': 31.5, 'baseline_improvement': 0.0, '_baseline_skill': -0.021286747739644563, 'information_coefficient': 2.5691632079291073e-05, 'directional_accuracy': 0.0, '_direction_reference_accuracy': 0.5412698412698412, '_directional_edge': -0.05079365079365078, '_interval_effective_samples': 9.45, 'probability_calibration': 0.029544871060554152, 'interval_coverage': 0.39036755919994215, 'fold_stability': 0.6182276443877266, 'recent_regime': 0.0, 'data_quantity': 1.0, 'data_freshness': 1.0, 'feature_completeness': 1.0, '_no_predictive_edge_cap': 1.0, '_predictive_edge_cap': 44.0}","σ 국면 계수 x1.00 (VIX 0.93)^0.07 | 최근 가중 학습: 반감기 4년 (fold 학습구간 끝 기준) | 패널 OOF 합류 (473행, 패널 실효표본 40) | 앙상블 가중치: NNLS 스태킹 (catboost:0.11,gru:0.47,hist_gbm:0.11,huber:0.07,lgbm_linear:0.07,panel:0.17) | NNLS 가 제외한 모델(중복/무기여): pls | 채점용 OOF: cross-fitted 스태킹 6/10 fold (첫 fold 는 균등가중) — 최종 가중치는 OOF 전체 NNLS | conformal 잔차 최근 가중 (반감기 250거래일) | drift 축소(실효표본 31.5개): 중앙값 x0.76 | sigma_h 0.1824 (GARCH, 학습과 동일 추정량) | 실적 발표 10-23 예측기간 포함(추정) → 구간 ×1.02 (k=1.3)",본 출력은 통계 모델의 예측 분포이며 투자 조언이 아닙니다. 실제 투자 판단과 그 결과에 대한 책임은 이용자 본인에게 있습니다.
042700,한미반도체,KR,KRW,25,2026-10-05T22:51:15+09:00,272000.0,193250.57997032444,219881.81058315924,265002.0037989548,314658.59353481355,385719.7894721873,-0.025727927209725054,0.5680147058823529,0.4319852941176471,193725.32508519536,385208.91249524214,180865.50318220473,423587.3371622402,0.20972931761894642,0.6658699404708113,32.78001621969347,LOW,"gru,hist_gbm,panel,huber,xgboost,random_forest",gru:0.393;hist_gbm:0.271;panel:0.126;huber:0.104;xgboost:0.063;random_forest:0.043,추세=상승추세(200MA 위);변동성=고변동;거래량=축소/보통;위험선호=위험회피;금리=상승;GMM레짐=HIGH_VOL,"benchmark,bond,credit_trades,earnings,fx,investor_trading,kcs_memory,market_investor,ohlcv,program_trades,regime,securities_lending,short_selling",,1,2026-10-02,2026-10-05T22:48:14+09:00,219881.81058315924,314658.59353481355,314658.59353481355,385719.7894721873,183619.5089640108,-0.032595794243445594,1.0,0.0,1.0,,0,242539.83632133694,0.4826697955032028,0.05415471264460122,205500.0,281000.0,0.11168174127062913,0.5476190476190477,0.25552744625851403,0.11168174127062913,0.5476190476190477,0.25552744625851403,0.256672106711643,0.004459621529560698,0.5555555555555556,0.5555555555555556,0.5555555555555556,-0.007936507936507908,630.0,25.2,0.9312169312169312,0.9312169312169312,0.9947089947089947,0.9947089947089947,189.0,7.56,0.17023018131554277,1.0,"{'oos_evidence': 0.916515138991168, '_effective_oos_samples': 25.2, 'baseline_improvement': 0.2043655323006664, '_baseline_skill': 0.004459621529560698, 'information_coefficient': 0.280318945844569, 'directional_accuracy': 0.0, '_direction_reference_accuracy': 0.5555555555555556, '_directional_edge': -0.007936507936507908, '_interval_effective_samples': 7.56, 'probability_calibration': 0.0, 'interval_coverage': 0.0, 'fold_stability': 0.5859913179458023, 'recent_regime': 0.0, 'data_quantity': 1.0, 'data_freshness': 1.0, 'feature_completeness': 1.0}","σ 국면 계수 x1.00 (VIX 0.93)^0.05 | 최근 가중 학습: 반감기 4년 (fold 학습구간 끝 기준) | 패널 OOF 합류 (470행, 패널 실효표본 32) | 앙상블 가중치: NNLS 스태킹 (gru:0.39,hist_gbm:0.27,huber:0.10,panel:0.13,random_forest:0.04,xgboost:0.06) | NNLS 가 제외한 모델(중복/무기여): pls,quantile_gbm | 채점용 OOF: cross-fitted 스태킹 6/10 fold (첫 fold 는 균등가중) — 최종 가중치는 OOF 전체 NNLS | conformal 잔차 최근 가중 (반감기 250거래일) | drift 축소(실효표본 25.2개): 중앙값 x0.72 | sigma_h 0.2066 (GARCH, 학습과 동일 추정량) | 실적 발표 10-23 예측기간 포함(추정) → 구간 ×1.01 (k=1.3)",본 출력은 통계 모델의 예측 분포이며 투자 조언이 아닙니다. 실제 투자 판단과 그 결과에 대한 책임은 이용자 본인에게 있습니다.
042700,한미반도체,KR,KRW,30,2026-10-05T22:51:15+09:00,272000.0,188369.20022229827,232011.58966166442,285259.16412668535,338935.7985175377,409025.8333931711,0.04874692693634319,0.5789473684210527,0.42105263157894735,190063.73631956574,408735.16801196325,167993.57309936718,460179.18793035205,0.23176979170217904,0.6717326739884255,30.73756865773123,LOW,"gru,hist_gbm,huber,panel,quantile_gbm,random_forest",gru:0.143;hist_gbm:0.196;huber:0.166;panel:0.196;quantile_gbm:0.188;random_forest:0.110,추세=상승추세(200MA 위);변동성=고변동;거래량=축소/보통;위험선호=위험회피;금리=상승;GMM레짐=HIGH_VOL,"benchmark,bond,credit_trades,earnings,fx,investor_trading,kcs_memory,market_investor,ohlcv,program_trades,regime,securities_lending,short_selling",,1,2026-10-02,2026-10-05T22:49:45+09:00,232011.58966166442,338935.7985175377,338935.7985175377,409025.8333931711,183619.5089640108,0.014896541811747523,1.0,0.0,1.0,,0,242539.83632133694,0.7573594323014222,0.05415471264460122,205500.0,281000.0,0.13340148389440293,0.5761904761904761,0.2842689514876251,0.13340148389440293,0.5761904761904761,0.2842689514876251,0.2840860085275126,-0.0006439703280733955,0.5396825396825397,0.5396825396825397,0.5396825396825397,0.03650793650793649,630.0,21.0,0.9259259259259259,0.9259259259259259,0.9947089947089947,0.9947089947089947,189.0,6.3,0.14436365182331065,1.0,"{'oos_evidence': 0.8366600265340756, '_effective_oos_samples': 21.0, 'baseline_improvement': 0.0, '_baseline_skill': -0.0006439703280733955, 'information_coefficient': 0.3056611988827669, 'directional_accuracy': 0.12254238045057306, '_direction_reference_accuracy': 0.5396825396825397, '_directional_edge': 0.03650793650793649, '_interval_effective_samples': 6.3, 'probability_calibration': 0.021089283789739538, 'interval_coverage': 0.0, 'fold_stability': 0.5841166374541411, 'recent_regime': 0.0, 'data_quantity': 1.0, 'data_freshness': 1.0, 'feature_completeness': 1.0}","σ 국면 계수 x1.00 (VIX 0.93)^0.04 | 최근 가중 학습: 반감기 4년 (fold 학습구간 끝 기준) | 패널 OOF 합류 (470행, 패널 실효표본 27) | 앙상블 가중치: NNLS 스태킹 (gru:0.14,hist_gbm:0.20,huber:0.17,panel:0.20,quantile_gbm:0.19,random_forest:0.11) | NNLS 가 제외한 모델(중복/무기여): extra_trees,pls,ridge | 채점용 OOF: cross-fitted 스태킹 6/10 fold (첫 fold 는 균등가중) — 최종 가중치는 OOF 전체 NNLS | conformal 잔차 최근 가중 (반감기 250거래일) | drift 축소(실효표본 21.0개): 중앙값 x0.68 | sigma_h 0.2289 (GARCH, 학습과 동일 추정량) | 실적 발표 10-23 예측기간 포함(추정) → 구간 ×1.01 (k=1.3)",본 출력은 통계 모델의 예측 분포이며 투자 조언이 아닙니다. 실제 투자 판단과 그 결과에 대한 책임은 이용자 본인에게 있습니다.
353200,대덕전자,KR,KRW,5,2026-10-05T22:58:08+09:00,149200.0,134038.3576451873,144445.961694288,154747.40593084166,166564.82715983654,178051.18387828371,0.03718100489840248,0.536842105263158,0.463157894736842,134180.44009525242,177870.01965557295,127635.00082562551,189668.83387937307,0.09819803157860175,0.6971368672348123,41.89171266708424,LOW,"elasticnet,panel",elasticnet:0.595;panel:0.405,추세=상승추세(200MA 위);변동성=고변동;거래량=축소/보통;위험선호=위험회피;금리=상승;GMM레짐=HIGH_VOL,"benchmark,bond,credit_trades,earnings,fx,investor_trading,kcs_memory,market_investor,ohlcv,program_trades,regime,securities_lending,short_selling",,1,2026-10-02,2026-10-05T22:51:16+09:00,144445.961694288,166564.82715983654,166564.82715983654,178051.18387828371,93555.0,0.02054294274654539,1.0,0.0,1.0,,0,144445.961694288,0.3120644650882656,0.06445441895638518,94500.0,154200.0,-0.06827022682728794,0.49206349206349204,0.10041484102711645,-0.06827022682728794,0.49206349206349204,0.10041484102711645,0.09585681224604481,-0.04755038973518255,0.5396825396825397,0.5396825396825397,0.5396825396825397,-0.047619047619047616,630.0,126.0,0.8042328042328042,0.8042328042328042,0.8888888888888888,0.8888888888888888,189.0,37.8,0.03388291564833337,1.0,"{'oos_evidence': 1.0, '_effective_oos_samples': 126.0, 'baseline_improvement': 0.0, '_baseline_skill': -0.04755038973518255, 'information_coefficient': 0.0, 'directional_accuracy': 0.0, '_direction_reference_accuracy': 0.5396825396825397, '_directional_edge': -0.047619047619047616, '_interval_effective_samples': 37.8, 'probability_calibration': 0.7741138956777776, 'interval_coverage': 0.9647266313932988, 'fold_stability': 0.605153518772903, 'recent_regime': 0.0, 'data_quantity': 1.0, 'data_freshness': 1.0, 'feature_completeness': 1.0, '_no_predictive_edge_cap': 1.0, '_predictive_edge_cap': 44.0}","σ 국면 계수 x0.98 (VIX 0.93)^0.23 | 최근 가중 학습: 반감기 4년 (fold 학습구간 끝 기준) | 패널 OOF 합류 (475행, 패널 실효표본 160) | 앙상블 가중치: NNLS 스태킹 (elasticnet:0.59,panel:0.41) | NNLS 가 제외한 모델(중복/무기여): extra_trees,gru,quantile_gbm,random_forest,ridge | baseline은 비교용으로만 유지하고, 최종 예측은 ML/DL 앙상블을 사용 | 채점용 OOF: cross-fitted 스태킹 6/10 fold (첫 fold 는 균등가중) — 최종 가중치는 OOF 전체 NNLS | conformal 잔차 최근 가중 (반감기 250거래일) | drift 축소(실효표본 126.0개): 중앙값 x0.93 | 라이브 보정 x0.86 (최근 20앵커 80% 적중 91%) | sigma_h 0.0982 (GARCH, 학습과 동일 추정량)",본 출력은 통계 모델의 예측 분포이며 투자 조언이 아닙니다. 실제 투자 판단과 그 결과에 대한 책임은 이용자 본인에게 있습니다.
353200,대덕전자,KR,KRW,10,2026-10-05T22:58:08+09:00,149200.0,132548.88350978348,144000.50361876684,156776.51785765856,173871.79736461843,188021.91346667576,0.050780950788596346,0.5617597292724196,0.4382402707275804,132629.95512616515,187885.5232320164,127094.95520815176,199174.28405963798,0.12934925945184028,0.6493281290708383,34.685857104834064,LOW,"elasticnet,hist_gbm,panel",elasticnet:0.703;hist_gbm:0.153;panel:0.144,추세=상승추세(200MA 위);변동성=고변동;거래량=축소/보통;위험선호=위험회피;금리=상승;GMM레짐=HIGH_VOL,"benchmark,bond,credit_trades,earnings,fx,investor_trading,kcs_memory,market_investor,ohlcv,program_trades,regime,securities_lending,short_selling",,1,2026-10-02,2026-10-05T22:52:26+09:00,144000.50361876684,173871.79736461843,173871.79736461843,188021.91346667576,91500.404150244,0.02368288813169757,1.0,0.0,1.0,,0,144000.50361876684,0.4275904709776707,0.06445441895638518,94500.0,154200.0,-0.08695913412437019,0.5349206349206349,0.13367713357424713,-0.08695913412437019,0.5349206349206349,0.13367713357424713,0.12341367225206173,-0.08316308181173926,0.5841269841269842,0.5841269841269842,0.5841269841269842,-0.049206349206349254,630.0,63.0,0.8783068783068783,0.8783068783068783,0.9576719576719577,0.9576719576719577,189.0,18.9,0.04648612620210346,1.0,"{'oos_evidence': 1.0, '_effective_oos_samples': 63.0, 'baseline_improvement': 0.0, '_baseline_skill': -0.08316308181173926, 'information_coefficient': 0.0, 'directional_accuracy': 0.0, '_direction_reference_accuracy': 0.5841269841269842, '_directional_edge': -0.049206349206349254, '_interval_effective_samples': 18.9, 'probability_calibration': 0.670846574771883, 'interval_coverage': 0.33775288825035743, 'fold_stability': 0.5941555624155423, 'recent_regime': 0.0, 'data_quantity': 1.0, 'data_freshness': 1.0, 'feature_completeness': 1.0, '_no_predictive_edge_cap': 1.0, '_predictive_edge_cap': 44.0}","σ 국면 계수 x0.99 (VIX 0.93)^0.15 | 최근 가중 학습: 반감기 4년 (fold 학습구간 끝 기준) | 패널 OOF 합류 (474행, 패널 실효표본 80) | 앙상블 가중치: NNLS 스태킹 (elasticnet:0.70,hist_gbm:0.15,panel:0.14) | NNLS 가 제외한 모델(중복/무기여): extra_trees,quantile_gbm,random_forest,ridge | baseline은 비교용으로만 유지하고, 최종 예측은 ML/DL 앙상블을 사용 | 채점용 OOF: cross-fitted 스태킹 6/10 fold (첫 fold 는 균등가중) — 최종 가중치는 OOF 전체 NNLS | conformal 잔차 최근 가중 (반감기 250거래일) | drift 축소(실효표본 63.0개): 중앙값 x0.86 | 라이브 보정 x0.80 (최근 20앵커 80% 적중 95%) | sigma_h 0.1293 (GARCH, 학습과 동일 추정량)",본 출력은 통계 모델의 예측 분포이며 투자 조언이 아닙니다. 실제 투자 판단과 그 결과에 대한 책임은 이용자 본인에게 있습니다.
353200,대덕전자,KR,KRW,15,2026-10-05T22:58:08+09:00,149200.0,121576.45883173498,137198.27137660855,157790.37137905505,187874.20545517476,217598.45602002673,0.05757621567731275,0.5435356200527705,0.45646437994722955,121746.59797460251,217080.74670028128,114482.86847761963,263546.10482239176,0.19683322713254806,0.8067761550128651,30.919531351700513,LOW,"elasticnet,panel",elasticnet:0.839;panel:0.161,추세=상승추세(200MA 위);변동성=고변동;거래량=축소/보통;위험선호=위험회피;금리=상승;GMM레짐=HIGH_VOL,"benchmark,bond,credit_trades,earnings,fx,investor_trading,kcs_memory,market_investor,ohlcv,program_trades,regime,securities_lending,short_selling",,1,2026-10-02,2026-10-05T22:53:36+09:00,137198.27137660855,187874.20545517476,187874.20545517476,217598.45602002673,91500.404150244,0.026029602532005168,1.0,0.0,1.0,,0,137198.27137660855,0.6702682208707065,0.06445441895638518,94500.0,154200.0,-0.03226991677166181,0.5428571428571428,0.17750192016168878,-0.03226991677166181,0.5428571428571428,0.17750192016168878,0.15291821685279003,-0.16076373250261455,0.5746031746031746,0.5746031746031746,0.5746031746031746,-0.031746031746031744,630.0,42.0,0.91005291005291,0.91005291005291,0.9523809523809523,0.9523809523809523,189.0,12.6,0.05001464088393466,1.0,"{'oos_evidence': 1.0, '_effective_oos_samples': 42.0, 'baseline_improvement': 0.0, '_baseline_skill': -0.16076373250261455, 'information_coefficient': 0.0, 'directional_accuracy': 0.0, '_direction_reference_accuracy': 0.5746031746031746, '_directional_edge': -0.031746031746031744, '_interval_effective_samples': 12.6, 'probability_calibration': 0.5290727899371875, 'interval_coverage': 0.06579381567197716, 'fold_stability': 0.6029010875483238, 'recent_regime': 0.0, 'data_quantity': 1.0, 'data_freshness': 1.0, 'feature_completeness': 1.0, '_no_predictive_edge_cap': 1.0, '_predictive_edge_cap': 44.0}","σ 국면 계수 x0.99 (VIX 0.93)^0.1 | 최근 가중 학습: 반감기 4년 (fold 학습구간 끝 기준) | 패널 OOF 합류 (472행, 패널 실효표본 53) | 앙상블 가중치: NNLS 스태킹 (elasticnet:0.84,panel:0.16) | NNLS 가 제외한 모델(중복/무기여): extra_trees,gru,random_forest,ridge | baseline은 비교용으로만 유지하고, 최종 예측은 ML/DL 앙상블을 사용 | 채점용 OOF: cross-fitted 스태킹 6/10 fold (첫 fold 는 균등가중) — 최종 가중치는 OOF 전체 NNLS | conformal 잔차 최근 가중 (반감기 250거래일) | drift 축소(실효표본 42.0개): 중앙값 x0.81 | sigma_h 0.1968 (GARCH, 학습과 동일 추정량)",본 출력은 통계 모델의 예측 분포이며 투자 조언이 아닙니다. 실제 투자 판단과 그 결과에 대한 책임은 이용자 본인에게 있습니다.
353200,대덕전자,KR,KRW,20,2026-10-05T22:58:08+09:00,149200.0,118920.76048271201,135245.77027532816,163169.92984504945,202464.9877449241,246419.93483041628,0.0936322375673555,0.5445205479452054,0.45547945205479456,120216.25226491496,245426.73544038375,112020.78162677404,297721.1583709957,0.22668987742976007,0.8046692405373201,25.851936707310813,LOW,"elasticnet,panel",elasticnet:0.647;panel:0.353,추세=상승추세(200MA 위);변동성=고변동;거래량=축소/보통;위험선호=위험회피;금리=상승;GMM레짐=HIGH_VOL,"benchmark,bond,credit_trades,earnings,fx,investor_trading,kcs_memory,market_investor,ohlcv,program_trades,regime,securities_lending,short_selling",,1,2026-10-02,2026-10-05T22:54:41+09:00,135245.77027532816,202464.9877449241,202464.9877449241,246419.93483041628,91500.404150244,0.029485902822157708,1.0,0.0,1.0,,0,135245.77027532816,0.9231431686908311,0.06445441895638518,94500.0,154200.0,-0.19724683449194885,0.5111111111111111,0.22281421451210034,-0.19724683449194885,0.5111111111111111,0.22281421451210034,0.18219541010052812,-0.2229408764422791,0.5698412698412698,0.5698412698412698,0.5698412698412698,-0.058730158730158744,630.0,31.5,0.9365079365079365,0.9365079365079365,0.9576719576719577,0.9576719576719577,189.0,9.45,0.19624200097569172,1.0,"{'oos_evidence': 1.0, '_effective_oos_samples': 31.5, 'baseline_improvement': 0.0, '_baseline_skill': -0.2229408764422791, 'information_coefficient': 0.0, 'directional_accuracy': 0.0, '_direction_reference_accuracy': 0.5698412698412698, '_directional_edge': -0.058730158730158744, '_interval_effective_samples': 9.45, 'probability_calibration': 0.0, 'interval_coverage': 0.0, 'fold_stability': 0.5851936707310811, 'recent_regime': 0.0, 'data_quantity': 1.0, 'data_freshness': 1.0, 'feature_completeness': 1.0, '_no_predictive_edge_cap': 1.0, '_predictive_edge_cap': 44.0}","σ 국면 계수 x1.00 (VIX 0.93)^0.07 | 최근 가중 학습: 반감기 4년 (fold 학습구간 끝 기준) | 패널 OOF 합류 (473행, 패널 실효표본 40) | 앙상블 가중치: NNLS 스태킹 (elasticnet:0.65,panel:0.35) | NNLS 가 제외한 모델(중복/무기여): extra_trees,gru,random_forest,ridge | baseline은 비교용으로만 유지하고, 최종 예측은 ML/DL 앙상블을 사용 | 채점용 OOF: cross-fitted 스태킹 6/10 fold (첫 fold 는 균등가중) — 최종 가중치는 OOF 전체 NNLS | conformal 잔차 최근 가중 (반감기 250거래일) | drift 축소(실효표본 31.5개): 중앙값 x0.76 | sigma_h 0.2267 (GARCH, 학습과 동일 추정량)",본 출력은 통계 모델의 예측 분포이며 투자 조언이 아닙니다. 실제 투자 판단과 그 결과에 대한 책임은 이용자 본인에게 있습니다.
353200,대덕전자,KR,KRW,25,2026-10-05T22:58:08+09:00,149200.0,102871.11296807787,122808.03609474597,158004.76249976642,223603.27831099587,278653.61132716556,0.059013153483689074,0.5250431778929189,0.4749568221070811,102963.29818190476,277562.2471244058,83681.93987903379,350502.9435891412,0.28706891538686713,0.9114155511008325,28.6264810661785,LOW,"elasticnet,panel",elasticnet:0.115;panel:0.885,추세=상승추세(200MA 위);변동성=고변동;거래량=축소/보통;위험선호=위험회피;금리=상승;GMM레짐=HIGH_VOL,"benchmark,bond,credit_trades,earnings,fx,investor_trading,kcs_memory,market_investor,ohlcv,program_trades,regime,securities_lending,short_selling",,1,2026-10-02,2026-10-05T22:55:48+09:00,122808.03609474597,223603.27831099587,223603.27831099587,278653.61132716556,91500.404150244,0.024378407429129223,1.0,0.0,1.0,,0,129966.80138341465,1.2894939247882184,0.06445441895638518,94500.0,154200.0,-0.2460971867532999,0.4873015873015873,0.27331877564380463,-0.2460971867532999,0.4873015873015873,0.27331877564380463,0.21017881867384725,-0.30041065683187207,0.553968253968254,0.553968253968254,0.553968253968254,-0.06666666666666671,630.0,25.2,0.8412698412698413,0.8412698412698413,0.8571428571428571,0.8571428571428571,189.0,7.56,0.4368300264108979,1.0,"{'oos_evidence': 0.916515138991168, '_effective_oos_samples': 25.2, 'baseline_improvement': 0.0, '_baseline_skill': -0.30041065683187207, 'information_coefficient': 0.0, 'directional_accuracy': 0.0, '_direction_reference_accuracy': 0.553968253968254, '_directional_edge': -0.06666666666666671, '_interval_effective_samples': 7.56, 'probability_calibration': 0.0, 'interval_coverage': 0.4033720301520606, 'fold_stability': 0.5427609374746212, 'recent_regime': 0.0, 'data_quantity': 1.0, 'data_freshness': 1.0, 'feature_completeness': 1.0, '_no_predictive_edge_cap': 1.0, '_predictive_edge_cap': 44.0}","σ 국면 계수 x1.00 (VIX 0.93)^0.05 | 최근 가중 학습: 반감기 4년 (fold 학습구간 끝 기준) | 패널 OOF 합류 (470행, 패널 실효표본 32) | 앙상블 가중치: NNLS 스태킹 (elasticnet:0.11,panel:0.89) | NNLS 가 제외한 모델(중복/무기여): catboost,extra_trees,random_forest,ridge | baseline은 비교용으로만 유지하고, 최종 예측은 ML/DL 앙상블을 사용 | 채점용 OOF: cross-fitted 스태킹 6/10 fold (첫 fold 는 균등가중) — 최종 가중치는 OOF 전체 NNLS | conformal 잔차 최근 가중 (반감기 250거래일) | drift 축소(실효표본 25.2개): 중앙값 x0.72 | sigma_h 0.2527 (GARCH, 학습과 동일 추정량) | 실적 발표 11-02 예측기간 포함(추정) → 구간 ×1.14 (k=2.9)",본 출력은 통계 모델의 예측 분포이며 투자 조언이 아닙니다. 실제 투자 판단과 그 결과에 대한 책임은 이용자 본인에게 있습니다.
353200,대덕전자,KR,KRW,30,2026-10-05T22:58:08+09:00,149200.0,124940.63207086084,135980.76629940307,152802.56917998774,174692.98881021133,204055.71013209768,0.024145906032089437,0.5453359425962165,0.45466405740378346,125083.6602776806,203842.95534162936,119040.76920425067,223849.32372480928,0.3073704018499364,0.8908440587670143,15.0,LOW,baseline_hist_mean,baseline_hist_mean:1.000,추세=상승추세(200MA 위);변동성=고변동;거래량=축소/보통;위험선호=위험회피;금리=상승;GMM레짐=HIGH_VOL,"benchmark,bond,credit_trades,earnings,fx,investor_trading,kcs_memory,market_investor,ohlcv,program_trades,regime,securities_lending,short_selling",,4,2026-10-02,2026-10-05T22:56:59+09:00,135980.76629940307,174692.98881021133,174692.98881021133,204055.71013209768,91500.404150244,0.023859002826561265,1.0,0.0,1.0,,0,135980.76629940307,0.4418226581099898,0.06445441895638518,94500.0,154200.0,,,0.19590308456198927,-0.08878880607088711,0.4650793650793651,0.27186665855922976,0.24019552036533076,0.18440158973811804,,,,,630.0,21.0,0.8888888888888888,0.8888888888888888,0.9259259259259259,0.9259259259259259,189.0,6.3,0.17707403748403044,1.0,{'fallback': 1.0},"σ 국면 계수 x1.00 (VIX 0.93)^0.04 | 최근 가중 학습: 반감기 4년 (fold 학습구간 끝 기준) | 패널 OOF 합류 (470행, 패널 실효표본 27) | 앙상블 가중치: NNLS 스태킹 (panel:1.00) | NNLS 가 제외한 모델(중복/무기여): catboost,elasticnet,extra_trees,quantile_gbm,random_forest | baseline은 비교용으로만 유지하고, 최종 예측은 ML/DL 앙상블을 사용 | 채점용 OOF: cross-fitted 스태킹 6/10 fold (첫 fold 는 균등가중) — 최종 가중치는 OOF 전체 NNLS | conformal 잔차 최근 가중 (반감기 250거래일) | drift 축소(실효표본 21.0개): 중앙값 x0.68 | 최종 모델 학습 실패 — baseline fallback | drift 축소(실효표본 51.1개): 중앙값 x0.84 | 통계적 baseline(과거 수익률 분포) 사용 | sigma_h 0.2757 (GARCH, 학습과 동일 추정량) | 실적 발표 11-02 예측기간 포함(추정) → 구간 ×1.11 (k=2.9)",본 출력은 통계 모델의 예측 분포이며 투자 조언이 아닙니다. 실제 투자 판단과 그 결과에 대한 책임은 이용자 본인에게 있습니다.
ASML,ASML 홀딩(ADR),US,USD,5,2026-10-05T23:08:34+09:00,1850.44,1771.7697383925831,1826.353858606109,1873.2561548000938,1926.5294254180917,1984.7041042678989,0.012330124078648197,0.5721271393643031,0.42787286063569685,1772.9104431942676,1984.4611932172188,1723.7734101930039,2024.6628019807902,0.044736213887095914,0.31759561265984215,32.219495589336134,LOW,"gru,hist_gbm,panel,pls,quantile_gbm",gru:0.223;hist_gbm:0.039;panel:0.572;pls:0.048;quantile_gbm:0.118,추세=상승추세(200MA 위);변동성=고변동;거래량=축소/보통;위험선호=위험선호;금리=상승;GMM레짐=LOW_VOL,"benchmark,bond,fx,kcs_memory,ohlcv,regime",earnings,1,2026-10-05,2026-10-05T22:58:12+09:00,1826.353858606109,1926.5294254180917,1926.5294254180917,1984.7041042678989,1557.1116,0.0069465171958476455,1.0,0.0,1.0,,0,1826.353858606109,0.2594001311093356,0.027102027970806748,1572.84,1874.99,-0.01623325305622313,0.5111111111111111,0.05968150423814254,-0.01623325305622313,0.5111111111111111,0.05968150423814254,0.05683768603692508,-0.0500340249490443,0.553968253968254,0.553968253968254,0.553968253968254,-0.04285714285714293,630.0,126.0,0.7407407407407407,0.7407407407407407,0.8518518518518519,0.8518518518518519,189.0,37.8,0.23487219475146123,1.0,"{'oos_evidence': 1.0, '_effective_oos_samples': 126.0, 'baseline_improvement': 0.0, '_baseline_skill': -0.0500340249490443, 'information_coefficient': 0.0, 'directional_accuracy': 0.0, '_direction_reference_accuracy': 0.553968253968254, '_directional_edge': -0.04285714285714293, '_interval_effective_samples': 37.8, 'probability_calibration': 0.0, 'interval_coverage': 0.5061728395061721, 'fold_stability': 0.7157767194274409, 'recent_regime': 0.0, 'data_quantity': 1.0, 'data_freshness': 1.0, 'feature_completeness': 1.0, '_no_predictive_edge_cap': 1.0, '_predictive_edge_cap': 44.0}","σ 국면 계수 x0.98 (VIX 0.93)^0.23 | 최근 가중 학습: 반감기 4년 (fold 학습구간 끝 기준) | 패널 OOF 합류 (489행, 패널 실효표본 160) | 앙상블 가중치: NNLS 스태킹 (gru:0.22,hist_gbm:0.04,panel:0.57,pls:0.05,quantile_gbm:0.12) | NNLS 가 제외한 모델(중복/무기여): elasticnet,extra_trees,random_forest,ridge | baseline은 비교용으로만 유지하고, 최종 예측은 ML/DL 앙상블을 사용 | 채점용 OOF: cross-fitted 스태킹 7/10 fold (첫 fold 는 균등가중) — 최종 가중치는 OOF 전체 NNLS | conformal 잔차 최근 가중 (반감기 250거래일) | drift 축소(실효표본 126.0개): 중앙값 x0.93 | 라이브 보정 x0.86 (최근 20앵커 80% 적중 91%) | sigma_h 0.0447 (GARCH, 학습과 동일 추정량)",본 출력은 통계 모델의 예측 분포이며 투자 조언이 아닙니다. 실제 투자 판단과 그 결과에 대한 책임은 이용자 본인에게 있습니다.
ASML,ASML 홀딩(ADR),US,USD,10,2026-10-05T23:08:34+09:00,1850.44,1759.0659146820842,1813.0109964843966,1876.3201219137673,1961.62120594529,2036.4698463186237,0.013985928705479322,0.5426497277676953,0.45735027223230473,1759.6094748194052,2035.2927481280608,1719.4427618894188,2102.6994411732353,0.06036616222343806,0.303035729325732,28.23821903427733,LOW,"extra_trees,gru,panel,pls",extra_trees:0.330;gru:0.062;panel:0.557;pls:0.051,추세=상승추세(200MA 위);변동성=고변동;거래량=축소/보통;위험선호=위험선호;금리=상승;GMM레짐=LOW_VOL,"benchmark,bond,fx,kcs_memory,ohlcv,regime",earnings,1,2026-10-05,2026-10-05T23:00:00+09:00,1813.0109964843966,1961.62120594529,1961.62120594529,2036.4698463186237,1549.5359401702021,0.010286731427279231,1.0,0.0,1.0,,0,1813.0109964843966,0.36949054794467734,0.027102027970806748,1572.84,1874.99,-0.05807534818441876,0.5079365079365079,0.08172274586554497,-0.05807534818441876,0.5079365079365079,0.08172274586554497,0.07671850369285901,-0.06522862063004164,0.5714285714285714,0.5714285714285714,0.5714285714285714,-0.06349206349206349,630.0,63.0,0.7301587301587301,0.6984126984126984,0.8941798941798942,0.8888888888888888,189.0,18.9,0.2884787423826326,1.05,"{'oos_evidence': 1.0, '_effective_oos_samples': 63.0, 'baseline_improvement': 0.0, '_baseline_skill': -0.06522862063004164, 'information_coefficient': 0.0, 'directional_accuracy': 0.0, '_direction_reference_accuracy': 0.5714285714285714, '_directional_edge': -0.06349206349206349, '_interval_effective_samples': 18.9, 'probability_calibration': 0.0, 'interval_coverage': 0.1491599049633548, 'fold_stability': 0.6746619984643778, 'recent_regime': 0.0, 'data_quantity': 1.0, 'data_freshness': 1.0, 'feature_completeness': 1.0, '_no_predictive_edge_cap': 1.0, '_predictive_edge_cap': 44.0}","σ 국면 계수 x0.99 (VIX 0.93)^0.15 | 최근 가중 학습: 반감기 4년 (fold 학습구간 끝 기준) | 패널 OOF 합류 (489행, 패널 실효표본 80) | 앙상블 가중치: NNLS 스태킹 (extra_trees:0.33,gru:0.06,panel:0.56,pls:0.05) | 채점용 OOF: cross-fitted 스태킹 7/10 fold (첫 fold 는 균등가중) — 최종 가중치는 OOF 전체 NNLS | 꼬리 이탈 보정(보정 전 80% 커버리지 70%) -> 상단 x1.05 / 하단 x1.00 | conformal 잔차 최근 가중 (반감기 250거래일) | drift 축소(실효표본 63.0개): 중앙값 x0.86 | 라이브 보정 x0.80 (최근 20앵커 80% 적중 95%) | sigma_h 0.0604 (GARCH, 학습과 동일 추정량)",본 출력은 통계 모델의 예측 분포이며 투자 조언이 아닙니다. 실제 투자 판단과 그 결과에 대한 책임은 이용자 본인에게 있습니다.
ASML,ASML 홀딩(ADR),US,USD,15,2026-10-05T23:08:34+09:00,1850.44,1678.8357768458518,1792.1993693807437,1881.2240122743483,1997.3543925015524,2130.8378919610363,0.016636049952631904,0.5988538681948425,0.40114613180515746,1684.7809863803577,2129.5122480632936,1619.6780110193047,2227.8731335463804,0.09385500564009994,0.38469104877318583,32.63219810327542,LOW,"panel,gru,lgbm_linear,quantile_gbm,pls,extra_trees",panel:0.441;gru:0.193;lgbm_linear:0.160;quantile_gbm:0.076;pls:0.074;extra_trees:0.057,추세=상승추세(200MA 위);변동성=고변동;거래량=축소/보통;위험선호=위험선호;금리=상승;GMM레짐=LOW_VOL,"benchmark,bond,fx,kcs_memory,ohlcv,regime",earnings,1,2026-10-05,2026-10-05T23:01:36+09:00,1792.1993693807437,1997.3543925015524,1997.3543925015524,2130.8378919610363,1549.5359401702021,0.0064566606771803365,1.0,0.0,1.0,,0,1792.1993693807437,0.488243304476026,0.027102027970806748,1572.84,1874.99,0.02285540078026328,0.5333333333333333,0.09980047623654065,0.02285540078026328,0.5333333333333333,0.09980047623654065,0.09275394262332322,-0.07597017888321611,0.5968253968253968,0.5968253968253968,0.5968253968253968,-0.06349206349206349,630.0,42.0,0.7671957671957672,0.7671957671957672,0.9259259259259259,0.9259259259259259,189.0,12.6,0.26562309536187134,1.0,"{'oos_evidence': 1.0, '_effective_oos_samples': 42.0, 'baseline_improvement': 0.0, '_baseline_skill': -0.07597017888321611, 'information_coefficient': 0.03385340272617484, 'directional_accuracy': 0.0, '_direction_reference_accuracy': 0.5968253968253968, '_directional_edge': -0.06349206349206349, '_interval_effective_samples': 12.6, 'probability_calibration': 0.0, 'interval_coverage': 0.5767457884437095, 'fold_stability': 0.6323085775219529, 'recent_regime': 0.0, 'data_quantity': 1.0, 'data_freshness': 1.0, 'feature_completeness': 1.0, '_weak_predictive_edge_cap': 1.0, '_predictive_edge_cap': 69.0}","σ 국면 계수 x0.99 (VIX 0.93)^0.1 | 최근 가중 학습: 반감기 4년 (fold 학습구간 끝 기준) | 패널 OOF 합류 (489행, 패널 실효표본 53) | 앙상블 가중치: NNLS 스태킹 (extra_trees:0.06,gru:0.19,lgbm_linear:0.16,panel:0.44,pls:0.07,quantile_gbm:0.08) | 채점용 OOF: cross-fitted 스태킹 7/10 fold (첫 fold 는 균등가중) — 최종 가중치는 OOF 전체 NNLS | conformal 잔차 최근 가중 (반감기 250거래일) | drift 축소(실효표본 42.0개): 중앙값 x0.81 | sigma_h 0.0939 (GARCH, 학습과 동일 추정량)",본 출력은 통계 모델의 예측 분포이며 투자 조언이 아닙니다. 실제 투자 판단과 그 결과에 대한 책임은 이용자 본인에게 있습니다.
ASML,ASML 홀딩(ADR),US,USD,20,2026-10-05T23:08:34+09:00,1850.44,1687.303800173386,1795.696747642264,1894.6500300883197,2020.8565321433973,2168.5854979750925,0.023891631227340282,0.5891891891891892,0.41081081081081083,1688.1972297794837,2168.2679974221983,1604.7353570859518,2310.680802812819,0.11019275915848525,0.39114549282088784,29.19082353743086,LOW,"extra_trees,huber,lgbm_linear,panel,pls,random_forest",extra_trees:0.265;huber:0.053;lgbm_linear:0.183;panel:0.398;pls:0.073;random_forest:0.027,추세=상승추세(200MA 위);변동성=고변동;거래량=축소/보통;위험선호=위험선호;금리=상승;GMM레짐=LOW_VOL,"benchmark,bond,fx,kcs_memory,ohlcv,regime",earnings,1,2026-10-05,2026-10-05T23:03:20+09:00,1795.696747642264,2020.8565321433973,2020.8565321433973,2168.5854979750925,1549.5359401702021,0.01531198992400163,1.0,0.0,1.0,,0,1795.696747642264,0.5663483976912473,0.027102027970806748,1572.84,1874.99,-0.006898264509898705,0.5428571428571428,0.11047671324196101,-0.006898264509898705,0.5428571428571428,0.11047671324196101,0.1046665441029279,-0.05551123512131495,0.6095238095238096,0.6095238095238096,0.6095238095238096,-0.06666666666666676,630.0,31.5,0.7354497354497355,0.7354497354497355,0.9365079365079365,0.9365079365079365,189.0,9.45,0.20048471216042052,1.0,"{'oos_evidence': 1.0, '_effective_oos_samples': 31.5, 'baseline_improvement': 0.0, '_baseline_skill': -0.05551123512131495, 'information_coefficient': 0.0, 'directional_accuracy': 0.0, '_direction_reference_accuracy': 0.6095238095238096, '_directional_edge': -0.06666666666666676, '_interval_effective_samples': 9.45, 'probability_calibration': 0.0, 'interval_coverage': 0.31762826245461095, 'fold_stability': 0.6014540912884752, 'recent_regime': 0.0, 'data_quantity': 1.0, 'data_freshness': 1.0, 'feature_completeness': 1.0, '_no_predictive_edge_cap': 1.0, '_predictive_edge_cap': 44.0}","σ 국면 계수 x1.00 (VIX 0.93)^0.07 | 최근 가중 학습: 반감기 4년 (fold 학습구간 끝 기준) | 패널 OOF 합류 (490행, 패널 실효표본 40) | 앙상블 가중치: NNLS 스태킹 (extra_trees:0.27,huber:0.05,lgbm_linear:0.18,panel:0.40,pls:0.07,random_forest:0.03) | 채점용 OOF: cross-fitted 스태킹 6/10 fold (첫 fold 는 균등가중) — 최종 가중치는 OOF 전체 NNLS | conformal 잔차 최근 가중 (반감기 250거래일) | drift 축소(실효표본 31.5개): 중앙값 x0.76 | sigma_h 0.1102 (GARCH, 학습과 동일 추정량)",본 출력은 통계 모델의 예측 분포이며 투자 조언이 아닙니다. 실제 투자 판단과 그 결과에 대한 책임은 이용자 본인에게 있습니다.
ASML,ASML 홀딩(ADR),US,USD,25,2026-10-05T23:08:34+09:00,1850.44,1664.3475000843628,1765.2485516229092,1872.7609033813414,2046.2669515348348,2210.8771853529483,0.012062484263927198,0.4715909090909091,0.5284090909090908,1665.1246303092155,2206.5317473616374,1603.722331032096,2301.5584335681783,0.12496185569804842,0.39674159225541095,28.177755652034737,LOW,"extra_trees,gru,huber,lgbm_linear,panel,random_forest",extra_trees:0.162;gru:0.106;huber:0.034;lgbm_linear:0.104;panel:0.483;random_forest:0.111,추세=상승추세(200MA 위);변동성=고변동;거래량=축소/보통;위험선호=위험선호;금리=상승;GMM레짐=LOW_VOL,"benchmark,bond,fx,kcs_memory,ohlcv,regime",earnings,1,2026-10-05,2026-10-05T23:04:59+09:00,1765.2485516229092,2046.2669515348348,2046.2669515348348,2210.8771853529483,1549.5359401702021,-0.001383357283672369,1.0,0.0,1.0,,0,1765.2485516229092,0.6507953121190903,0.027102027970806748,1572.84,1874.99,0.020818274626422294,0.5571428571428572,0.1247845594875824,0.020818274626422294,0.5571428571428572,0.1247845594875824,0.11672372377544504,-0.06905910342309607,0.5761904761904761,0.5761904761904761,0.5761904761904761,-0.01904761904761898,630.0,25.2,0.8677248677248677,0.8677248677248677,0.9735449735449735,0.9735449735449735,189.0,7.56,0.1630196703454108,1.0,"{'oos_evidence': 0.916515138991168, '_effective_oos_samples': 25.2, 'baseline_improvement': 0.0, '_baseline_skill': -0.06905910342309607, 'information_coefficient': 0.02175653536251076, 'directional_accuracy': 0.0, '_direction_reference_accuracy': 0.5761904761904761, '_directional_edge': -0.01904761904761898, '_interval_effective_samples': 7.56, 'probability_calibration': 0.0, 'interval_coverage': 0.2678303533536534, 'fold_stability': 0.598619616278635, 'recent_regime': 0.0, 'data_quantity': 1.0, 'data_freshness': 1.0, 'feature_completeness': 1.0, '_weak_predictive_edge_cap': 1.0, '_predictive_edge_cap': 69.0}","σ 국면 계수 x1.00 (VIX 0.93)^0.05 | 최근 가중 학습: 반감기 4년 (fold 학습구간 끝 기준) | 패널 OOF 합류 (490행, 패널 실효표본 32) | 앙상블 가중치: NNLS 스태킹 (extra_trees:0.16,gru:0.11,huber:0.03,lgbm_linear:0.10,panel:0.48,random_forest:0.11) | 채점용 OOF: cross-fitted 스태킹 6/10 fold (첫 fold 는 균등가중) — 최종 가중치는 OOF 전체 NNLS | conformal 잔차 최근 가중 (반감기 250거래일) | drift 축소(실효표본 25.2개): 중앙값 x0.72 | sigma_h 0.1250 (GARCH, 학습과 동일 추정량)",본 출력은 통계 모델의 예측 분포이며 투자 조언이 아닙니다. 실제 투자 판단과 그 결과에 대한 책임은 이용자 본인에게 있습니다.
ASML,ASML 홀딩(ADR),US,USD,30,2026-10-05T23:08:34+09:00,1850.44,1625.681030602345,1728.8865814602175,1830.518690332351,2003.9928358117145,2224.004449029067,-0.010765715001647691,0.40404040404040403,0.595959595959596,1627.974363847456,2223.1339916690263,1546.1032113974502,2332.3955862131006,0.13854546141475504,0.4015428955671735,33.63084133516912,LOW,"extra_trees,gru,lgbm_linear,panel,random_forest",extra_trees:0.105;gru:0.255;lgbm_linear:0.044;panel:0.420;random_forest:0.176,추세=상승추세(200MA 위);변동성=고변동;거래량=축소/보통;위험선호=위험선호;금리=상승;GMM레짐=LOW_VOL,"benchmark,bond,fx,kcs_memory,ohlcv,regime",earnings,1,2026-10-05,2026-10-05T23:06:46+09:00,1728.8865814602175,2003.9928358117145,2003.9928358117145,2224.004449029067,1549.5359401702021,-0.018858022136299907,1.0,0.0,1.0,,0,1750.1386467234008,0.5103049653054512,0.027102027970806748,1572.84,1874.99,0.09645574938760358,0.553968253968254,0.1315206019125579,0.09645574938760358,0.553968253968254,0.1315206019125579,0.12757408678964588,-0.030935084249666955,0.5587301587301587,0.5587301587301587,0.5587301587301587,-0.004761904761904745,630.0,21.0,0.8465608465608465,0.8465608465608465,0.9894179894179894,0.9894179894179894,189.0,6.3,0.08584106873858344,1.0,"{'oos_evidence': 0.8366600265340756, '_effective_oos_samples': 21.0, 'baseline_improvement': 0.0, '_baseline_skill': -0.030935084249666955, 'information_coefficient': 0.2210078863911919, 'directional_accuracy': 0.0, '_direction_reference_accuracy': 0.5587301587301587, '_directional_edge': -0.004761904761904745, '_interval_effective_samples': 6.3, 'probability_calibration': 0.24006073908180084, 'interval_coverage': 0.3434801886800421, 'fold_stability': 0.637282708811447, 'recent_regime': 0.0, 'data_quantity': 1.0, 'data_freshness': 1.0, 'feature_completeness': 1.0}","σ 국면 계수 x1.00 (VIX 0.93)^0.04 | 최근 가중 학습: 반감기 4년 (fold 학습구간 끝 기준) | 패널 OOF 합류 (490행, 패널 실효표본 27) | 앙상블 가중치: NNLS 스태킹 (extra_trees:0.10,gru:0.25,lgbm_linear:0.04,panel:0.42,random_forest:0.18) | 채점용 OOF: cross-fitted 스태킹 6/10 fold (첫 fold 는 균등가중) — 최종 가중치는 OOF 전체 NNLS | conformal 잔차 최근 가중 (반감기 250거래일) | drift 축소(실효표본 21.0개): 중앙값 x0.68 | sigma_h 0.1385 (GARCH, 학습과 동일 추정량)",본 출력은 통계 모델의 예측 분포이며 투자 조언이 아닙니다. 실제 투자 판단과 그 결과에 대한 책임은 이용자 본인에게 있습니다.
KLAC,KLA,US,USD,5,2026-10-05T23:18:43+09:00,205.18,193.76441371196637,201.73554431328728,208.82284992304594,214.88989940835827,222.31957045525303,0.017754410386226382,0.5859375000000001,0.4140624999999999,194.38660219246347,222.3050525940817,189.50092462110266,226.0967760047866,0.05024049326140073,0.3566721197720704,30.519484526589146,LOW,"extra_trees,gru,huber,panel",extra_trees:0.056;gru:0.238;huber:0.126;panel:0.580,추세=상승추세(200MA 위);변동성=고변동;거래량=축소/보통;위험선호=위험선호;금리=상승;GMM레짐=LOW_VOL,"benchmark,bond,earnings,fx,kcs_memory,ohlcv,regime",,1,2026-10-05,2026-10-05T23:08:39+09:00,201.73554431328728,214.88989940835827,214.88989940835827,222.31957045525303,164.23308,0.008971245929672208,1.0,0.0,1.0,,0,201.73554431328728,0.23713381637393646,0.03744733755719472,165.892,208.9327,-0.0012282121912027758,0.5253968253968254,0.06859364886771319,-0.0012282121912027758,0.5253968253968254,0.06859364886771319,0.06728192265136931,-0.019495968079580095,0.5873015873015873,0.5873015873015873,0.5873015873015873,-0.06190476190476191,630.0,126.0,0.7301587301587301,0.7301587301587301,0.8465608465608465,0.8465608465608465,189.0,37.8,0.1908175497797105,1.0,"{'oos_evidence': 1.0, '_effective_oos_samples': 126.0, 'baseline_improvement': 0.0, '_baseline_skill': -0.019495968079580095, 'information_coefficient': 0.0, 'directional_accuracy': 0.0, '_direction_reference_accuracy': 0.5873015873015873, '_directional_edge': -0.06190476190476191, '_interval_effective_samples': 37.8, 'probability_calibration': 0.0, 'interval_coverage': 0.41798941798941724, 'fold_stability': 0.6339590346694974, 'recent_regime': 0.0, 'data_quantity': 1.0, 'data_freshness': 1.0, 'feature_completeness': 1.0, '_no_predictive_edge_cap': 1.0, '_predictive_edge_cap': 44.0}","σ 국면 계수 x0.98 (VIX 0.93)^0.23 | 최근 가중 학습: 반감기 4년 (fold 학습구간 끝 기준) | 패널 OOF 합류 (489행, 패널 실효표본 160) | 앙상블 가중치: NNLS 스태킹 (extra_trees:0.06,gru:0.24,huber:0.13,panel:0.58) | NNLS 가 제외한 모델(중복/무기여): elasticnet,random_forest,ridge | baseline은 비교용으로만 유지하고, 최종 예측은 ML/DL 앙상블을 사용 | 채점용 OOF: cross-fitted 스태킹 7/10 fold (첫 fold 는 균등가중) — 최종 가중치는 OOF 전체 NNLS | conformal 잔차 최근 가중 (반감기 250거래일) | drift 축소(실효표본 126.0개): 중앙값 x0.93 | 라이브 보정 x0.86 (최근 20앵커 80% 적중 91%) | sigma_h 0.0502 (GARCH, 학습과 동일 추정량)",본 출력은 통계 모델의 예측 분포이며 투자 조언이 아닙니다. 실제 투자 판단과 그 결과에 대한 책임은 이용자 본인에게 있습니다.
KLAC,KLA,US,USD,10,2026-10-05T23:18:44+09:00,205.18,192.24616316974166,199.6730217062006,208.88646163972362,218.4813663443718,227.28684977410657,0.018064439222748918,0.5889967637540453,0.4110032362459547,192.37924299861973,227.12140560495794,188.33327993763535,232.78864490816773,0.06762847339226842,0.3394922420570059,27.897324148181053,LOW,"gru,huber,panel",gru:0.114;huber:0.070;panel:0.817,추세=상승추세(200MA 위);변동성=고변동;거래량=축소/보통;위험선호=위험선호;금리=상승;GMM레짐=LOW_VOL,"benchmark,bond,earnings,fx,kcs_memory,ohlcv,regime",,1,2026-10-05,2026-10-05T23:10:23+09:00,199.6730217062006,218.4813663443718,218.4813663443718,227.28684977410657,159.07933168008873,0.009220839552424864,1.0,0.0,1.0,,0,199.6730217062006,0.28852870965054556,0.03744733755719472,165.892,208.9327,-0.08966068973526792,0.5174603174603175,0.09078920166802881,-0.08966068973526792,0.5174603174603175,0.09078920166802881,0.08687191856736183,-0.04509262792014268,0.5888888888888889,0.5888888888888889,0.5888888888888889,-0.0714285714285714,630.0,63.0,0.6984126984126984,0.6984126984126984,0.8465608465608465,0.8465608465608465,189.0,18.9,0.14538775628958456,1.0,"{'oos_evidence': 1.0, '_effective_oos_samples': 63.0, 'baseline_improvement': 0.0, '_baseline_skill': -0.04509262792014268, 'information_coefficient': 0.0, 'directional_accuracy': 0.0, '_direction_reference_accuracy': 0.5888888888888889, '_directional_edge': -0.0714285714285714, '_interval_effective_samples': 18.9, 'probability_calibration': 0.029890755525064996, 'interval_coverage': 0.1491599049633548, 'fold_stability': 0.6166599054346985, 'recent_regime': 0.0, 'data_quantity': 1.0, 'data_freshness': 1.0, 'feature_completeness': 1.0, '_no_predictive_edge_cap': 1.0, '_predictive_edge_cap': 44.0}","σ 국면 계수 x0.99 (VIX 0.93)^0.15 | 최근 가중 학습: 반감기 4년 (fold 학습구간 끝 기준) | 패널 OOF 합류 (489행, 패널 실효표본 80) | 앙상블 가중치: NNLS 스태킹 (gru:0.11,huber:0.07,panel:0.82) | NNLS 가 제외한 모델(중복/무기여): elasticnet,extra_trees,random_forest,ridge | baseline은 비교용으로만 유지하고, 최종 예측은 ML/DL 앙상블을 사용 | 채점용 OOF: cross-fitted 스태킹 7/10 fold (첫 fold 는 균등가중) — 최종 가중치는 OOF 전체 NNLS | conformal 잔차 최근 가중 (반감기 250거래일) | drift 축소(실효표본 63.0개): 중앙값 x0.86 | 라이브 보정 x0.80 (최근 20앵커 80% 적중 95%) | sigma_h 0.0676 (GARCH, 학습과 동일 추정량)",본 출력은 통계 모델의 예측 분포이며 투자 조언이 아닙니다. 실제 투자 판단과 그 결과에 대한 책임은 이용자 본인에게 있습니다.
KLAC,KLA,US,USD,15,2026-10-05T23:18:44+09:00,205.18,184.92469502108898,195.25486556395106,210.39249484928865,230.72605227811454,250.00105961208322,0.025404497754599076,0.5696465696465697,0.4303534303534303,185.23300197836667,249.64430313183604,179.61424320748517,262.09220278026646,0.12545756496920302,0.5142229965826404,27.96524004182448,LOW,"elasticnet,gru,huber,panel,random_forest",elasticnet:0.212;gru:0.028;huber:0.078;panel:0.646;random_forest:0.037,추세=상승추세(200MA 위);변동성=고변동;거래량=축소/보통;위험선호=위험선호;금리=상승;GMM레짐=LOW_VOL,"benchmark,bond,earnings,fx,kcs_memory,ohlcv,regime",,1,2026-10-05,2026-10-05T23:11:58+09:00,195.25486556395106,230.72605227811454,230.72605227811454,250.00105961208322,159.07933168008873,0.016714322804027466,1.0,0.0,1.0,,0,195.25486556395106,0.5541362676315251,0.03744733755719472,165.892,208.9327,-0.06867139882894521,0.5396825396825397,0.10780765005347237,-0.06867139882894521,0.5396825396825397,0.10780765005347237,0.10407833251013991,-0.03583183409447033,0.5873015873015873,0.5873015873015873,0.5873015873015873,-0.04761904761904767,630.0,42.0,0.7037037037037037,0.7037037037037037,0.8677248677248677,0.8677248677248677,189.0,12.6,0.14477742279273306,1.0,"{'oos_evidence': 1.0, '_effective_oos_samples': 42.0, 'baseline_improvement': 0.0, '_baseline_skill': -0.03583183409447033, 'information_coefficient': 0.0, 'directional_accuracy': 0.0, '_direction_reference_accuracy': 0.5873015873015873, '_directional_edge': -0.04761904761904767, '_interval_effective_samples': 12.6, 'probability_calibration': 0.027635280986525096, 'interval_coverage': 0.15678526287790148, 'fold_stability': 0.6176305165153263, 'recent_regime': 0.0, 'data_quantity': 1.0, 'data_freshness': 1.0, 'feature_completeness': 1.0, '_no_predictive_edge_cap': 1.0, '_predictive_edge_cap': 44.0}","σ 국면 계수 x0.99 (VIX 0.93)^0.1 | 최근 가중 학습: 반감기 4년 (fold 학습구간 끝 기준) | 패널 OOF 합류 (489행, 패널 실효표본 53) | 앙상블 가중치: NNLS 스태킹 (elasticnet:0.21,gru:0.03,huber:0.08,panel:0.65,random_forest:0.04) | NNLS 가 제외한 모델(중복/무기여): extra_trees,ridge | baseline은 비교용으로만 유지하고, 최종 예측은 ML/DL 앙상블을 사용 | 채점용 OOF: cross-fitted 스태킹 6/10 fold (첫 fold 는 균등가중) — 최종 가중치는 OOF 전체 NNLS | conformal 잔차 최근 가중 (반감기 250거래일) | drift 축소(실효표본 42.0개): 중앙값 x0.81 | sigma_h 0.1049 (GARCH, 학습과 동일 추정량) | 실적 발표 10-27 예측기간 포함(추정) → 구간 ×1.20 (k=2.7)",본 출력은 통계 모델의 예측 분포이며 투자 조언이 아닙니다. 실제 투자 판단과 그 결과에 대한 책임은 이용자 본인에게 있습니다.
KLAC,KLA,US,USD,20,2026-10-05T23:18:44+09:00,205.18,181.45250994058125,193.8402624281724,210.8669702665232,231.28884192437533,249.78576349729158,0.02771698151146884,0.5994550408719346,0.4005449591280654,181.49692004675788,249.20068896910635,174.47941622019147,267.2592079620529,0.1414016562904013,0.5019260880458664,28.63413566936579,LOW,"elasticnet,gru,huber,lgbm_linear,panel,random_forest",elasticnet:0.220;gru:0.211;huber:0.070;lgbm_linear:0.139;panel:0.336;random_forest:0.024,추세=상승추세(200MA 위);변동성=고변동;거래량=축소/보통;위험선호=위험선호;금리=상승;GMM레짐=LOW_VOL,"benchmark,bond,earnings,fx,kcs_memory,ohlcv,regime",,1,2026-10-05,2026-10-05T23:13:36+09:00,193.8402624281724,231.28884192437533,231.28884192437533,249.78576349729158,159.07933168008873,0.005729664012675645,1.0,0.0,1.0,,0,193.8402624281724,0.5663441090093414,0.03744733755719472,165.892,208.9327,-0.022087015300402083,0.5111111111111111,0.12188252209596459,-0.022087015300402083,0.5111111111111111,0.12188252209596459,0.11735519696381777,-0.03857796884395892,0.6079365079365079,0.6079365079365079,0.6079365079365079,-0.09682539682539681,630.0,31.5,0.671957671957672,0.671957671957672,0.8148148148148148,0.8148148148148148,189.0,9.45,0.07191903000386404,1.0,"{'oos_evidence': 1.0, '_effective_oos_samples': 31.5, 'baseline_improvement': 0.0, '_baseline_skill': -0.03857796884395892, 'information_coefficient': 0.0, 'directional_accuracy': 0.0, '_direction_reference_accuracy': 0.6079365079365079, '_directional_edge': -0.09682539682539681, '_interval_effective_samples': 9.45, 'probability_calibration': 0.35781195534286886, 'interval_coverage': 0.0, 'fold_stability': 0.5771640026622837, 'recent_regime': 0.0, 'data_quantity': 1.0, 'data_freshness': 1.0, 'feature_completeness': 1.0, '_no_predictive_edge_cap': 1.0, '_predictive_edge_cap': 44.0}","σ 국면 계수 x1.00 (VIX 0.93)^0.07 | 최근 가중 학습: 반감기 4년 (fold 학습구간 끝 기준) | 패널 OOF 합류 (490행, 패널 실효표본 40) | 앙상블 가중치: NNLS 스태킹 (elasticnet:0.22,gru:0.21,huber:0.07,lgbm_linear:0.14,panel:0.34,random_forest:0.02) | 채점용 OOF: cross-fitted 스태킹 7/10 fold (첫 fold 는 균등가중) — 최종 가중치는 OOF 전체 NNLS | conformal 잔차 최근 가중 (반감기 250거래일) | drift 축소(실효표본 31.5개): 중앙값 x0.76 | sigma_h 0.1230 (GARCH, 학습과 동일 추정량) | 실적 발표 10-27 예측기간 포함(추정) → 구간 ×1.15 (k=2.7)",본 출력은 통계 모델의 예측 분포이며 투자 조언이 아닙니다. 실제 투자 판단과 그 결과에 대한 책임은 이용자 본인에게 있습니다.
KLAC,KLA,US,USD,25,2026-10-05T23:18:44+09:00,205.18,180.2786134063748,194.80090379170542,214.99216737471068,239.28683476605713,257.08674940561224,0.04782224083590347,0.5988909426987061,0.40110905730129387,180.394684359883,256.560962781488,171.7427132951435,269.71320364714404,0.15615352065373886,0.4957720583963775,27.8913332145862,LOW,"elasticnet,extra_trees,huber,lgbm_linear,panel,random_forest",elasticnet:0.221;extra_trees:0.066;huber:0.108;lgbm_linear:0.231;panel:0.334;random_forest:0.040,추세=상승추세(200MA 위);변동성=고변동;거래량=축소/보통;위험선호=위험선호;금리=상승;GMM레짐=LOW_VOL,"benchmark,bond,earnings,fx,kcs_memory,ohlcv,regime",,1,2026-10-05,2026-10-05T23:15:17+09:00,194.80090379170542,239.28683476605713,239.28683476605713,257.08674940561224,159.07933168008873,0.02737366119806256,1.0,0.0,1.0,,0,194.80090379170542,0.7398338464287747,0.03744733755719472,165.892,208.9327,-0.080934516265923,0.5523809523809524,0.13443814555648745,-0.080934516265923,0.5523809523809524,0.13443814555648745,0.1289036713180177,-0.0429349620680366,0.5984126984126984,0.5984126984126984,0.5984126984126984,-0.04603174603174598,630.0,25.2,0.6507936507936508,0.6507936507936508,0.7883597883597884,0.7883597883597884,189.0,7.56,0.05671369820133253,1.0,"{'oos_evidence': 0.916515138991168, '_effective_oos_samples': 25.2, 'baseline_improvement': 0.0, '_baseline_skill': -0.0429349620680366, 'information_coefficient': 0.0, 'directional_accuracy': 0.0, '_direction_reference_accuracy': 0.5984126984126984, '_directional_edge': -0.04603174603174598, '_interval_effective_samples': 7.56, 'probability_calibration': 0.38236005666775763, 'interval_coverage': 0.0, 'fold_stability': 0.5667301371332459, 'recent_regime': 0.0, 'data_quantity': 1.0, 'data_freshness': 1.0, 'feature_completeness': 1.0, '_no_predictive_edge_cap': 1.0, '_predictive_edge_cap': 44.0}","σ 국면 계수 x1.00 (VIX 0.93)^0.05 | 최근 가중 학습: 반감기 4년 (fold 학습구간 끝 기준) | 패널 OOF 합류 (490행, 패널 실효표본 32) | 앙상블 가중치: NNLS 스태킹 (elasticnet:0.22,extra_trees:0.07,huber:0.11,lgbm_linear:0.23,panel:0.33,random_forest:0.04) | 채점용 OOF: cross-fitted 스태킹 6/10 fold (첫 fold 는 균등가중) — 최종 가중치는 OOF 전체 NNLS | conformal 잔차 최근 가중 (반감기 250거래일) | drift 축소(실효표본 25.2개): 중앙값 x0.72 | sigma_h 0.1392 (GARCH, 학습과 동일 추정량) | 실적 발표 10-27 예측기간 포함(추정) → 구간 ×1.12 (k=2.7)",본 출력은 통계 모델의 예측 분포이며 투자 조언이 아닙니다. 실제 투자 판단과 그 결과에 대한 책임은 이용자 본인에게 있습니다.
KLAC,KLA,US,USD,30,2026-10-05T23:18:44+09:00,205.18,177.94365199249125,193.62522869144692,224.37185011877193,245.68440479507194,264.0051992503779,0.09353665132455369,0.6279461279461279,0.3720538720538721,178.6354555793601,263.85246789550143,169.1617283007819,279.9230646370218,0.16991313113243134,0.4924550394729505,24.007327423782694,LOW,"elasticnet,panel,huber,random_forest,lgbm_linear,extra_trees",elasticnet:0.319;panel:0.300;huber:0.121;random_forest:0.105;lgbm_linear:0.097;extra_trees:0.057,추세=상승추세(200MA 위);변동성=고변동;거래량=축소/보통;위험선호=위험선호;금리=상승;GMM레짐=LOW_VOL,"benchmark,bond,earnings,fx,kcs_memory,ohlcv,regime",,1,2026-10-05,2026-10-05T23:17:00+09:00,193.62522869144692,245.68440479507194,245.68440479507194,264.0051992503779,159.07933168008873,0.04224052628524672,1.0,0.0,1.0,,0,193.62522869144692,0.8786077571369553,0.03744733755719472,165.892,208.9327,-0.18922834992565582,0.46984126984126984,0.15171480374092125,-0.18922834992565582,0.46984126984126984,0.15171480374092125,0.13983958220673612,-0.08492031617077522,0.6174603174603175,0.6174603174603175,0.6174603174603175,-0.14761904761904765,630.0,21.0,0.6507936507936508,0.6507936507936508,0.7936507936507936,0.7936507936507936,189.0,6.3,0.17601400059606295,1.0,"{'oos_evidence': 0.8366600265340756, '_effective_oos_samples': 21.0, 'baseline_improvement': 0.0, '_baseline_skill': -0.08492031617077522, 'information_coefficient': 0.0, 'directional_accuracy': 0.0, '_direction_reference_accuracy': 0.6174603174603175, '_directional_edge': -0.14761904761904765, '_interval_effective_samples': 6.3, 'probability_calibration': 0.0, 'interval_coverage': 0.0, 'fold_stability': 0.5640727158441937, 'recent_regime': 0.0, 'data_quantity': 1.0, 'data_freshness': 1.0, 'feature_completeness': 1.0, '_no_predictive_edge_cap': 1.0, '_predictive_edge_cap': 44.0}","σ 국면 계수 x1.00 (VIX 0.93)^0.04 | 최근 가중 학습: 반감기 4년 (fold 학습구간 끝 기준) | 패널 OOF 합류 (490행, 패널 실효표본 27) | 앙상블 가중치: NNLS 스태킹 (elasticnet:0.32,extra_trees:0.06,huber:0.12,lgbm_linear:0.10,panel:0.30,random_forest:0.11) | NNLS 가 제외한 모델(중복/무기여): catboost,xgboost | baseline은 비교용으로만 유지하고, 최종 예측은 ML/DL 앙상블을 사용 | 채점용 OOF: cross-fitted 스태킹 5/10 fold (첫 fold 는 균등가중) — 최종 가중치는 OOF 전체 NNLS | conformal 잔차 최근 가중 (반감기 250거래일) | drift 축소(실효표본 21.0개): 중앙값 x0.68 | sigma_h 0.1542 (GARCH, 학습과 동일 추정량) | 실적 발표 10-27 예측기간 포함(추정) → 구간 ×1.10 (k=2.7)",본 출력은 통계 모델의 예측 분포이며 투자 조언이 아닙니다. 실제 투자 판단과 그 결과에 대한 책임은 이용자 본인에게 있습니다.
AMAT,어플라이드 머티리얼즈,US,USD,5,2026-10-05T23:28:50+09:00,536.15,497.5891747347794,522.2187658802669,542.6055205402912,563.5557427185508,583.1699436794286,0.012040512058735908,0.5771929824561405,0.4228070175438595,497.74973003296407,582.7978256191747,485.26584857952065,595.8631084653756,0.05434818588348189,0.3858338445040886,26.649507063441224,LOW,"elasticnet,panel",elasticnet:0.938;panel:0.062,추세=상승추세(200MA 위);변동성=고변동;거래량=축소/보통;위험선호=위험선호;금리=상승;GMM레짐=NORMAL,"benchmark,bond,earnings,fx,kcs_memory,ohlcv,regime",,1,2026-10-05,2026-10-05T23:18:48+09:00,522.2187658802669,563.5557427185508,563.5557427185508,583.1699436794286,407.3949,0.006562596008389255,1.0,0.0,1.0,,0,522.2187658802669,0.21285170621242092,0.035281608687787666,411.51,547.25,-0.04269972005592403,0.4857142857142857,0.07157118675208857,-0.04269972005592403,0.4857142857142857,0.07157118675208857,0.06728232137619627,-0.06374431333770314,0.573015873015873,0.573015873015873,0.573015873015873,-0.08730158730158727,630.0,126.0,0.656084656084656,0.656084656084656,0.8359788359788359,0.8359788359788359,189.0,37.8,0.23713979186826414,1.0,"{'oos_evidence': 1.0, '_effective_oos_samples': 126.0, 'baseline_improvement': 0.0, '_baseline_skill': -0.06374431333770314, 'information_coefficient': 0.0, 'directional_accuracy': 0.0, '_direction_reference_accuracy': 0.573015873015873, '_directional_edge': -0.08730158730158727, '_interval_effective_samples': 37.8, 'probability_calibration': 0.0, 'interval_coverage': 0.0, 'fold_stability': 0.6649507063441222, 'recent_regime': 0.0, 'data_quantity': 1.0, 'data_freshness': 1.0, 'feature_completeness': 1.0, '_no_predictive_edge_cap': 1.0, '_predictive_edge_cap': 44.0}","σ 국면 계수 x0.98 (VIX 0.93)^0.23 | 최근 가중 학습: 반감기 4년 (fold 학습구간 끝 기준) | 패널 OOF 합류 (489행, 패널 실효표본 160) | 앙상블 가중치: NNLS 스태킹 (elasticnet:0.94,panel:0.06) | NNLS 가 제외한 모델(중복/무기여): extra_trees,gru,random_forest,ridge | baseline은 비교용으로만 유지하고, 최종 예측은 ML/DL 앙상블을 사용 | 채점용 OOF: cross-fitted 스태킹 7/10 fold (첫 fold 는 균등가중) — 최종 가중치는 OOF 전체 NNLS | conformal 잔차 최근 가중 (반감기 250거래일) | drift 축소(실효표본 126.0개): 중앙값 x0.93 | 라이브 보정 x0.86 (최근 20앵커 80% 적중 91%) | sigma_h 0.0543 (GARCH, 학습과 동일 추정량)",본 출력은 통계 모델의 예측 분포이며 투자 조언이 아닙니다. 실제 투자 판단과 그 결과에 대한 책임은 이용자 본인에게 있습니다.
AMAT,어플라이드 머티리얼즈,US,USD,10,2026-10-05T23:28:50+09:00,536.15,498.52477498125995,517.6502553770675,545.9308073433376,577.4861917449247,609.7445971715396,0.01824266966956567,0.5581787521079258,0.4418212478920742,498.88782967481563,609.625650291237,486.9590148182197,623.2867496435621,0.07253162027250822,0.36410584405053725,26.405764899626718,LOW,"elasticnet,gru,panel,quantile_gbm",elasticnet:0.723;gru:0.135;panel:0.115;quantile_gbm:0.027,추세=상승추세(200MA 위);변동성=고변동;거래량=축소/보통;위험선호=위험선호;금리=상승;GMM레짐=NORMAL,"benchmark,bond,earnings,fx,kcs_memory,ohlcv,regime",,1,2026-10-05,2026-10-05T23:20:32+09:00,517.6502553770675,577.4861917449247,577.4861917449247,609.7445971715396,407.3949,0.011504487313498738,1.0,0.0,1.0,,0,517.6502553770675,0.32104508283496885,0.035281608687787666,411.51,547.25,-0.07719265030722103,0.5063492063492063,0.09837881874658451,-0.07719265030722103,0.5063492063492063,0.09837881874658451,0.0924380252473966,-0.06426785387602418,0.5634920634920635,0.5634920634920635,0.5634920634920635,-0.05714285714285716,630.0,63.0,0.6772486772486772,0.6772486772486772,0.8888888888888888,0.8888888888888888,189.0,18.9,0.1865778992991688,1.0,"{'oos_evidence': 1.0, '_effective_oos_samples': 63.0, 'baseline_improvement': 0.0, '_baseline_skill': -0.06426785387602418, 'information_coefficient': 0.0, 'directional_accuracy': 0.0, '_direction_reference_accuracy': 0.5634920634920635, '_directional_edge': -0.05714285714285716, '_interval_effective_samples': 18.9, 'probability_calibration': 0.0, 'interval_coverage': 0.0, 'fold_stability': 0.6405764899626716, 'recent_regime': 0.0, 'data_quantity': 1.0, 'data_freshness': 1.0, 'feature_completeness': 1.0, '_no_predictive_edge_cap': 1.0, '_predictive_edge_cap': 44.0}","σ 국면 계수 x0.99 (VIX 0.93)^0.15 | 최근 가중 학습: 반감기 4년 (fold 학습구간 끝 기준) | 패널 OOF 합류 (489행, 패널 실효표본 80) | 앙상블 가중치: NNLS 스태킹 (elasticnet:0.72,gru:0.14,panel:0.11,quantile_gbm:0.03) | NNLS 가 제외한 모델(중복/무기여): extra_trees,random_forest,ridge | baseline은 비교용으로만 유지하고, 최종 예측은 ML/DL 앙상블을 사용 | 채점용 OOF: cross-fitted 스태킹 7/10 fold (첫 fold 는 균등가중) — 최종 가중치는 OOF 전체 NNLS | conformal 잔차 최근 가중 (반감기 250거래일) | drift 축소(실효표본 63.0개): 중앙값 x0.86 | 라이브 보정 x0.80 (최근 20앵커 80% 적중 95%) | sigma_h 0.0725 (GARCH, 학습과 동일 추정량)",본 출력은 통계 모델의 예측 분포이며 투자 조언이 아닙니다. 실제 투자 판단과 그 결과에 대한 책임은 이용자 본인에게 있습니다.
AMAT,어플라이드 머티리얼즈,US,USD,15,2026-10-05T23:28:50+09:00,536.15,494.06981718021393,523.6310138092829,568.8471701265651,611.8801056928271,659.0311347360558,0.060985116341630397,0.5988023952095808,0.4011976047904192,494.3526224543482,658.6792095578626,477.2839306117409,700.2731666740988,0.11169850371787077,0.45782762729135074,39.03345693322517,LOW,"gru,huber,panel",gru:0.342;huber:0.438;panel:0.219,추세=상승추세(200MA 위);변동성=고변동;거래량=축소/보통;위험선호=위험선호;금리=상승;GMM레짐=NORMAL,"benchmark,bond,earnings,fx,kcs_memory,ohlcv,regime",,1,2026-10-05,2026-10-05T23:22:07+09:00,523.6310138092829,611.8801056928271,611.8801056928271,659.0311347360558,407.3949,0.041437325578876916,1.0,0.0,1.0,,0,523.6310138092829,0.5881716972207481,0.035281608687787666,411.51,547.25,0.08196978024516013,0.5301587301587302,0.11334517421079493,0.08196978024516013,0.5301587301587302,0.11334517421079493,0.1087356792964092,-0.04239174247323563,0.6,0.5793650793650794,0.6,-0.06984126984126982,630.0,42.0,0.7566137566137566,0.7566137566137566,0.8518518518518519,0.8518518518518519,189.0,12.6,0.06731314029759547,1.0,"{'oos_evidence': 1.0, '_effective_oos_samples': 42.0, 'baseline_improvement': 0.0, '_baseline_skill': -0.04239174247323563, 'information_coefficient': 0.265612445437179, 'directional_accuracy': 0.0, '_direction_reference_accuracy': 0.6, '_directional_edge': -0.06984126984126982, '_interval_effective_samples': 12.6, 'probability_calibration': 0.43753773493090126, 'interval_coverage': 0.5067523675160748, 'fold_stability': 0.6215832251622345, 'recent_regime': 0.0, 'data_quantity': 1.0, 'data_freshness': 1.0, 'feature_completeness': 1.0}","σ 국면 계수 x0.99 (VIX 0.93)^0.1 | 최근 가중 학습: 반감기 4년 (fold 학습구간 끝 기준) | 패널 OOF 합류 (489행, 패널 실효표본 53) | 앙상블 가중치: NNLS 스태킹 (gru:0.34,huber:0.44,panel:0.22) | NNLS 가 제외한 모델(중복/무기여): elasticnet,extra_trees,ridge | baseline은 비교용으로만 유지하고, 최종 예측은 ML/DL 앙상블을 사용 | 채점용 OOF: cross-fitted 스태킹 7/10 fold (첫 fold 는 균등가중) — 최종 가중치는 OOF 전체 NNLS | conformal 잔차 최근 가중 (반감기 250거래일) | drift 축소(실효표본 42.0개): 중앙값 x0.81 | sigma_h 0.1117 (GARCH, 학습과 동일 추정량)",본 출력은 통계 모델의 예측 분포이며 투자 조언이 아닙니다. 실제 투자 판단과 그 결과에 대한 책임은 이용자 본인에게 있습니다.
AMAT,어플라이드 머티리얼즈,US,USD,20,2026-10-05T23:28:50+09:00,536.15,463.3039554823654,495.04565493782445,543.3017506523071,594.4778299835394,644.8876794158948,0.013339085428158315,0.5487012987012987,0.4512987012987013,463.41150730054096,644.3983640723344,439.1221645842087,673.2367487700268,0.13005657830950032,0.46165505615756813,40.806143850508306,LOW,"gru,huber,panel,random_forest",gru:0.197;huber:0.209;panel:0.560;random_forest:0.033,추세=상승추세(200MA 위);변동성=고변동;거래량=축소/보통;위험선호=위험선호;금리=상승;GMM레짐=NORMAL,"benchmark,bond,earnings,fx,kcs_memory,ohlcv,regime",,1,2026-10-05,2026-10-05T23:23:44+09:00,495.04565493782445,594.4778299835394,594.4778299835394,644.8876794158948,407.3949,-0.014029327563911946,1.0,0.0,1.0,,0,498.31753100408525,0.4530137445704246,0.035281608687787666,411.51,547.25,0.1517361679755639,0.5285714285714286,0.1309899003249863,0.1517361679755639,0.5285714285714286,0.1309899003249863,0.12320769478958711,-0.06316330768698797,0.6,0.5777777777777777,0.6,-0.0714285714285714,630.0,31.5,0.7777777777777778,0.7777777777777778,0.8677248677248677,0.8677248677248677,189.0,9.45,0.09907890145577745,1.0,"{'oos_evidence': 1.0, '_effective_oos_samples': 31.5, 'baseline_improvement': 0.0, '_baseline_skill': -0.06316330768698797, 'information_coefficient': 0.42580856530990524, 'directional_accuracy': 0.0, '_direction_reference_accuracy': 0.6, '_directional_edge': -0.0714285714285714, '_interval_effective_samples': 9.45, 'probability_calibration': 0.23334978854920543, 'interval_coverage': 0.5600925849390469, 'fold_stability': 0.6525482647765709, 'recent_regime': 0.0, 'data_quantity': 1.0, 'data_freshness': 1.0, 'feature_completeness': 1.0}","σ 국면 계수 x1.00 (VIX 0.93)^0.07 | 최근 가중 학습: 반감기 4년 (fold 학습구간 끝 기준) | 패널 OOF 합류 (490행, 패널 실효표본 40) | 앙상블 가중치: NNLS 스태킹 (gru:0.20,huber:0.21,panel:0.56,random_forest:0.03) | NNLS 가 제외한 모델(중복/무기여): extra_trees,lgbm_linear,quantile_gbm | baseline은 비교용으로만 유지하고, 최종 예측은 ML/DL 앙상블을 사용 | 채점용 OOF: cross-fitted 스태킹 7/10 fold (첫 fold 는 균등가중) — 최종 가중치는 OOF 전체 NNLS | conformal 잔차 최근 가중 (반감기 250거래일) | drift 축소(실효표본 31.5개): 중앙값 x0.76 | sigma_h 0.1301 (GARCH, 학습과 동일 추정량)",본 출력은 통계 모델의 예측 분포이며 투자 조언이 아닙니다. 실제 투자 판단과 그 결과에 대한 책임은 이용자 본인에게 있습니다.
AMAT,어플라이드 머티리얼즈,US,USD,25,2026-10-05T23:28:50+09:00,536.15,436.74175993989047,471.835947521622,534.4662234884659,602.7389491458478,654.0797836142275,-0.0031404952187524815,0.5336879432624113,0.4663120567375887,437.44142068600655,652.4205246812375,424.28238398633124,679.6119104615201,0.1464164625010362,0.4648578571482673,28.586865294043513,LOW,"panel,lgbm_linear,huber,gru,random_forest,extra_trees",panel:0.568;lgbm_linear:0.168;huber:0.145;gru:0.045;random_forest:0.039;extra_trees:0.034,추세=상승추세(200MA 위);변동성=고변동;거래량=축소/보통;위험선호=위험선호;금리=상승;GMM레짐=NORMAL,"benchmark,bond,earnings,fx,kcs_memory,ohlcv,regime",,1,2026-10-05,2026-10-05T23:25:23+09:00,471.835947521622,602.7389491458478,602.7389491458478,654.0797836142275,407.3949,-0.040114123927977176,1.0,0.0,1.0,,0,498.31753100408525,0.5171752353564852,0.035281608687787666,411.51,547.25,0.07699612675840885,0.4714285714285714,0.14914901899154107,0.07699612675840885,0.4714285714285714,0.14914901899154107,0.13610985851427496,-0.0957987953231072,0.5666666666666667,0.5682539682539682,0.5682539682539682,-0.09682539682539681,630.0,25.2,0.6613756613756614,0.6613756613756614,0.7724867724867724,0.7724867724867724,189.0,7.56,0.30193956193717175,1.0,"{'oos_evidence': 0.916515138991168, '_effective_oos_samples': 25.2, 'baseline_improvement': 0.0, '_baseline_skill': -0.0957987953231072, 'information_coefficient': 0.19325874437013418, 'directional_accuracy': 0.0, '_direction_reference_accuracy': 0.5682539682539682, '_directional_edge': -0.09682539682539681, '_interval_effective_samples': 7.56, 'probability_calibration': 0.0, 'interval_coverage': 0.0, 'fold_stability': 0.6329573994209686, 'recent_regime': 0.0, 'data_quantity': 1.0, 'data_freshness': 1.0, 'feature_completeness': 1.0}","σ 국면 계수 x1.00 (VIX 0.93)^0.05 | 최근 가중 학습: 반감기 4년 (fold 학습구간 끝 기준) | 패널 OOF 합류 (490행, 패널 실효표본 32) | 앙상블 가중치: NNLS 스태킹 (extra_trees:0.03,gru:0.05,huber:0.15,lgbm_linear:0.17,panel:0.57,random_forest:0.04) | NNLS 가 제외한 모델(중복/무기여): lightgbm | baseline은 비교용으로만 유지하고, 최종 예측은 ML/DL 앙상블을 사용 | 채점용 OOF: cross-fitted 스태킹 7/10 fold (첫 fold 는 균등가중) — 최종 가중치는 OOF 전체 NNLS | conformal 잔차 최근 가중 (반감기 250거래일) | drift 축소(실효표본 25.2개): 중앙값 x0.72 | sigma_h 0.1464 (GARCH, 학습과 동일 추정량)",본 출력은 통계 모델의 예측 분포이며 투자 조언이 아닙니다. 실제 투자 판단과 그 결과에 대한 책임은 이용자 본인에게 있습니다.
AMAT,어플라이드 머티리얼즈,US,USD,30,2026-10-05T23:28:50+09:00,536.15,437.77444702162774,477.9295698793118,557.8000198140447,642.6158124283619,696.1518682115694,0.040380527490524676,0.5877192982456141,0.4122807017543859,438.4277510223771,693.8688975254709,416.69267420316913,774.9363866451316,0.1736821329693676,0.5033786445881752,26.160637948248333,LOW,"extra_trees,gru,huber,lgbm_linear,panel,random_forest",extra_trees:0.061;gru:0.027;huber:0.113;lgbm_linear:0.024;panel:0.584;random_forest:0.191,추세=상승추세(200MA 위);변동성=고변동;거래량=축소/보통;위험선호=위험선호;금리=상승;GMM레짐=NORMAL,"benchmark,bond,earnings,fx,kcs_memory,ohlcv,regime",,1,2026-10-05,2026-10-05T23:27:04+09:00,477.9295698793118,642.6158124283619,642.6158124283619,696.1518682115694,407.3949,-0.01564091415679312,1.0,0.0,1.0,,0,498.31753100408525,0.8268861771561821,0.035281608687787666,411.51,547.25,0.0431220897147997,0.4365079365079365,0.1687805646508546,0.0431220897147997,0.4365079365079365,0.1687805646508546,0.15581770560167607,-0.08319246518952128,0.5650793650793651,0.6174603174603175,0.6174603174603175,-0.18095238095238098,630.0,21.0,0.5925925925925926,0.5925925925925926,0.6349206349206349,0.6349206349206349,189.0,6.3,0.3183920071447468,1.0,"{'oos_evidence': 0.8366600265340756, '_effective_oos_samples': 21.0, 'baseline_improvement': 0.0, '_baseline_skill': -0.08319246518952128, 'information_coefficient': 0.08521366508310829, 'directional_accuracy': 0.0, '_direction_reference_accuracy': 0.6174603174603175, '_directional_edge': -0.18095238095238098, '_interval_effective_samples': 6.3, 'probability_calibration': 0.0, 'interval_coverage': 0.0, 'fold_stability': 0.6430619041577841, 'recent_regime': 0.0, 'data_quantity': 1.0, 'data_freshness': 1.0, 'feature_completeness': 1.0}","σ 국면 계수 x1.00 (VIX 0.93)^0.04 | 최근 가중 학습: 반감기 4년 (fold 학습구간 끝 기준) | 패널 OOF 합류 (490행, 패널 실효표본 27) | 앙상블 가중치: NNLS 스태킹 (extra_trees:0.06,gru:0.03,huber:0.11,lgbm_linear:0.02,panel:0.58,random_forest:0.19) | 채점용 OOF: cross-fitted 스태킹 6/10 fold (첫 fold 는 균등가중) — 최종 가중치는 OOF 전체 NNLS | conformal 잔차 최근 가중 (반감기 250거래일) | drift 축소(실효표본 21.0개): 중앙값 x0.68 | sigma_h 0.1613 (GARCH, 학습과 동일 추정량) | 실적 발표 11-15 예측기간 포함(추정) → 구간 ×1.08 (k=2.4)",본 출력은 통계 모델의 예측 분포이며 투자 조언이 아닙니다. 실제 투자 판단과 그 결과에 대한 책임은 이용자 본인에게 있습니다.
TSM,TSMC(ADR),US,USD,5,2026-10-05T23:38:52+09:00,480.8,464.2826191340982,472.636683254865,482.5134487407539,493.4032027693576,503.2601366234855,0.0035637453010688436,0.5300546448087432,0.4699453551912568,464.4334500830309,502.9392772584275,457.6216196694422,507.25418193422877,0.03619320259427245,0.25694624898432455,44.0,LOW,"catboost,elasticnet,gru,huber,lightgbm,quantile_gbm",catboost:0.150;elasticnet:0.391;gru:0.112;huber:0.138;lightgbm:0.032;quantile_gbm:0.178,추세=상승추세(200MA 위);변동성=중간변동;거래량=축소/보통;위험선호=위험선호;금리=상승;GMM레짐=NORMAL,"benchmark,bond,fx,kcs_memory,ohlcv,regime",earnings,1,2026-10-05,2026-10-05T23:28:54+09:00,472.636683254865,493.4032027693576,493.4032027693576,503.2601366234855,408.4245,4.348509366186104e-06,1.0,0.0,1.0,,0,472.636683254865,0.17413631366080526,0.02183816648730011,412.55,481.84,-0.009822698085959017,0.5285714285714286,0.051112073369846585,-0.009822698085959017,0.5285714285714286,0.051112073369846585,0.0494599627966406,-0.03340298859501378,0.5904761904761905,0.5904761904761905,0.5904761904761905,-0.06190476190476191,630.0,126.0,0.8306878306878307,0.8306878306878307,0.9365079365079365,0.9365079365079365,189.0,37.8,0.035791105153622334,1.0,"{'oos_evidence': 1.0, '_effective_oos_samples': 126.0, 'baseline_improvement': 0.0, '_baseline_skill': -0.03340298859501378, 'information_coefficient': 0.0, 'directional_accuracy': 0.0, '_direction_reference_accuracy': 0.5904761904761905, '_directional_edge': -0.06190476190476191, '_interval_effective_samples': 37.8, 'probability_calibration': 0.7613926323091844, 'interval_coverage': 0.7442680776014112, 'fold_stability': 0.7624424314305173, 'recent_regime': 1.0, 'data_quantity': 1.0, 'data_freshness': 1.0, 'feature_completeness': 1.0, '_no_predictive_edge_cap': 1.0, '_predictive_edge_cap': 44.0}","σ 국면 계수 x0.98 (VIX 0.93)^0.23 | 최근 가중 학습: 반감기 4년 (fold 학습구간 끝 기준) | 패널 OOF 합류 (489행, 패널 실효표본 160) | 앙상블 가중치: NNLS 스태킹 (catboost:0.15,elasticnet:0.39,gru:0.11,huber:0.14,lightgbm:0.03,quantile_gbm:0.18) | 채점용 OOF: cross-fitted 스태킹 7/10 fold (첫 fold 는 균등가중) — 최종 가중치는 OOF 전체 NNLS | conformal 잔차 최근 가중 (반감기 250거래일) | drift 축소(실효표본 126.0개): 중앙값 x0.93 | 라이브 보정 x0.86 (최근 20앵커 80% 적중 91%) | sigma_h 0.0362 (GARCH, 학습과 동일 추정량)",본 출력은 통계 모델의 예측 분포이며 투자 조언이 아닙니다. 실제 투자 판단과 그 결과에 대한 책임은 이용자 본인에게 있습니다.
TSM,TSMC(ADR),US,USD,10,2026-10-05T23:38:52+09:00,480.8,462.8499093837551,473.6834334755738,485.69075582857585,500.46356544733527,511.30433326804496,0.010172121107686838,0.6254071661237784,0.37459283387622155,462.92881321889473,511.18429166078425,455.5539229715956,516.6301144712564,0.04888476534621731,0.24539957443006938,44.0,LOW,"elasticnet,extra_trees,gru,huber,panel",elasticnet:0.577;extra_trees:0.107;gru:0.199;huber:0.054;panel:0.063,추세=상승추세(200MA 위);변동성=중간변동;거래량=축소/보통;위험선호=위험선호;금리=상승;GMM레짐=NORMAL,"benchmark,bond,fx,kcs_memory,ohlcv,regime",earnings,1,2026-10-05,2026-10-05T23:30:40+09:00,473.6834334755738,500.46356544733527,500.46356544733527,511.30433326804496,408.4245,0.0048453117860990476,1.0,0.0,1.0,,0,473.6834334755738,0.27168814650448375,0.02183816648730011,412.55,481.84,-0.10849206089254566,0.5285714285714286,0.06860899656566295,-0.10849206089254566,0.5285714285714286,0.06860899656566295,0.06603548525547127,-0.03897164229558614,0.6253968253968254,0.6253968253968254,0.6253968253968254,-0.09682539682539681,630.0,63.0,0.8624338624338624,0.8624338624338624,0.9470899470899471,0.9470899470899471,189.0,18.9,0.01003767765769502,1.0,"{'oos_evidence': 1.0, '_effective_oos_samples': 63.0, 'baseline_improvement': 0.0, '_baseline_skill': -0.03897164229558614, 'information_coefficient': 0.0, 'directional_accuracy': 0.0, '_direction_reference_accuracy': 0.6253968253968254, '_directional_edge': -0.09682539682539681, '_interval_effective_samples': 18.9, 'probability_calibration': 0.9070595186474556, 'interval_coverage': 0.466339013218767, 'fold_stability': 0.6971124027499279, 'recent_regime': 1.0, 'data_quantity': 1.0, 'data_freshness': 1.0, 'feature_completeness': 1.0, '_no_predictive_edge_cap': 1.0, '_predictive_edge_cap': 44.0}","σ 국면 계수 x0.99 (VIX 0.93)^0.15 | 최근 가중 학습: 반감기 4년 (fold 학습구간 끝 기준) | 패널 OOF 합류 (489행, 패널 실효표본 80) | 앙상블 가중치: NNLS 스태킹 (elasticnet:0.58,extra_trees:0.11,gru:0.20,huber:0.05,panel:0.06) | NNLS 가 제외한 모델(중복/무기여): quantile_gbm,random_forest,ridge | baseline은 비교용으로만 유지하고, 최종 예측은 ML/DL 앙상블을 사용 | 채점용 OOF: cross-fitted 스태킹 7/10 fold (첫 fold 는 균등가중) — 최종 가중치는 OOF 전체 NNLS | conformal 잔차 최근 가중 (반감기 250거래일) | drift 축소(실효표본 63.0개): 중앙값 x0.86 | 라이브 보정 x0.80 (최근 20앵커 80% 적중 95%) | sigma_h 0.0489 (GARCH, 학습과 동일 추정량)",본 출력은 통계 모델의 예측 분포이며 투자 조언이 아닙니다. 실제 투자 판단과 그 결과에 대한 책임은 이용자 본인에게 있습니다.
TSM,TSMC(ADR),US,USD,15,2026-10-05T23:38:52+09:00,480.8,451.70042280676205,469.6287071216031,487.60980698747073,508.12160243119934,525.5008474955263,0.014163492070446537,0.6307692307692307,0.36923076923076925,451.8028081038481,525.2274421116989,441.5743424069417,541.6240796566968,0.07610518475095028,0.3119384324708987,42.32785536312604,LOW,"elasticnet,gru,huber,lgbm_linear,lightgbm,panel",elasticnet:0.377;gru:0.103;huber:0.112;lgbm_linear:0.021;lightgbm:0.068;panel:0.317,추세=상승추세(200MA 위);변동성=중간변동;거래량=축소/보통;위험선호=위험선호;금리=상승;GMM레짐=NORMAL,"benchmark,bond,fx,kcs_memory,ohlcv,regime",earnings,1,2026-10-05,2026-10-05T23:32:20+09:00,469.6287071216031,508.12160243119934,508.12160243119934,525.5008474955263,408.4245,0.006380587087240739,1.0,0.0,1.0,,0,469.6287071216031,0.3774979437958885,0.02183816648730011,412.55,481.84,-0.06266152154098457,0.5507936507936508,0.08469100346725668,-0.06266152154098457,0.5507936507936508,0.08469100346725668,0.08141729740317467,-0.040208974855438395,0.665079365079365,0.665079365079365,0.665079365079365,-0.11428571428571421,630.0,42.0,0.873015873015873,0.873015873015873,0.9417989417989417,0.9417989417989417,189.0,12.6,0.04262204467600526,1.0,"{'oos_evidence': 1.0, '_effective_oos_samples': 42.0, 'baseline_improvement': 0.0, '_baseline_skill': -0.040208974855438395, 'information_coefficient': 0.0, 'directional_accuracy': 0.0, '_direction_reference_accuracy': 0.665079365079365, '_directional_edge': -0.11428571428571421, '_interval_effective_samples': 12.6, 'probability_calibration': 0.5681907321557882, 'interval_coverage': 0.3107707889186982, 'fold_stability': 0.6674621616692757, 'recent_regime': 1.0, 'data_quantity': 1.0, 'data_freshness': 1.0, 'feature_completeness': 1.0, '_no_predictive_edge_cap': 1.0, '_predictive_edge_cap': 44.0}","σ 국면 계수 x0.99 (VIX 0.93)^0.1 | 최근 가중 학습: 반감기 4년 (fold 학습구간 끝 기준) | 패널 OOF 합류 (489행, 패널 실효표본 53) | 앙상블 가중치: NNLS 스태킹 (elasticnet:0.38,gru:0.10,huber:0.11,lgbm_linear:0.02,lightgbm:0.07,panel:0.32) | NNLS 가 제외한 모델(중복/무기여): ridge | 채점용 OOF: cross-fitted 스태킹 7/10 fold (첫 fold 는 균등가중) — 최종 가중치는 OOF 전체 NNLS | conformal 잔차 최근 가중 (반감기 250거래일) | drift 축소(실효표본 42.0개): 중앙값 x0.81 | sigma_h 0.0761 (GARCH, 학습과 동일 추정량)",본 출력은 통계 모델의 예측 분포이며 투자 조언이 아닙니다. 실제 투자 판단과 그 결과에 대한 책임은 이용자 본인에게 있습니다.
TSM,TSMC(ADR),US,USD,20,2026-10-05T23:38:52+09:00,480.8,450.08188212696103,472.996630489226,491.3897141501882,513.6151752509749,535.8953849927677,0.022025195819858956,0.6424870466321243,0.3575129533678757,450.6157653391905,535.776225375854,435.20248076988537,548.028583786295,0.08949567532967094,0.317678133295628,36.452419904111935,LOW,"elasticnet,extra_trees,gru,huber,panel,ridge",elasticnet:0.137;extra_trees:0.047;gru:0.480;huber:0.072;panel:0.222;ridge:0.042,추세=상승추세(200MA 위);변동성=중간변동;거래량=축소/보통;위험선호=위험선호;금리=상승;GMM레짐=NORMAL,"benchmark,bond,fx,kcs_memory,ohlcv,regime",earnings,1,2026-10-05,2026-10-05T23:33:58+09:00,472.996630489226,513.6151752509749,513.6151752509749,535.8953849927677,408.4245,0.009280585155521584,1.0,0.0,1.0,,0,472.996630489226,0.45340170708285055,0.02183816648730011,412.55,481.84,0.02803560795543643,0.6126984126984127,0.09583660408445796,0.02803560795543643,0.6126984126984127,0.09583660408445796,0.09319134871633036,-0.0283852031821068,0.6777777777777778,0.6777777777777778,0.6777777777777778,-0.06507936507936507,630.0,31.5,0.9259259259259259,0.9259259259259259,0.9576719576719577,0.9576719576719577,189.0,9.45,0.1216275826805602,1.0,"{'oos_evidence': 1.0, '_effective_oos_samples': 31.5, 'baseline_improvement': 0.0, '_baseline_skill': -0.0283852031821068, 'information_coefficient': 0.04411387755702809, 'directional_accuracy': 0.0, '_direction_reference_accuracy': 0.6777777777777778, '_directional_edge': -0.06507936507936507, '_interval_effective_samples': 9.45, 'probability_calibration': 0.1300187500152089, 'interval_coverage': 0.0, 'fold_stability': 0.6706447863077817, 'recent_regime': 1.0, 'data_quantity': 1.0, 'data_freshness': 1.0, 'feature_completeness': 1.0, '_weak_predictive_edge_cap': 1.0, '_predictive_edge_cap': 69.0}","σ 국면 계수 x1.00 (VIX 0.93)^0.07 | 최근 가중 학습: 반감기 4년 (fold 학습구간 끝 기준) | 패널 OOF 합류 (490행, 패널 실효표본 40) | 앙상블 가중치: NNLS 스태킹 (elasticnet:0.14,extra_trees:0.05,gru:0.48,huber:0.07,panel:0.22,ridge:0.04) | 채점용 OOF: cross-fitted 스태킹 7/10 fold (첫 fold 는 균등가중) — 최종 가중치는 OOF 전체 NNLS | conformal 잔차 최근 가중 (반감기 250거래일) | drift 축소(실효표본 31.5개): 중앙값 x0.76 | sigma_h 0.0895 (GARCH, 학습과 동일 추정량)",본 출력은 통계 모델의 예측 분포이며 투자 조언이 아닙니다. 실제 투자 판단과 그 결과에 대한 책임은 이용자 본인에게 있습니다.
TSM,TSMC(ADR),US,USD,25,2026-10-05T23:38:52+09:00,480.8,449.56050678868417,470.58776035715516,495.3013970664557,522.9820132738795,541.5264768651967,0.030160975595789674,0.6069364161849711,0.3930635838150289,449.6160527303004,541.4942192122502,435.9623824852185,561.4508515999347,0.1016711176540049,0.3227957913965828,41.16734579738331,LOW,"elasticnet,gru,huber,panel,ridge",elasticnet:0.124;gru:0.441;huber:0.126;panel:0.211;ridge:0.098,추세=상승추세(200MA 위);변동성=중간변동;거래량=축소/보통;위험선호=위험선호;금리=상승;GMM레짐=NORMAL,"benchmark,bond,fx,kcs_memory,ohlcv,regime",earnings,1,2026-10-05,2026-10-05T23:35:36+09:00,470.58776035715516,522.9820132738795,522.9820132738795,541.5264768651967,408.4245,0.01377075256207857,1.0,0.0,1.0,,0,470.58776035715516,0.5828217183146159,0.02183816648730011,412.55,481.84,0.11825335436783187,0.5952380952380952,0.10900458832999939,0.11825335436783187,0.5952380952380952,0.10900458832999939,0.10536119836463272,-0.034579997398640705,0.6904761904761905,0.6904761904761905,0.6904761904761905,-0.09523809523809523,630.0,25.2,0.9417989417989417,0.9417989417989417,0.9735449735449735,0.9735449735449735,189.0,7.56,0.04750354084096865,1.0,"{'oos_evidence': 0.916515138991168, '_effective_oos_samples': 25.2, 'baseline_improvement': 0.0, '_baseline_skill': -0.034579997398640705, 'information_coefficient': 0.29681356380940094, 'directional_accuracy': 0.0, '_direction_reference_accuracy': 0.6904761904761905, '_directional_edge': -0.09523809523809523, '_interval_effective_samples': 7.56, 'probability_calibration': 0.42011046827511317, 'interval_coverage': 0.0, 'fold_stability': 0.6560172528390966, 'recent_regime': 0.916515138991168, 'data_quantity': 1.0, 'data_freshness': 1.0, 'feature_completeness': 1.0}","σ 국면 계수 x1.00 (VIX 0.93)^0.05 | 최근 가중 학습: 반감기 4년 (fold 학습구간 끝 기준) | 패널 OOF 합류 (490행, 패널 실효표본 32) | 앙상블 가중치: NNLS 스태킹 (elasticnet:0.12,gru:0.44,huber:0.13,panel:0.21,ridge:0.10) | 채점용 OOF: cross-fitted 스태킹 7/10 fold (첫 fold 는 균등가중) — 최종 가중치는 OOF 전체 NNLS | conformal 잔차 최근 가중 (반감기 250거래일) | drift 축소(실효표본 25.2개): 중앙값 x0.72 | sigma_h 0.1017 (GARCH, 학습과 동일 추정량)",본 출력은 통계 모델의 예측 분포이며 투자 조언이 아닙니다. 실제 투자 판단과 그 결과에 대한 책임은 이용자 본인에게 있습니다.
TSM,TSMC(ADR),US,USD,30,2026-10-05T23:38:52+09:00,480.8,465.71546134145683,491.15132786000663,518.2616102838678,552.8573148711478,576.4877890596165,0.07791516282002453,0.8692307692307693,0.13076923076923075,465.9903609391181,576.0800921413095,452.5924161706182,596.299592642864,0.11293676782899457,0.3273218502213775,31.481857646909017,LOW,"elasticnet,gru,huber,panel,ridge",elasticnet:0.423;gru:0.286;huber:0.114;panel:0.113;ridge:0.063,추세=상승추세(200MA 위);변동성=중간변동;거래량=축소/보통;위험선호=위험선호;금리=상승;GMM레짐=NORMAL,"benchmark,bond,fx,kcs_memory,ohlcv,regime",earnings,1,2026-10-05,2026-10-05T23:37:13+09:00,491.15132786000663,552.8573148711478,552.8573148711478,576.4877890596165,408.4245,0.03842197607741385,1.0,0.0,1.0,,0,491.15132786000663,0.9956036900767216,0.02183816648730011,412.55,481.84,0.1960416461954637,0.5888888888888889,0.12667215510877528,0.1960416461954637,0.5888888888888889,0.12667215510877528,0.11574064958852864,-0.09444828207815825,0.7047619047619048,0.7047619047619048,0.7047619047619048,-0.1158730158730159,630.0,21.0,0.9206349206349206,0.9206349206349206,0.9788359788359788,0.9788359788359788,189.0,6.3,0.18274435453133303,1.0,"{'oos_evidence': 0.8366600265340756, '_effective_oos_samples': 21.0, 'baseline_improvement': 0.0, '_baseline_skill': -0.09444828207815825, 'information_coefficient': 0.44918784152723196, 'directional_accuracy': 0.0, '_direction_reference_accuracy': 0.7047619047619048, '_directional_edge': -0.1158730158730159, '_interval_effective_samples': 6.3, 'probability_calibration': 0.0, 'interval_coverage': 0.0, 'fold_stability': 0.5928251917132549, 'recent_regime': 0.0, 'data_quantity': 1.0, 'data_freshness': 1.0, 'feature_completeness': 1.0}","σ 국면 계수 x1.00 (VIX 0.93)^0.04 | 최근 가중 학습: 반감기 4년 (fold 학습구간 끝 기준) | 패널 OOF 합류 (490행, 패널 실효표본 27) | 앙상블 가중치: NNLS 스태킹 (elasticnet:0.42,gru:0.29,huber:0.11,panel:0.11,ridge:0.06) | 채점용 OOF: cross-fitted 스태킹 7/10 fold (첫 fold 는 균등가중) — 최종 가중치는 OOF 전체 NNLS | conformal 잔차 최근 가중 (반감기 250거래일) | drift 축소(실효표본 21.0개): 중앙값 x0.68 | sigma_h 0.1129 (GARCH, 학습과 동일 추정량)",본 출력은 통계 모델의 예측 분포이며 투자 조언이 아닙니다. 실제 투자 판단과 그 결과에 대한 책임은 이용자 본인에게 있습니다.
NVDA,엔비디아,US,USD,5,2026-10-05T23:49:46+09:00,235.0413,230.36810374266426,235.10607197369507,241.90661754148684,247.48587037381034,253.25227514478556,0.02920898387426729,0.98,0.020000000000000018,230.44252026777534,253.05806682294025,226.90688140840624,256.8787008217041,0.043772756436697945,0.31075574328683075,49.7557611350779,MEDIUM,"elasticnet,huber,pls,quantile_gbm,catboost,ridge",elasticnet:0.334;huber:0.262;pls:0.192;quantile_gbm:0.087;catboost:0.066;ridge:0.059,추세=상승추세(200MA 위);변동성=저변동;거래량=축소/보통;위험선호=위험선호;금리=상승;GMM레짐=LOW_VOL,"benchmark,bond,earnings,fx,ohlcv,regime",,1,2026-10-05,2026-10-05T23:38:57+09:00,235.10607197369507,247.48587037381034,247.48587037381034,253.25227514478556,206.8407,0.027518041622953952,1.0,0.0,1.0,,0,235.10607197369507,0.44128743267201165,0.02400081877984756,208.93,237.88,0.03682397788858123,0.5380952380952381,0.06279453229452348,0.03682397788858123,0.5380952380952381,0.06279453229452348,0.06209832560562814,-0.011211360082665989,0.573015873015873,0.573015873015873,0.573015873015873,-0.03492063492063491,630.0,126.0,0.8148148148148148,0.8148148148148148,0.9259259259259259,0.9259259259259259,189.0,37.8,0.06680017112336557,1.0,"{'oos_evidence': 1.0, '_effective_oos_samples': 126.0, 'baseline_improvement': 0.0, '_baseline_skill': -0.011211360082665989, 'information_coefficient': 0.15221122275369645, 'directional_accuracy': 0.0, '_direction_reference_accuracy': 0.573015873015873, '_directional_edge': -0.03492063492063491, '_interval_effective_samples': 37.8, 'probability_calibration': 0.5546655258442295, 'interval_coverage': 0.876543209876544, 'fold_stability': 0.6117625265499474, 'recent_regime': 1.0, 'data_quantity': 1.0, 'data_freshness': 1.0, 'feature_completeness': 1.0}","σ 국면 계수 x0.98 (VIX 0.93)^0.23 | 최근 가중 학습: 반감기 4년 (fold 학습구간 끝 기준) | 앙상블 가중치: NNLS 스태킹 (catboost:0.07,elasticnet:0.33,huber:0.26,pls:0.19,quantile_gbm:0.09,ridge:0.06) | NNLS 가 제외한 모델(중복/무기여): extra_trees,random_forest | 채점용 OOF: cross-fitted 스태킹 9/10 fold (첫 fold 는 균등가중) — 최종 가중치는 OOF 전체 NNLS | conformal 잔차 최근 가중 (반감기 250거래일) | drift 축소(실효표본 126.0개): 중앙값 x0.93 | 라이브 보정 x0.86 (최근 20앵커 80% 적중 91%) | sigma_h 0.0438 (GARCH, 학습과 동일 추정량)",본 출력은 통계 모델의 예측 분포이며 투자 조언이 아닙니다. 실제 투자 판단과 그 결과에 대한 책임은 이용자 본인에게 있습니다.
NVDA,엔비디아,US,USD,10,2026-10-05T23:49:46+09:00,235.0413,229.73577880512258,234.6502057342613,240.69301753292498,248.75795820923173,255.1399399074516,0.02404563594961817,0.8203082482869302,0.17969175171306984,229.7884611316192,254.99197523672433,225.67268920112926,259.32992448658575,0.06104159167971961,0.3064263582866185,54.19322705943341,MEDIUM,"elasticnet,gru,huber,pls,quantile_gbm",elasticnet:0.313;gru:0.030;huber:0.187;pls:0.049;quantile_gbm:0.421,추세=상승추세(200MA 위);변동성=저변동;거래량=축소/보통;위험선호=위험선호;금리=상승;GMM레짐=LOW_VOL,"benchmark,bond,earnings,fx,ohlcv,regime",,1,2026-10-05,2026-10-05T23:40:42+09:00,234.6502057342613,248.75795820923173,248.75795820923173,255.1399399074516,201.1941981175213,0.024578876879729372,1.0,0.0,1.0,,0,234.6502057342613,0.4052535504179248,0.02400081877984756,208.93,237.88,0.11104345965910244,0.546031746031746,0.08062806556974524,0.11104345965910244,0.546031746031746,0.08062806556974524,0.08111318531096846,0.005980775374107128,0.5682539682539682,0.5682539682539682,0.5682539682539682,-0.022222222222222254,630.0,63.0,0.8835978835978836,0.8835978835978836,0.9259259259259259,0.9259259259259259,189.0,18.9,0.041241055348027654,1.0,"{'oos_evidence': 1.0, '_effective_oos_samples': 63.0, 'baseline_improvement': 0.2990387687053564, '_baseline_skill': 0.005980775374107128, 'information_coefficient': 0.4406900684673274, 'directional_accuracy': 0.0, '_direction_reference_accuracy': 0.5682539682539682, '_directional_edge': -0.022222222222222254, '_interval_effective_samples': 18.9, 'probability_calibration': 0.7048385189219251, 'interval_coverage': 0.2948908465942204, 'fold_stability': 0.5769949047352867, 'recent_regime': 1.0, 'data_quantity': 1.0, 'data_freshness': 1.0, 'feature_completeness': 1.0}","σ 국면 계수 x0.99 (VIX 0.93)^0.15 | 최근 가중 학습: 반감기 4년 (fold 학습구간 끝 기준) | 앙상블 가중치: NNLS 스태킹 (elasticnet:0.31,gru:0.03,huber:0.19,pls:0.05,quantile_gbm:0.42) | NNLS 가 제외한 모델(중복/무기여): catboost,ridge | 채점용 OOF: cross-fitted 스태킹 9/10 fold (첫 fold 는 균등가중) — 최종 가중치는 OOF 전체 NNLS | conformal 잔차 최근 가중 (반감기 250거래일) | drift 축소(실효표본 63.0개): 중앙값 x0.86 | 라이브 보정 x0.80 (최근 20앵커 80% 적중 95%) | sigma_h 0.0610 (GARCH, 학습과 동일 추정량)",본 출력은 통계 모델의 예측 분포이며 투자 조언이 아닙니다. 실제 투자 판단과 그 결과에 대한 책임은 이용자 본인에게 있습니다.
NVDA,엔비디아,US,USD,15,2026-10-05T23:49:47+09:00,235.0413,212.43211576959894,221.86315859938978,233.27665149047206,242.5860375079938,251.31957294928128,-0.00750782313375542,0.5588865096359743,0.4411134903640257,212.53383988962068,251.19568238816223,207.32467961113508,258.26300360422186,0.09735873859483128,0.39905208040686674,47.18128372682565,MEDIUM,"elasticnet,hist_gbm,huber,lgbm_linear,pls,quantile_gbm",elasticnet:0.319;hist_gbm:0.038;huber:0.428;lgbm_linear:0.104;pls:0.070;quantile_gbm:0.041,추세=상승추세(200MA 위);변동성=저변동;거래량=축소/보통;위험선호=위험선호;금리=상승;GMM레짐=LOW_VOL,"benchmark,bond,earnings,fx,ohlcv,regime",,1,2026-10-05,2026-10-05T23:42:31+09:00,221.86315859938978,242.5860375079938,242.5860375079938,251.31957294928128,201.1941981175213,-0.015308828764110946,1.0,0.0,1.0,,0,223.75893270584044,0.2229064554534109,0.02400081877984756,208.93,237.88,0.12667300869034812,0.5428571428571428,0.09635232809408131,0.12667300869034812,0.5428571428571428,0.09635232809408131,0.09441031796084444,-0.02056989294371725,0.5888888888888889,0.5888888888888889,0.5888888888888889,-0.04603174603174609,630.0,42.0,0.8201058201058201,0.8201058201058201,0.9259259259259259,0.9259259259259259,189.0,12.6,0.2030859953208337,1.0,"{'oos_evidence': 1.0, '_effective_oos_samples': 42.0, 'baseline_improvement': 0.0, '_baseline_skill': -0.02056989294371725, 'information_coefficient': 0.4104674614046558, 'directional_accuracy': 0.0, '_direction_reference_accuracy': 0.5888888888888889, '_directional_edge': -0.04603174603174609, '_interval_effective_samples': 12.6, 'probability_calibration': 0.0, 'interval_coverage': 0.6607378935568715, 'fold_stability': 0.6006425408782435, 'recent_regime': 1.0, 'data_quantity': 1.0, 'data_freshness': 1.0, 'feature_completeness': 1.0}","σ 국면 계수 x0.99 (VIX 0.93)^0.1 | 최근 가중 학습: 반감기 4년 (fold 학습구간 끝 기준) | 앙상블 가중치: NNLS 스태킹 (elasticnet:0.32,hist_gbm:0.04,huber:0.43,lgbm_linear:0.10,pls:0.07,quantile_gbm:0.04) | NNLS 가 제외한 모델(중복/무기여): random_forest | 채점용 OOF: cross-fitted 스태킹 9/10 fold (첫 fold 는 균등가중) — 최종 가중치는 OOF 전체 NNLS | conformal 잔차 최근 가중 (반감기 250거래일) | drift 축소(실효표본 42.0개): 중앙값 x0.81 | sigma_h 0.0974 (GARCH, 학습과 동일 추정량)",본 출력은 통계 모델의 예측 분포이며 투자 조언이 아닙니다. 실제 투자 판단과 그 결과에 대한 책임은 이용자 본인에게 있습니다.
NVDA,엔비디아,US,USD,20,2026-10-05T23:49:47+09:00,235.0413,205.76937821019473,216.10801620113136,227.9672835244998,239.65013773859985,250.45994165614087,-0.030096908396525235,0.4880952380952381,0.5119047619047619,205.77941745745198,250.04092465558386,200.2222112084843,256.343312909234,0.11664588643608532,0.4140518223157549,45.75844998732768,MEDIUM,"elasticnet,gru,huber,lgbm_linear,pls",elasticnet:0.269;gru:0.104;huber:0.501;lgbm_linear:0.075;pls:0.051,추세=상승추세(200MA 위);변동성=저변동;거래량=축소/보통;위험선호=위험선호;금리=상승;GMM레짐=LOW_VOL,"benchmark,bond,earnings,fx,ohlcv,regime",,1,2026-10-05,2026-10-05T23:44:21+09:00,216.10801620113136,239.65013773859985,239.65013773859985,250.45994165614087,201.1941981175213,-0.032281027027310866,1.0,0.0,1.0,,0,223.75893270584044,0.1361663918701901,0.02400081877984756,208.93,237.88,0.20423540641681784,0.5936507936507937,0.10619990010999003,0.20423540641681784,0.5936507936507937,0.10619990010999003,0.10565449269480241,-0.005162179111144027,0.6047619047619047,0.6047619047619047,0.6047619047619047,-0.011111111111111072,630.0,31.5,0.873015873015873,0.873015873015873,0.9365079365079365,0.9365079365079365,189.0,9.45,0.1575709650850778,1.0,"{'oos_evidence': 1.0, '_effective_oos_samples': 31.5, 'baseline_improvement': 0.0, '_baseline_skill': -0.005162179111144027, 'information_coefficient': 0.5731341877951984, 'directional_accuracy': 0.0, '_direction_reference_accuracy': 0.6047619047619047, '_directional_edge': -0.011111111111111072, '_interval_effective_samples': 9.45, 'probability_calibration': 0.0, 'interval_coverage': 0.2691353979577242, 'fold_stability': 0.5896949003027263, 'recent_regime': 1.0, 'data_quantity': 1.0, 'data_freshness': 1.0, 'feature_completeness': 1.0}","σ 국면 계수 x1.00 (VIX 0.93)^0.07 | 최근 가중 학습: 반감기 4년 (fold 학습구간 끝 기준) | 앙상블 가중치: NNLS 스태킹 (elasticnet:0.27,gru:0.10,huber:0.50,lgbm_linear:0.08,pls:0.05) | NNLS 가 제외한 모델(중복/무기여): ridge | 채점용 OOF: cross-fitted 스태킹 9/10 fold (첫 fold 는 균등가중) — 최종 가중치는 OOF 전체 NNLS | conformal 잔차 최근 가중 (반감기 250거래일) | drift 축소(실효표본 31.5개): 중앙값 x0.76 | sigma_h 0.1166 (GARCH, 학습과 동일 추정량)",본 출력은 통계 모델의 예측 분포이며 투자 조언이 아닙니다. 실제 투자 판단과 그 결과에 대한 책임은 이용자 본인에게 있습니다.
NVDA,엔비디아,US,USD,25,2026-10-05T23:49:47+09:00,235.0413,203.75772678963094,215.80231179959793,233.39404907535464,250.36036378284234,264.26064690703515,-0.0070083467230880325,0.5913004215900924,0.40869957840990756,203.86010499461597,263.777521138769,197.21824006099337,278.92318121474494,0.15853077001819407,0.5033195911436592,39.529619736898134,LOW,"elasticnet,gru,huber,lgbm_linear,pls",elasticnet:0.083;gru:0.235;huber:0.444;lgbm_linear:0.082;pls:0.156,추세=상승추세(200MA 위);변동성=저변동;거래량=축소/보통;위험선호=위험선호;금리=상승;GMM레짐=LOW_VOL,"benchmark,bond,earnings,fx,ohlcv,regime",,1,2026-10-05,2026-10-05T23:46:09+09:00,215.80231179959793,250.36036378284234,250.36036378284234,264.26064690703515,201.1941981175213,-0.004786368395949998,1.0,0.0,1.0,,0,223.75893270584044,0.4525960253859253,0.02400081877984756,208.93,237.88,0.1322669951177456,0.6015873015873016,0.12377280823909372,0.1322669951177456,0.6015873015873016,0.12377280823909372,0.11991447203500437,-0.03217573440979704,0.6079365079365079,0.6079365079365079,0.6079365079365079,-0.006349206349206327,630.0,25.2,0.8835978835978836,0.8835978835978836,0.9682539682539683,0.9682539682539683,189.0,7.56,0.18421242614832647,1.0,"{'oos_evidence': 0.916515138991168, '_effective_oos_samples': 25.2, 'baseline_improvement': 0.0, '_baseline_skill': -0.03217573440979704, 'information_coefficient': 0.3319875229343864, 'directional_accuracy': 0.0, '_direction_reference_accuracy': 0.6079365079365079, '_directional_edge': -0.006349206349206327, '_interval_effective_samples': 7.56, 'probability_calibration': 0.0, 'interval_coverage': 0.18650534727460877, 'fold_stability': 0.5855493395360841, 'recent_regime': 0.916515138991168, 'data_quantity': 1.0, 'data_freshness': 1.0, 'feature_completeness': 1.0}","σ 국면 계수 x1.00 (VIX 0.93)^0.05 | 최근 가중 학습: 반감기 4년 (fold 학습구간 끝 기준) | 앙상블 가중치: NNLS 스태킹 (elasticnet:0.08,gru:0.23,huber:0.44,lgbm_linear:0.08,pls:0.16) | NNLS 가 제외한 모델(중복/무기여): quantile_gbm,ridge | 채점용 OOF: cross-fitted 스태킹 9/10 fold (첫 fold 는 균등가중) — 최종 가중치는 OOF 전체 NNLS | conformal 잔차 최근 가중 (반감기 250거래일) | drift 축소(실효표본 25.2개): 중앙값 x0.72 | sigma_h 0.1345 (GARCH, 학습과 동일 추정량) | 실적 발표 11-10 예측기간 포함(추정) → 구간 ×1.18 (k=3.3)",본 출력은 통계 모델의 예측 분포이며 투자 조언이 아닙니다. 실제 투자 판단과 그 결과에 대한 책임은 이용자 본인에게 있습니다.
NVDA,엔비디아,US,USD,30,2026-10-05T23:49:47+09:00,235.0413,206.83970014133087,219.10713879365255,237.86674947323218,260.4019075466675,277.5260426750631,0.012021076607524606,0.5934343434343435,0.40656565656565646,207.27169619402406,277.2412545158091,199.10559683572225,297.05749063086176,0.17392463687089693,0.5040814876680716,31.57210444148204,LOW,"elasticnet,gru,huber,pls,xgboost",elasticnet:0.062;gru:0.158;huber:0.623;pls:0.118;xgboost:0.038,추세=상승추세(200MA 위);변동성=저변동;거래량=축소/보통;위험선호=위험선호;금리=상승;GMM레짐=LOW_VOL,"benchmark,bond,earnings,fx,ohlcv,regime",,1,2026-10-05,2026-10-05T23:47:55+09:00,219.10713879365255,260.4019075466675,260.4019075466675,277.5260426750631,201.1941981175213,0.01831806115305283,1.0,0.0,1.0,,0,223.75893270584044,0.7492696903481606,0.02400081877984756,208.93,237.88,0.028457641676621823,0.5873015873015873,0.1430621306127741,0.028457641676621823,0.5873015873015873,0.1430621306127741,0.13222771923224058,-0.08193751993486553,0.5904761904761905,0.5904761904761905,0.5904761904761905,-0.0031746031746031633,630.0,21.0,0.9365079365079365,0.9365079365079365,0.9947089947089947,0.9947089947089947,189.0,6.3,0.30394672710074366,1.0,"{'oos_evidence': 0.8366600265340756, '_effective_oos_samples': 21.0, 'baseline_improvement': 0.0, '_baseline_skill': -0.08193751993486553, 'information_coefficient': 0.037111410476895465, 'directional_accuracy': 0.0, '_direction_reference_accuracy': 0.5904761904761905, '_directional_edge': -0.0031746031746031633, '_interval_effective_samples': 6.3, 'probability_calibration': 0.0, 'interval_coverage': 0.0, 'fold_stability': 0.591844139623835, 'recent_regime': 0.8366600265340756, 'data_quantity': 1.0, 'data_freshness': 1.0, 'feature_completeness': 1.0, '_weak_predictive_edge_cap': 1.0, '_predictive_edge_cap': 69.0}","σ 국면 계수 x1.00 (VIX 0.93)^0.04 | 최근 가중 학습: 반감기 4년 (fold 학습구간 끝 기준) | 앙상블 가중치: NNLS 스태킹 (elasticnet:0.06,gru:0.16,huber:0.62,pls:0.12,xgboost:0.04) | NNLS 가 제외한 모델(중복/무기여): ridge | 채점용 OOF: cross-fitted 스태킹 9/10 fold (첫 fold 는 균등가중) — 최종 가중치는 OOF 전체 NNLS | conformal 잔차 최근 가중 (반감기 250거래일) | drift 축소(실효표본 21.0개): 중앙값 x0.68 | sigma_h 0.1511 (GARCH, 학습과 동일 추정량) | 실적 발표 11-10 예측기간 포함(추정) → 구간 ×1.15 (k=3.3)",본 출력은 통계 모델의 예측 분포이며 투자 조언이 아닙니다. 실제 투자 판단과 그 결과에 대한 책임은 이용자 본인에게 있습니다.
AMD,AMD,US,USD,5,2026-10-06T00:00:17+09:00,628.66,590.9430981160888,614.661233609357,638.4398933441894,671.0655431285544,712.0415941637808,0.015556729144830861,0.5518207282913166,0.44817927170868344,590.9655290618937,711.4710042961867,577.5011160549874,735.6064773085958,0.06304576648432336,0.44758054140950976,30.219382590824473,LOW,"catboost,elasticnet,gru,huber",catboost:0.026;elasticnet:0.420;gru:0.458;huber:0.097,추세=상승추세(200MA 위);변동성=중간변동;거래량=축소/보통;위험선호=위험선호;금리=상승;GMM레짐=NORMAL,"benchmark,bond,earnings,fx,ohlcv,regime",,1,2026-10-05,2026-10-05T23:49:51+09:00,614.661233609357,671.0655431285544,671.0655431285544,712.0415941637808,475.5267,0.008352496378488507,1.0,0.0,1.0,,0,614.661233609357,0.2769191490587249,0.037056769229701046,480.33,645.46,-0.02501192878744851,0.4936507936507937,0.0830679791948143,-0.02501192878744851,0.4936507936507937,0.0830679791948143,0.08174285998627301,-0.01621082512605776,0.553968253968254,0.553968253968254,0.553968253968254,-0.060317460317460325,630.0,126.0,0.7354497354497355,0.7037037037037037,0.8888888888888888,0.8571428571428571,189.0,37.8,0.1153789062370934,1.2,"{'oos_evidence': 1.0, '_effective_oos_samples': 126.0, 'baseline_improvement': 0.0, '_baseline_skill': -0.01621082512605776, 'information_coefficient': 0.0, 'directional_accuracy': 0.0, '_direction_reference_accuracy': 0.553968253968254, '_directional_edge': -0.060317460317460325, '_interval_effective_samples': 37.8, 'probability_calibration': 0.23080729175271064, 'interval_coverage': 0.19753086419753063, 'fold_stability': 0.6397615614827479, 'recent_regime': 0.0, 'data_quantity': 1.0, 'data_freshness': 1.0, 'feature_completeness': 1.0, '_no_predictive_edge_cap': 1.0, '_predictive_edge_cap': 44.0}","σ 국면 계수 x0.98 (VIX 0.93)^0.23 | 최근 가중 학습: 반감기 4년 (fold 학습구간 끝 기준) | 앙상블 가중치: NNLS 스태킹 (catboost:0.03,elasticnet:0.42,gru:0.46,huber:0.10) | NNLS 가 제외한 모델(중복/무기여): extra_trees,pls,ridge | baseline은 비교용으로만 유지하고, 최종 예측은 ML/DL 앙상블을 사용 | 채점용 OOF: cross-fitted 스태킹 9/10 fold (첫 fold 는 균등가중) — 최종 가중치는 OOF 전체 NNLS | 꼬리 이탈 보정(보정 전 80% 커버리지 70%) -> 상단 x1.20 / 하단 x1.00 | conformal 잔차 최근 가중 (반감기 250거래일) | drift 축소(실효표본 126.0개): 중앙값 x0.93 | 라이브 보정 x0.86 (최근 20앵커 80% 적중 91%) | sigma_h 0.0630 (GARCH, 학습과 동일 추정량)",본 출력은 통계 모델의 예측 분포이며 투자 조언이 아닙니다. 실제 투자 판단과 그 결과에 대한 책임은 이용자 본인에게 있습니다.
AMD,AMD,US,USD,10,2026-10-06T00:00:17+09:00,628.66,565.2780227046883,601.7464781205323,647.0450452735428,709.6973691463276,813.3922125944581,0.02924481480218688,0.5774193548387097,0.42258064516129035,567.3043537334983,813.2978603796738,536.8745371604773,869.2924287124175,0.13326167494318758,0.668968298963656,33.44197285497131,LOW,"elasticnet,gru,huber,pls",elasticnet:0.195;gru:0.712;huber:0.047;pls:0.045,추세=상승추세(200MA 위);변동성=중간변동;거래량=축소/보통;위험선호=위험선호;금리=상승;GMM레짐=NORMAL,"benchmark,bond,earnings,fx,ohlcv,regime",,1,2026-10-05,2026-10-05T23:51:30+09:00,601.7464781205323,709.6973691463276,709.6973691463276,813.3922125944581,475.5267,0.015970960695350266,1.0,0.0,1.0,,0,601.7464781205323,0.529194950715015,0.037056769229701046,480.33,645.46,0.06854343138686755,0.5619047619047619,0.11557376072805947,0.06854343138686755,0.5619047619047619,0.11557376072805947,0.11469394713346719,-0.007670967968069542,0.5206349206349207,0.5206349206349207,0.5206349206349207,0.041269841269841234,630.0,63.0,0.6772486772486772,0.6772486772486772,0.7301587301587301,0.7301587301587301,189.0,18.9,0.15897472594807066,1.0,"{'oos_evidence': 1.0, '_effective_oos_samples': 63.0, 'baseline_improvement': 0.0, '_baseline_skill': -0.007670967968069542, 'information_coefficient': 0.272023310185006, 'directional_accuracy': 0.27060513149412996, '_direction_reference_accuracy': 0.5206349206349207, '_directional_edge': 0.041269841269841234, '_interval_effective_samples': 18.9, 'probability_calibration': 0.0, 'interval_coverage': 0.0, 'fold_stability': 0.5842338314081651, 'recent_regime': 0.0, 'data_quantity': 1.0, 'data_freshness': 1.0, 'feature_completeness': 1.0}","σ 국면 계수 x0.99 (VIX 0.93)^0.15 | 최근 가중 학습: 반감기 4년 (fold 학습구간 끝 기준) | 앙상블 가중치: NNLS 스태킹 (elasticnet:0.19,gru:0.71,huber:0.05,pls:0.05) | 채점용 OOF: cross-fitted 스태킹 9/10 fold (첫 fold 는 균등가중) — 최종 가중치는 OOF 전체 NNLS | conformal 잔차 최근 가중 (반감기 250거래일) | drift 축소(실효표본 63.0개): 중앙값 x0.86 | 라이브 보정 x0.80 (최근 20앵커 80% 적중 95%) | sigma_h 0.0843 (GARCH, 학습과 동일 추정량) | 실적 발표 10-20 예측기간 포함(추정) → 구간 ×1.58 (k=4.5)",본 출력은 통계 모델의 예측 분포이며 투자 조언이 아닙니다. 실제 투자 판단과 그 결과에 대한 책임은 이용자 본인에게 있습니다.
AMD,AMD,US,USD,15,2026-10-06T00:00:17+09:00,628.66,537.5801157722209,589.0981577909599,656.6579375740075,765.226721806524,897.1629270439303,0.044535897900307875,0.5743243243243243,0.42567567567567566,538.5347285867368,893.8083170166956,502.21692566762306,1051.580204831857,0.18387436235956664,0.7536606152882777,34.60517873294757,LOW,"elasticnet,gru",elasticnet:0.140;gru:0.860,추세=상승추세(200MA 위);변동성=중간변동;거래량=축소/보통;위험선호=위험선호;금리=상승;GMM레짐=NORMAL,"benchmark,bond,earnings,fx,ohlcv,regime",,1,2026-10-05,2026-10-05T23:53:15+09:00,589.0981577909599,765.226721806524,765.226721806524,897.1629270439303,475.5267,0.029958766039953164,1.0,0.0,1.0,,0,589.0981577909599,0.8918159656098579,0.037056769229701046,480.33,645.46,0.09404645226403407,0.5142857142857142,0.14725863027870698,0.09404645226403407,0.5142857142857142,0.14725863027870698,0.14668822472125398,-0.003888557234480894,0.5079365079365079,0.5079365079365079,0.5079365079365079,0.006349206349206327,630.0,42.0,0.7301587301587301,0.7301587301587301,0.8306878306878307,0.8306878306878307,189.0,12.6,0.13246244920884317,1.0,"{'oos_evidence': 1.0, '_effective_oos_samples': 42.0, 'baseline_improvement': 0.0, '_baseline_skill': -0.003888557234480894, 'information_coefficient': 0.30474533536419884, 'directional_accuracy': 0.005225745344464099, '_direction_reference_accuracy': 0.5079365079365079, '_directional_edge': 0.006349206349206327, '_interval_effective_samples': 12.6, 'probability_calibration': 0.09279999599712999, 'interval_coverage': 0.33176881519698775, 'fold_stability': 0.5606456303039904, 'recent_regime': 0.0, 'data_quantity': 1.0, 'data_freshness': 1.0, 'feature_completeness': 1.0}","σ 국면 계수 x0.99 (VIX 0.93)^0.1 | 최근 가중 학습: 반감기 4년 (fold 학습구간 끝 기준) | 앙상블 가중치: NNLS 스태킹 (elasticnet:0.14,gru:0.86) | 채점용 OOF: cross-fitted 스태킹 9/10 fold (첫 fold 는 균등가중) — 최종 가중치는 OOF 전체 NNLS | conformal 잔차 최근 가중 (반감기 250거래일) | drift 축소(실효표본 42.0개): 중앙값 x0.81 | sigma_h 0.1300 (GARCH, 학습과 동일 추정량) | 실적 발표 10-20 예측기간 포함(추정) → 구간 ×1.41 (k=4.5)",본 출력은 통계 모델의 예측 분포이며 투자 조언이 아닙니다. 실제 투자 판단과 그 결과에 대한 책임은 이용자 본인에게 있습니다.
AMD,AMD,US,USD,20,2026-10-06T00:00:17+09:00,628.66,523.8285134905524,576.9693252010954,650.0145117034813,791.4853618297151,1016.0285589262106,0.03396830035866971,0.5506072874493927,0.4493927125506073,524.2947137756565,1008.6679870678679,494.3715020405509,1139.4253137258127,0.20061496978068588,0.7121125001439937,30.3631179897609,LOW,"elasticnet,gru,huber,pls",elasticnet:0.089;gru:0.571;huber:0.056;pls:0.284,추세=상승추세(200MA 위);변동성=중간변동;거래량=축소/보통;위험선호=위험선호;금리=상승;GMM레짐=NORMAL,"benchmark,bond,earnings,fx,ohlcv,regime",,1,2026-10-05,2026-10-05T23:54:58+09:00,576.9693252010954,791.4853618297151,791.4853618297151,1016.0285589262106,475.5267,0.027527990451536442,1.0,0.0,1.0,,0,582.0677829121123,1.0632916669967614,0.037056769229701046,480.33,645.46,-0.02389239243905041,0.5206349206349207,0.18352667290852237,-0.02389239243905041,0.5206349206349207,0.18352667290852237,0.17699464560205014,-0.0369052254900335,0.5142857142857142,0.5142857142857142,0.5142857142857142,0.006349206349206438,630.0,31.5,0.7671957671957672,0.7671957671957672,0.8465608465608465,0.8465608465608465,189.0,9.45,0.19595431129872318,1.0,"{'oos_evidence': 1.0, '_effective_oos_samples': 31.5, 'baseline_improvement': 0.0, '_baseline_skill': -0.0369052254900335, 'information_coefficient': 0.0, 'directional_accuracy': 0.004526906158164133, '_direction_reference_accuracy': 0.5142857142857142, '_directional_edge': 0.006349206349206438, '_interval_effective_samples': 9.45, 'probability_calibration': 0.0, 'interval_coverage': 0.49947650431793794, 'fold_stability': 0.5314030072683551, 'recent_regime': 0.0, 'data_quantity': 1.0, 'data_freshness': 1.0, 'feature_completeness': 1.0, '_weak_predictive_edge_cap': 1.0, '_predictive_edge_cap': 69.0}","σ 국면 계수 x1.00 (VIX 0.93)^0.07 | 최근 가중 학습: 반감기 4년 (fold 학습구간 끝 기준) | 앙상블 가중치: NNLS 스태킹 (elasticnet:0.09,gru:0.57,huber:0.06,pls:0.28) | 채점용 OOF: cross-fitted 스태킹 9/10 fold (첫 fold 는 균등가중) — 최종 가중치는 OOF 전체 NNLS | conformal 잔차 최근 가중 (반감기 250거래일) | drift 축소(실효표본 31.5개): 중앙값 x0.76 | sigma_h 0.1517 (GARCH, 학습과 동일 추정량) | 실적 발표 10-20 예측기간 포함(추정) → 구간 ×1.32 (k=4.5)",본 출력은 통계 모델의 예측 분포이며 투자 조언이 아닙니다. 실제 투자 판단과 그 결과에 대한 책임은 이용자 본인에게 있습니다.
AMD,AMD,US,USD,25,2026-10-06T00:00:17+09:00,628.66,509.91756396232205,561.9936004361537,631.5007399760406,799.0227033024132,1018.0505051507107,0.004518722323737068,0.5701754385964912,0.4298245614035088,510.59486443415824,1011.1498464461608,479.2294620240268,1191.5873040459212,0.21632590124667284,0.6868134442087366,32.39873095341231,LOW,"elasticnet,gru,huber,pls",elasticnet:0.274;gru:0.511;huber:0.036;pls:0.178,추세=상승추세(200MA 위);변동성=중간변동;거래량=축소/보통;위험선호=위험선호;금리=상승;GMM레짐=NORMAL,"benchmark,bond,earnings,fx,ohlcv,regime",,1,2026-10-05,2026-10-05T23:56:44+09:00,561.9936004361537,799.0227033024132,799.0227033024132,1018.0505051507107,475.5267,0.007134269501766221,1.0,0.0,1.0,,0,582.0677829121123,1.112512453544809,0.037056769229701046,480.33,645.46,0.10464327076613832,0.5142857142857142,0.20574377810449074,0.10464327076613832,0.5142857142857142,0.20574377810449074,0.2008980762936136,-0.024120200154605476,0.49682539682539684,0.5031746031746032,0.5031746031746032,0.011111111111111072,630.0,25.2,0.7566137566137566,0.7566137566137566,0.8148148148148148,0.8148148148148148,189.0,7.56,0.2580831318736802,1.0,"{'oos_evidence': 0.916515138991168, '_effective_oos_samples': 25.2, 'baseline_improvement': 0.0, '_baseline_skill': -0.024120200154605476, 'information_coefficient': 0.2626525250874292, 'directional_accuracy': 0.012395213199106334, '_direction_reference_accuracy': 0.5031746031746032, '_directional_edge': 0.011111111111111072, '_interval_effective_samples': 7.56, 'probability_calibration': 0.0, 'interval_coverage': 0.3925286960081876, 'fold_stability': 0.4957109643630608, 'recent_regime': 0.0, 'data_quantity': 1.0, 'data_freshness': 1.0, 'feature_completeness': 1.0}","σ 국면 계수 x1.00 (VIX 0.93)^0.05 | 최근 가중 학습: 반감기 4년 (fold 학습구간 끝 기준) | 앙상블 가중치: NNLS 스태킹 (elasticnet:0.27,gru:0.51,huber:0.04,pls:0.18) | 채점용 OOF: cross-fitted 스태킹 9/10 fold (첫 fold 는 균등가중) — 최종 가중치는 OOF 전체 NNLS | conformal 잔차 최근 가중 (반감기 250거래일) | drift 축소(실효표본 25.2개): 중앙값 x0.72 | sigma_h 0.1710 (GARCH, 학습과 동일 추정량) | 실적 발표 10-20 예측기간 포함(추정) → 구간 ×1.26 (k=4.5)",본 출력은 통계 모델의 예측 분포이며 투자 조언이 아닙니다. 실제 투자 판단과 그 결과에 대한 책임은 이용자 본인에게 있습니다.
AMD,AMD,US,USD,30,2026-10-06T00:00:17+09:00,628.66,517.216094574315,573.192728832721,668.0799557121285,846.0495304240507,1109.296931053545,0.06270473023912526,0.5054229934924078,0.4945770065075922,518.6431073336693,1105.080273542783,493.46755223992125,1373.1596382061618,0.23112605557943214,0.6698669494524542,27.957293444349236,LOW,"elasticnet,gru,huber,pls",elasticnet:0.475;gru:0.336;huber:0.066;pls:0.123,추세=상승추세(200MA 위);변동성=중간변동;거래량=축소/보통;위험선호=위험선호;금리=상승;GMM레짐=NORMAL,"benchmark,bond,earnings,fx,ohlcv,regime",,1,2026-10-05,2026-10-05T23:58:29+09:00,573.192728832721,846.0495304240507,846.0495304240507,1109.296931053545,475.5267,0.04231403089779768,1.0,0.0,1.0,,0,582.0677829121123,1.4196097806554862,0.037056769229701046,480.33,645.46,-0.02414746512816803,0.5158730158730159,0.23670581123520648,-0.02414746512816803,0.5158730158730159,0.23670581123520648,0.22498075653380492,-0.052115811512260635,0.4857142857142857,0.5142857142857142,0.5142857142857142,0.0015873015873016927,630.0,21.0,0.783068783068783,0.783068783068783,0.8359788359788359,0.8359788359788359,189.0,6.3,0.28282200044890365,1.0,"{'oos_evidence': 0.8366600265340756, '_effective_oos_samples': 21.0, 'baseline_improvement': 0.0, '_baseline_skill': -0.052115811512260635, 'information_coefficient': 0.0, 'directional_accuracy': 0.00023101271252012935, '_direction_reference_accuracy': 0.5142857142857142, '_directional_edge': 0.0015873015873016927, '_interval_effective_samples': 6.3, 'probability_calibration': 0.0, 'interval_coverage': 0.482060091893891, 'fold_stability': 0.4767320107519326, 'recent_regime': 0.0, 'data_quantity': 1.0, 'data_freshness': 1.0, 'feature_completeness': 1.0, '_weak_predictive_edge_cap': 1.0, '_predictive_edge_cap': 69.0}","σ 국면 계수 x1.00 (VIX 0.93)^0.04 | 최근 가중 학습: 반감기 4년 (fold 학습구간 끝 기준) | 앙상블 가중치: NNLS 스태킹 (elasticnet:0.47,gru:0.34,huber:0.07,pls:0.12) | NNLS 가 제외한 모델(중복/무기여): extra_trees,random_forest,ridge | baseline은 비교용으로만 유지하고, 최종 예측은 ML/DL 앙상블을 사용 | 채점용 OOF: cross-fitted 스태킹 9/10 fold (첫 fold 는 균등가중) — 최종 가중치는 OOF 전체 NNLS | conformal 잔차 최근 가중 (반감기 250거래일) | drift 축소(실효표본 21.0개): 중앙값 x0.68 | sigma_h 0.1887 (GARCH, 학습과 동일 추정량) | 실적 발표 10-20 예측기간 포함(추정) → 구간 ×1.22 (k=4.5)",본 출력은 통계 모델의 예측 분포이며 투자 조언이 아닙니다. 실제 투자 판단과 그 결과에 대한 책임은 이용자 본인에게 있습니다.
GOOGL,알파벳 A,US,USD,5,2026-10-06T00:10:37+09:00,343.17,330.00464830637554,337.94204985724053,345.31309084856156,353.92155472911526,361.9070579857944,0.006244983094564116,0.5618729096989966,0.4381270903010034,330.17177002683025,361.810905948756,324.4728731895989,367.8687209495905,0.03647640229090251,0.25895676738410023,37.34813206152816,LOW,"elasticnet,gru,pls",elasticnet:0.765;gru:0.125;pls:0.109,추세=상승추세(200MA 위);변동성=중간변동;거래량=축소/보통;위험선호=위험선호;금리=상승;GMM레짐=LOW_VOL,"benchmark,bond,earnings,fx,ohlcv,regime",,1,2026-10-05,2026-10-06T00:00:22+09:00,337.94204985724053,353.92155472911526,353.92155472911526,361.9070579857944,305.15949492192885,0.00479574786187979,1.0,0.0,1.0,,0,337.94204985724053,0.2828574549859896,0.024767337824887964,327.74,364.17,-0.10481123898077435,0.5063492063492063,0.04357280036794526,-0.10481123898077435,0.5063492063492063,0.04357280036794526,0.042980441697793983,-0.013782051713574717,0.5587301587301587,0.5587301587301587,0.5587301587301587,-0.05238095238095242,630.0,126.0,0.7777777777777778,0.7777777777777778,0.8518518518518519,0.8518518518518519,189.0,37.8,0.1248298337730333,1.0,"{'oos_evidence': 1.0, '_effective_oos_samples': 126.0, 'baseline_improvement': 0.0, '_baseline_skill': -0.013782051713574717, 'information_coefficient': 0.0, 'directional_accuracy': 0.0, '_direction_reference_accuracy': 0.5587301587301587, '_directional_edge': -0.05238095238095242, '_interval_effective_samples': 37.8, 'probability_calibration': 0.1678011081797779, 'interval_coverage': 0.8148148148148145, 'fold_stability': 0.7857575047941792, 'recent_regime': 0.0, 'data_quantity': 1.0, 'data_freshness': 1.0, 'feature_completeness': 1.0, '_no_predictive_edge_cap': 1.0, '_predictive_edge_cap': 44.0}","σ 국면 계수 x0.98 (VIX 0.93)^0.23 | 최근 가중 학습: 반감기 4년 (fold 학습구간 끝 기준) | 앙상블 가중치: NNLS 스태킹 (elasticnet:0.77,gru:0.13,pls:0.11) | 채점용 OOF: cross-fitted 스태킹 9/10 fold (첫 fold 는 균등가중) — 최종 가중치는 OOF 전체 NNLS | conformal 잔차 최근 가중 (반감기 250거래일) | drift 축소(실효표본 126.0개): 중앙값 x0.93 | 라이브 보정 x0.86 (최근 20앵커 80% 적중 91%) | sigma_h 0.0365 (GARCH, 학습과 동일 추정량)",본 출력은 통계 모델의 예측 분포이며 투자 조언이 아닙니다. 실제 투자 판단과 그 결과에 대한 책임은 이용자 본인에게 있습니다.
GOOGL,알파벳 A,US,USD,10,2026-10-06T00:10:37+09:00,343.17,327.63998743421496,336.17353853033825,346.99523229869123,357.0547282250875,373.0758033050057,0.011146756122887291,0.586,0.41400000000000003,327.83083849896843,372.9681604998933,318.8839207047085,381.02624235020807,0.04909897426854235,0.24647489468588724,32.00724475282728,LOW,"elasticnet,gru,pls",elasticnet:0.649;gru:0.185;pls:0.166,추세=상승추세(200MA 위);변동성=중간변동;거래량=축소/보통;위험선호=위험선호;금리=상승;GMM레짐=LOW_VOL,"benchmark,bond,earnings,fx,ohlcv,regime",,1,2026-10-05,2026-10-06T00:02:03+09:00,336.17353853033825,357.0547282250875,357.0547282250875,373.0758033050057,292.1735560717992,0.0065449736759330985,1.0,0.0,1.0,,0,336.17353853033825,0.27226855748287376,0.024767337824887964,327.74,364.17,-0.03714873365288207,0.5126984126984127,0.06052435504149963,-0.03714873365288207,0.5126984126984127,0.06052435504149963,0.05976003410620166,-0.01278983432204317,0.6111111111111112,0.6111111111111112,0.6111111111111112,-0.09841269841269851,630.0,63.0,0.7407407407407407,0.7407407407407407,0.8624338624338624,0.8624338624338624,189.0,18.9,0.19905996305205645,1.0,"{'oos_evidence': 1.0, '_effective_oos_samples': 63.0, 'baseline_improvement': 0.0, '_baseline_skill': -0.01278983432204317, 'information_coefficient': 0.0, 'directional_accuracy': 0.0, '_direction_reference_accuracy': 0.6111111111111112, '_directional_edge': -0.09841269841269851, '_interval_effective_samples': 18.9, 'probability_calibration': 0.0, 'interval_coverage': 0.4920562382124479, 'fold_stability': 0.7086682370702805, 'recent_regime': 0.0, 'data_quantity': 1.0, 'data_freshness': 1.0, 'feature_completeness': 1.0, '_no_predictive_edge_cap': 1.0, '_predictive_edge_cap': 44.0}","σ 국면 계수 x0.99 (VIX 0.93)^0.15 | 최근 가중 학습: 반감기 4년 (fold 학습구간 끝 기준) | 앙상블 가중치: NNLS 스태킹 (elasticnet:0.65,gru:0.18,pls:0.17) | 채점용 OOF: cross-fitted 스태킹 9/10 fold (첫 fold 는 균등가중) — 최종 가중치는 OOF 전체 NNLS | conformal 잔차 최근 가중 (반감기 250거래일) | drift 축소(실효표본 63.0개): 중앙값 x0.86 | 라이브 보정 x0.80 (최근 20앵커 80% 적중 95%) | sigma_h 0.0491 (GARCH, 학습과 동일 추정량)",본 출력은 통계 모델의 예측 분포이며 투자 조언이 아닙니다. 실제 투자 판단과 그 결과에 대한 책임은 이용자 본인에게 있습니다.
GOOGL,알파벳 A,US,USD,15,2026-10-06T00:10:37+09:00,343.17,309.8122435751041,330.2754390319786,352.32335409775357,381.8889729705049,419.2556066159289,0.026672943723966336,0.569937369519833,0.430062630480167,309.83753827543615,419.1207662493816,302.9780115430608,434.95415024318885,0.10775712145236016,0.44167276728154536,30.103522713537966,LOW,"elasticnet,gru,pls",elasticnet:0.557;gru:0.051;pls:0.393,추세=상승추세(200MA 위);변동성=중간변동;거래량=축소/보통;위험선호=위험선호;금리=상승;GMM레짐=LOW_VOL,"benchmark,bond,earnings,fx,ohlcv,regime",,1,2026-10-05,2026-10-06T00:03:44+09:00,330.2754390319786,381.8889729705049,381.8889729705049,419.2556066159289,292.1735560717992,0.01803261091239815,1.0,0.0,1.0,,0,330.2754390319786,0.759248488483203,0.024767337824887964,327.74,364.17,0.030502974308325298,0.48412698412698413,0.07493016225121635,0.030502974308325298,0.48412698412698413,0.07493016225121635,0.073809116136339,-0.015188450608276671,0.6079365079365079,0.6079365079365079,0.6079365079365079,-0.12380952380952376,630.0,42.0,0.7195767195767195,0.7195767195767195,0.9047619047619048,0.9047619047619048,189.0,12.6,0.23156129217659918,1.0,"{'oos_evidence': 1.0, '_effective_oos_samples': 42.0, 'baseline_improvement': 0.0, '_baseline_skill': -0.015188450608276671, 'information_coefficient': 0.06029884911007665, 'directional_accuracy': 0.0, '_direction_reference_accuracy': 0.6079365079365079, '_directional_edge': -0.12380952380952376, '_interval_effective_samples': 12.6, 'probability_calibration': 0.0, 'interval_coverage': 0.2617753942693531, 'fold_stability': 0.6520987185083208, 'recent_regime': 0.0, 'data_quantity': 1.0, 'data_freshness': 1.0, 'feature_completeness': 1.0}","σ 국면 계수 x0.99 (VIX 0.93)^0.1 | 최근 가중 학습: 반감기 4년 (fold 학습구간 끝 기준) | 앙상블 가중치: NNLS 스태킹 (elasticnet:0.56,gru:0.05,pls:0.39) | 채점용 OOF: cross-fitted 스태킹 9/10 fold (첫 fold 는 균등가중) — 최종 가중치는 OOF 전체 NNLS | conformal 잔차 최근 가중 (반감기 250거래일) | drift 축소(실효표본 42.0개): 중앙값 x0.81 | sigma_h 0.0762 (GARCH, 학습과 동일 추정량) | 실적 발표 10-26 예측기간 포함(추정) → 구간 ×1.41 (k=4.1)",본 출력은 통계 모델의 예측 분포이며 투자 조언이 아닙니다. 실제 투자 판단과 그 결과에 대한 책임은 이용자 본인에게 있습니다.
GOOGL,알파벳 A,US,USD,20,2026-10-06T00:10:38+09:00,343.17,308.1231571829411,330.14019579795854,352.1050535982857,385.8880622454963,433.44507403585794,0.02603681440185812,0.5837004405286343,0.41629955947136565,308.3514313718847,433.1480511482249,295.8100297396113,453.93788228707814,0.11818103163823057,0.41950104721247516,30.422460686576912,LOW,"elasticnet,huber,pls",elasticnet:0.597;huber:0.025;pls:0.378,추세=상승추세(200MA 위);변동성=중간변동;거래량=축소/보통;위험선호=위험선호;금리=상승;GMM레짐=LOW_VOL,"benchmark,bond,earnings,fx,ohlcv,regime",,1,2026-10-05,2026-10-06T00:05:26+09:00,330.14019579795854,385.8880622454963,385.8880622454963,433.44507403585794,292.1735560717992,0.02112137708809917,1.0,0.0,1.0,,0,330.14019579795854,0.8376674715915517,0.024767337824887964,327.74,364.17,0.03690546677402276,0.5396825396825397,0.08942653938593592,0.03690546677402276,0.5396825396825397,0.08942653938593592,0.08750898156551061,-0.0219126972582786,0.6206349206349207,0.6206349206349207,0.6206349206349207,-0.080952380952381,630.0,31.5,0.7354497354497355,0.7354497354497355,0.8888888888888888,0.8888888888888888,189.0,9.45,0.29439869988412026,1.0,"{'oos_evidence': 1.0, '_effective_oos_samples': 31.5, 'baseline_improvement': 0.0, '_baseline_skill': -0.0219126972582786, 'information_coefficient': 0.07644281685191748, 'directional_accuracy': 0.0, '_direction_reference_accuracy': 0.6206349206349207, '_directional_edge': -0.080952380952381, '_interval_effective_samples': 9.45, 'probability_calibration': 0.0, 'interval_coverage': 0.31762826245461095, 'fold_stability': 0.6023092992400124, 'recent_regime': 0.0, 'data_quantity': 1.0, 'data_freshness': 1.0, 'feature_completeness': 1.0}","σ 국면 계수 x1.00 (VIX 0.93)^0.07 | 최근 가중 학습: 반감기 4년 (fold 학습구간 끝 기준) | 앙상블 가중치: NNLS 스태킹 (elasticnet:0.60,huber:0.03,pls:0.38) | 채점용 OOF: cross-fitted 스태킹 9/10 fold (첫 fold 는 균등가중) — 최종 가중치는 OOF 전체 NNLS | conformal 잔차 최근 가중 (반감기 250거래일) | drift 축소(실효표본 31.5개): 중앙값 x0.76 | sigma_h 0.0893 (GARCH, 학습과 동일 추정량) | 실적 발표 10-26 예측기간 포함(추정) → 구간 ×1.32 (k=4.1)",본 출력은 통계 모델의 예측 분포이며 투자 조언이 아닙니다. 실제 투자 판단과 그 결과에 대한 책임은 이용자 본인에게 있습니다.
GOOGL,알파벳 A,US,USD,25,2026-10-06T00:10:38+09:00,343.17,301.6928642566549,323.5768060897069,352.6671317736631,384.7336134950858,439.8761579059521,0.027674714496206176,0.5969498910675382,0.40305010893246185,302.00270608207666,439.8385017858019,289.9867508099953,466.28580675687743,0.12801969578645997,0.40644993356293985,31.857277693808893,LOW,"elasticnet,gru,pls",elasticnet:0.521;gru:0.238;pls:0.240,추세=상승추세(200MA 위);변동성=중간변동;거래량=축소/보통;위험선호=위험선호;금리=상승;GMM레짐=LOW_VOL,"benchmark,bond,earnings,fx,ohlcv,regime",,1,2026-10-05,2026-10-06T00:07:07+09:00,323.5768060897069,384.7336134950858,384.7336134950858,439.8761579059521,292.1735560717992,0.014707641123907048,1.0,0.0,1.0,,0,326.1711853572664,0.8150296431179453,0.024767337824887964,327.74,364.17,0.03316686421002633,0.546031746031746,0.10191772842992633,0.03316686421002633,0.546031746031746,0.10191772842992633,0.09999722211292657,-0.019205596679785275,0.6523809523809524,0.6523809523809524,0.6523809523809524,-0.10634920634920642,630.0,25.2,0.8042328042328042,0.8042328042328042,0.9312169312169312,0.9312169312169312,189.0,7.56,0.3330247612154002,1.0,"{'oos_evidence': 0.916515138991168, '_effective_oos_samples': 25.2, 'baseline_improvement': 0.0, '_baseline_skill': -0.019205596679785275, 'information_coefficient': 0.05522161398758298, 'directional_accuracy': 0.0, '_direction_reference_accuracy': 0.6523809523809524, '_directional_edge': -0.10634920634920642, '_interval_effective_samples': 7.56, 'probability_calibration': 0.0, 'interval_coverage': 0.5931303776698312, 'fold_stability': 0.5877276703397571, 'recent_regime': 0.0, 'data_quantity': 1.0, 'data_freshness': 1.0, 'feature_completeness': 1.0}","σ 국면 계수 x1.00 (VIX 0.93)^0.05 | 최근 가중 학습: 반감기 4년 (fold 학습구간 끝 기준) | 앙상블 가중치: NNLS 스태킹 (elasticnet:0.52,gru:0.24,pls:0.24) | 채점용 OOF: cross-fitted 스태킹 9/10 fold (첫 fold 는 균등가중) — 최종 가중치는 OOF 전체 NNLS | conformal 잔차 최근 가중 (반감기 250거래일) | drift 축소(실효표본 25.2개): 중앙값 x0.72 | sigma_h 0.1012 (GARCH, 학습과 동일 추정량) | 실적 발표 10-26 예측기간 포함(추정) → 구간 ×1.26 (k=4.1)",본 출력은 통계 모델의 예측 분포이며 투자 조언이 아닙니다. 실제 투자 판단과 그 결과에 대한 책임은 이용자 본인에게 있습니다.
GOOGL,알파벳 A,US,USD,30,2026-10-06T00:10:38+09:00,343.17,299.4649317479742,322.2429419478126,358.32666976340204,392.399213919354,448.8275811257027,0.044166651407180124,0.5929203539823009,0.4070796460176991,299.51352588805827,448.32958957671735,289.3784591004536,481.7136743167059,0.1373306018065491,0.39802189791192544,31.274926169900503,LOW,"elasticnet,gru,pls",elasticnet:0.570;gru:0.068;pls:0.363,추세=상승추세(200MA 위);변동성=중간변동;거래량=축소/보통;위험선호=위험선호;금리=상승;GMM레짐=LOW_VOL,"benchmark,bond,earnings,fx,ohlcv,regime",,1,2026-10-05,2026-10-06T00:08:52+09:00,322.2429419478126,392.399213919354,392.399213919354,448.8275811257027,292.1735560717992,0.027772301047573125,1.0,0.0,1.0,,0,326.1711853572664,0.9653460148841959,0.024767337824887964,327.74,364.17,0.06072234521940872,0.5428571428571428,0.11271006354468724,0.06072234521940872,0.5428571428571428,0.11271006354468724,0.11090773598105653,-0.016250692953812873,0.6603174603174603,0.6603174603174603,0.6603174603174603,-0.11746031746031749,630.0,21.0,0.8201058201058201,0.8201058201058201,0.9788359788359788,0.9788359788359788,189.0,6.3,0.35172166046405257,1.0,"{'oos_evidence': 0.8366600265340756, '_effective_oos_samples': 21.0, 'baseline_improvement': 0.0, '_baseline_skill': -0.016250692953812873, 'information_coefficient': 0.13913237167159015, 'directional_accuracy': 0.0, '_direction_reference_accuracy': 0.6603174603174603, '_directional_edge': -0.11746031746031749, '_interval_effective_samples': 6.3, 'probability_calibration': 0.0, 'interval_coverage': 0.4672122451209791, 'fold_stability': 0.6010085506604512, 'recent_regime': 0.0, 'data_quantity': 1.0, 'data_freshness': 1.0, 'feature_completeness': 1.0}","σ 국면 계수 x1.00 (VIX 0.93)^0.04 | 최근 가중 학습: 반감기 4년 (fold 학습구간 끝 기준) | 앙상블 가중치: NNLS 스태킹 (elasticnet:0.57,gru:0.07,pls:0.36) | 채점용 OOF: cross-fitted 스태킹 9/10 fold (첫 fold 는 균등가중) — 최종 가중치는 OOF 전체 NNLS | conformal 잔차 최근 가중 (반감기 250거래일) | drift 축소(실효표본 21.0개): 중앙값 x0.68 | sigma_h 0.1121 (GARCH, 학습과 동일 추정량) | 실적 발표 10-26 예측기간 포함(추정) → 구간 ×1.22 (k=4.1)",본 출력은 통계 모델의 예측 분포이며 투자 조언이 아닙니다. 실제 투자 판단과 그 결과에 대한 책임은 이용자 본인에게 있습니다.
AAPL,애플,US,USD,5,2026-10-06T00:20:41+09:00,332.9888,320.17364910810903,327.63663068039006,334.78162587579067,341.13410438315356,345.96439762054104,0.0053840425737761155,0.5621970920840066,0.4378029079159934,320.37866593361036,345.94492319064295,314.71505513259496,348.46113360028613,0.030885697409329168,0.21926670003631737,37.457829669755434,LOW,"elasticnet,hist_gbm,huber",elasticnet:0.792;hist_gbm:0.108;huber:0.100,추세=상승추세(200MA 위);변동성=저변동;거래량=축소/보통;위험선호=위험선호;금리=상승;GMM레짐=LOW_VOL,"benchmark,bond,earnings,fx,ohlcv,regime",,1,2026-10-05,2026-10-06T00:10:41+09:00,327.63663068039006,341.13410438315356,341.13410438315356,345.96439762054104,303.0925210198347,0.0007174603297248022,1.0,0.0,1.0,,0,327.63663068039006,0.2724521131394822,0.020075783952477628,309.9,345.34,-0.09654890126837957,0.5190476190476191,0.04118796088581283,-0.09654890126837957,0.5190476190476191,0.04118796088581283,0.04052089526970641,-0.016462262535574368,0.5666666666666667,0.5666666666666667,0.5666666666666667,-0.04761904761904756,630.0,126.0,0.7724867724867724,0.7724867724867724,0.8518518518518519,0.8518518518518519,189.0,37.8,0.104092759761229,1.0,"{'oos_evidence': 1.0, '_effective_oos_samples': 126.0, 'baseline_improvement': 0.0, '_baseline_skill': -0.016462262535574368, 'information_coefficient': 0.0, 'directional_accuracy': 0.0, '_direction_reference_accuracy': 0.5666666666666667, '_directional_edge': -0.04761904761904756, '_interval_effective_samples': 37.8, 'probability_calibration': 0.3060482682584733, 'interval_coverage': 0.7707231040564366, 'fold_stability': 0.6411719507414683, 'recent_regime': 0.1113116219635742, 'data_quantity': 1.0, 'data_freshness': 1.0, 'feature_completeness': 1.0, '_no_predictive_edge_cap': 1.0, '_predictive_edge_cap': 44.0}","σ 국면 계수 x0.98 (VIX 0.93)^0.23 | 최근 가중 학습: 반감기 4년 (fold 학습구간 끝 기준) | 앙상블 가중치: NNLS 스태킹 (elasticnet:0.79,hist_gbm:0.11,huber:0.10) | NNLS 가 제외한 모델(중복/무기여): extra_trees,gru,pls,random_forest,ridge | baseline은 비교용으로만 유지하고, 최종 예측은 ML/DL 앙상블을 사용 | 채점용 OOF: cross-fitted 스태킹 9/10 fold (첫 fold 는 균등가중) — 최종 가중치는 OOF 전체 NNLS | conformal 잔차 최근 가중 (반감기 250거래일) | drift 축소(실효표본 126.0개): 중앙값 x0.93 | 라이브 보정 x0.86 (최근 20앵커 80% 적중 91%) | sigma_h 0.0309 (GARCH, 학습과 동일 추정량)",본 출력은 통계 모델의 예측 분포이며 투자 조언이 아닙니다. 실제 투자 판단과 그 결과에 대한 책임은 이용자 본인에게 있습니다.
AAPL,애플,US,USD,10,2026-10-06T00:20:41+09:00,332.9888,317.0107263792587,325.86713616120994,334.7583416132757,343.67635386014206,351.55988625820544,0.005314117511687089,0.5827338129496403,0.41726618705035967,317.0520769904742,351.35302617028645,311.3579937929368,354.76529912250504,0.04205268410264996,0.21110279878291324,32.53138803372528,LOW,"elasticnet,gru,hist_gbm,huber",elasticnet:0.778;gru:0.036;hist_gbm:0.045;huber:0.141,추세=상승추세(200MA 위);변동성=저변동;거래량=축소/보통;위험선호=위험선호;금리=상승;GMM레짐=LOW_VOL,"benchmark,bond,earnings,fx,ohlcv,regime",,1,2026-10-05,2026-10-06T00:12:22+09:00,325.86713616120994,343.67635386014206,343.67635386014206,351.55988625820544,292.87873275563135,0.0008568068323494367,1.0,0.0,1.0,,0,325.86713616120994,0.2664556455372816,0.020075783952477628,309.9,345.34,-0.08101154197919369,0.5396825396825397,0.05390205543783137,-0.08101154197919369,0.5396825396825397,0.05390205543783137,0.05237312592785813,-0.029193016129670735,0.5904761904761905,0.5904761904761905,0.5904761904761905,-0.050793650793650835,630.0,63.0,0.7354497354497355,0.7354497354497355,0.9312169312169312,0.9312169312169312,189.0,18.9,0.12303947901091652,1.0,"{'oos_evidence': 1.0, '_effective_oos_samples': 63.0, 'baseline_improvement': 0.0, '_baseline_skill': -0.029193016129670735, 'information_coefficient': 0.0, 'directional_accuracy': 0.0, '_direction_reference_accuracy': 0.5904761904761905, '_directional_edge': -0.050793650793650835, '_interval_effective_samples': 18.9, 'probability_calibration': 0.17472414562423258, 'interval_coverage': 0.44919419655631176, 'fold_stability': 0.6641652903168299, 'recent_regime': 0.0, 'data_quantity': 1.0, 'data_freshness': 1.0, 'feature_completeness': 1.0, '_no_predictive_edge_cap': 1.0, '_predictive_edge_cap': 44.0}","σ 국면 계수 x0.99 (VIX 0.93)^0.15 | 최근 가중 학습: 반감기 4년 (fold 학습구간 끝 기준) | 앙상블 가중치: NNLS 스태킹 (elasticnet:0.78,gru:0.04,hist_gbm:0.05,huber:0.14) | NNLS 가 제외한 모델(중복/무기여): extra_trees,pls,random_forest,ridge | baseline은 비교용으로만 유지하고, 최종 예측은 ML/DL 앙상블을 사용 | 채점용 OOF: cross-fitted 스태킹 9/10 fold (첫 fold 는 균등가중) — 최종 가중치는 OOF 전체 NNLS | conformal 잔차 최근 가중 (반감기 250거래일) | drift 축소(실효표본 63.0개): 중앙값 x0.86 | 라이브 보정 x0.80 (최근 20앵커 80% 적중 95%) | sigma_h 0.0421 (GARCH, 학습과 동일 추정량)",본 출력은 통계 모델의 예측 분포이며 투자 조언이 아닙니다. 실제 투자 판단과 그 결과에 대한 책임은 이용자 본인에게 있습니다.
AAPL,애플,US,USD,15,2026-10-06T00:20:41+09:00,332.9888,302.7755256712816,317.02952421543927,340.13075954276314,359.1335597392821,374.62393235394325,0.0214480473300096,0.6166134185303515,0.38338658146964855,303.0196718778089,374.3189885963466,292.93214042489524,382.2208928960321,0.09314005250826057,0.38176061295641517,35.49614302369728,LOW,"elasticnet,gru,huber",elasticnet:0.849;gru:0.047;huber:0.105,추세=상승추세(200MA 위);변동성=저변동;거래량=축소/보통;위험선호=위험선호;금리=상승;GMM레짐=LOW_VOL,"benchmark,bond,earnings,fx,ohlcv,regime",,1,2026-10-05,2026-10-06T00:14:04+09:00,317.02952421543927,359.1335597392821,359.1335597392821,374.62393235394325,292.87873275563135,0.008349590125207345,1.0,0.0,1.0,,0,319.61877758521047,0.651825377903167,0.020075783952477628,309.9,345.34,-0.17874138304827222,0.5698412698412698,0.06316975129087535,-0.17874138304827222,0.5698412698412698,0.06316975129087535,0.06113010874709813,-0.033365596521600205,0.6190476190476191,0.6190476190476191,0.6190476190476191,-0.049206349206349254,630.0,42.0,0.7301587301587301,0.7301587301587301,0.9047619047619048,0.9047619047619048,189.0,12.6,0.024999496084382036,1.0,"{'oos_evidence': 1.0, '_effective_oos_samples': 42.0, 'baseline_improvement': 0.0, '_baseline_skill': -0.033365596521600205, 'information_coefficient': 0.0, 'directional_accuracy': 0.0, '_direction_reference_accuracy': 0.6190476190476191, '_directional_edge': -0.049206349206349254, '_interval_effective_samples': 12.6, 'probability_calibration': 0.6614404942369614, 'interval_coverage': 0.33176881519698775, 'fold_stability': 0.6886930917831711, 'recent_regime': 0.0, 'data_quantity': 1.0, 'data_freshness': 1.0, 'feature_completeness': 1.0, '_no_predictive_edge_cap': 1.0, '_predictive_edge_cap': 44.0}","σ 국면 계수 x0.99 (VIX 0.93)^0.1 | 최근 가중 학습: 반감기 4년 (fold 학습구간 끝 기준) | 앙상블 가중치: NNLS 스태킹 (elasticnet:0.85,gru:0.05,huber:0.10) | NNLS 가 제외한 모델(중복/무기여): extra_trees,pls,random_forest,ridge | baseline은 비교용으로만 유지하고, 최종 예측은 ML/DL 앙상블을 사용 | 채점용 OOF: cross-fitted 스태킹 9/10 fold (첫 fold 는 균등가중) — 최종 가중치는 OOF 전체 NNLS | conformal 잔차 최근 가중 (반감기 250거래일) | drift 축소(실효표본 42.0개): 중앙값 x0.81 | sigma_h 0.0659 (GARCH, 학습과 동일 추정량) | 실적 발표 10-27 예측기간 포함(추정) → 구간 ×1.41 (k=5.0)",본 출력은 통계 모델의 예측 분포이며 투자 조언이 아닙니다. 실제 투자 판단과 그 결과에 대한 책임은 이용자 본인에게 있습니다.
AAPL,애플,US,USD,20,2026-10-06T00:20:41+09:00,332.9888,302.36425027298185,320.96264775270373,340.40803191722136,363.04992147033533,380.99638129255607,0.022280725109136812,0.6496350364963503,0.35036496350364965,302.43950629949535,380.46626541010795,292.7727841523644,390.4210975709903,0.10290471460223581,0.36527550098635386,28.98216579372474,LOW,"elasticnet,gru,hist_gbm,huber",elasticnet:0.791;gru:0.122;hist_gbm:0.030;huber:0.057,추세=상승추세(200MA 위);변동성=저변동;거래량=축소/보통;위험선호=위험선호;금리=상승;GMM레짐=LOW_VOL,"benchmark,bond,earnings,fx,ohlcv,regime",,1,2026-10-05,2026-10-06T00:15:41+09:00,320.96264775270373,363.04992147033533,363.04992147033533,380.99638129255607,292.87873275563135,0.014935328280337067,1.0,0.0,1.0,,0,320.96264775270373,0.7494657460230459,0.020075783952477628,309.9,345.34,-0.03831640507318703,0.6142857142857143,0.07068935530196614,-0.03831640507318703,0.6142857142857143,0.07068935530196614,0.06860680850779002,-0.030354812291547573,0.6428571428571429,0.6428571428571429,0.6428571428571429,-0.02857142857142858,630.0,31.5,0.7195767195767195,0.7195767195767195,0.8783068783068783,0.8783068783068783,189.0,9.45,0.1459545231642468,1.0,"{'oos_evidence': 1.0, '_effective_oos_samples': 31.5, 'baseline_improvement': 0.0, '_baseline_skill': -0.030354812291547573, 'information_coefficient': 0.0, 'directional_accuracy': 0.0, '_direction_reference_accuracy': 0.6428571428571429, '_directional_edge': -0.02857142857142858, '_interval_effective_samples': 9.45, 'probability_calibration': 0.018538703822029413, 'interval_coverage': 0.22670414152294713, 'fold_stability': 0.6566814747919034, 'recent_regime': 0.0, 'data_quantity': 1.0, 'data_freshness': 1.0, 'feature_completeness': 1.0, '_no_predictive_edge_cap': 1.0, '_predictive_edge_cap': 44.0}","σ 국면 계수 x1.00 (VIX 0.93)^0.07 | 최근 가중 학습: 반감기 4년 (fold 학습구간 끝 기준) | 앙상블 가중치: NNLS 스태킹 (elasticnet:0.79,gru:0.12,hist_gbm:0.03,huber:0.06) | NNLS 가 제외한 모델(중복/무기여): extra_trees,pls,random_forest,ridge | baseline은 비교용으로만 유지하고, 최종 예측은 ML/DL 앙상블을 사용 | 채점용 OOF: cross-fitted 스태킹 9/10 fold (첫 fold 는 균등가중) — 최종 가중치는 OOF 전체 NNLS | conformal 잔차 최근 가중 (반감기 250거래일) | drift 축소(실효표본 31.5개): 중앙값 x0.76 | sigma_h 0.0778 (GARCH, 학습과 동일 추정량) | 실적 발표 10-27 예측기간 포함(추정) → 구간 ×1.32 (k=5.0)",본 출력은 통계 모델의 예측 분포이며 투자 조언이 아닙니다. 실제 투자 판단과 그 결과에 대한 책임은 이용자 본인에게 있습니다.
AAPL,애플,US,USD,25,2026-10-06T00:20:41+09:00,332.9888,303.2962653933537,322.392974964388,342.0774287909243,363.15429803605997,385.2519257098197,0.027294097552002405,0.625,0.375,303.4289952840743,385.1693572093256,291.35308237840917,392.94641495126564,0.11213976636492817,0.3560327206589827,29.073999068010263,LOW,"elasticnet,extra_trees,gru,huber,pls",elasticnet:0.659;extra_trees:0.148;gru:0.099;huber:0.038;pls:0.056,추세=상승추세(200MA 위);변동성=저변동;거래량=축소/보통;위험선호=위험선호;금리=상승;GMM레짐=LOW_VOL,"benchmark,bond,earnings,fx,ohlcv,regime",,1,2026-10-05,2026-10-06T00:17:23+09:00,322.392974964388,363.15429803605997,363.15429803605997,385.2519257098197,292.87873275563135,0.016723365317434208,1.0,0.0,1.0,,0,322.392974964388,0.7520679995941687,0.020075783952477628,309.9,345.34,-0.1318969444964756,0.6079365079365079,0.07796383624123428,-0.1318969444964756,0.6079365079365079,0.07796383624123428,0.07517747788699644,-0.03706373813745345,0.6365079365079365,0.6365079365079365,0.6365079365079365,-0.02857142857142858,630.0,25.2,0.7354497354497355,0.7354497354497355,0.8571428571428571,0.8571428571428571,189.0,7.56,0.1325236651183772,1.0,"{'oos_evidence': 0.916515138991168, '_effective_oos_samples': 25.2, 'baseline_improvement': 0.0, '_baseline_skill': -0.03706373813745345, 'information_coefficient': 0.0, 'directional_accuracy': 0.0, '_direction_reference_accuracy': 0.6365079365079365, '_directional_edge': -0.02857142857142858, '_interval_effective_samples': 7.56, 'probability_calibration': 0.07163165724056439, 'interval_coverage': 0.2840953545694617, 'fold_stability': 0.6494840874479454, 'recent_regime': 0.0, 'data_quantity': 1.0, 'data_freshness': 1.0, 'feature_completeness': 1.0, '_no_predictive_edge_cap': 1.0, '_predictive_edge_cap': 44.0}","σ 국면 계수 x1.00 (VIX 0.93)^0.05 | 최근 가중 학습: 반감기 4년 (fold 학습구간 끝 기준) | 앙상블 가중치: NNLS 스태킹 (elasticnet:0.66,extra_trees:0.15,gru:0.10,huber:0.04,pls:0.06) | 채점용 OOF: cross-fitted 스태킹 9/10 fold (첫 fold 는 균등가중) — 최종 가중치는 OOF 전체 NNLS | conformal 잔차 최근 가중 (반감기 250거래일) | drift 축소(실효표본 25.2개): 중앙값 x0.72 | sigma_h 0.0887 (GARCH, 학습과 동일 추정량) | 실적 발표 10-27 예측기간 포함(추정) → 구간 ×1.26 (k=5.0)",본 출력은 통계 모델의 예측 분포이며 투자 조언이 아닙니다. 실제 투자 판단과 그 결과에 대한 책임은 이용자 본인에게 있습니다.
AAPL,애플,US,USD,30,2026-10-06T00:20:41+09:00,332.9888,302.1445846139398,324.9262037082352,342.3514028867992,365.1482080234634,383.71006369341114,0.028116870257495652,0.6457023060796646,0.3542976939203354,302.4081526824937,383.50166891621814,290.2706888660764,394.38070966220636,0.12088452888809964,0.35035665018061457,28.166688256911293,LOW,"elasticnet,extra_trees,gru,huber,pls",elasticnet:0.624;extra_trees:0.035;gru:0.059;huber:0.033;pls:0.249,추세=상승추세(200MA 위);변동성=저변동;거래량=축소/보통;위험선호=위험선호;금리=상승;GMM레짐=LOW_VOL,"benchmark,bond,earnings,fx,ohlcv,regime",,1,2026-10-05,2026-10-06T00:19:01+09:00,324.9262037082352,365.1482080234634,365.1482080234634,383.71006369341114,292.87873275563135,0.014175498622258552,1.0,0.0,1.0,,0,324.9262037082352,0.801778960567024,0.020075783952477628,309.9,345.34,-0.028140909496615893,0.6365079365079365,0.08313105708615459,-0.028140909496615893,0.6365079365079365,0.08313105708615459,0.08099078751993094,-0.026426086617529876,0.6619047619047619,0.6619047619047619,0.6619047619047619,-0.025396825396825418,630.0,21.0,0.7566137566137566,0.7566137566137566,0.8412698412698413,0.8412698412698413,189.0,6.3,0.14916237846123342,1.0,"{'oos_evidence': 0.8366600265340756, '_effective_oos_samples': 21.0, 'baseline_improvement': 0.0, '_baseline_skill': -0.026426086617529876, 'information_coefficient': 0.0, 'directional_accuracy': 0.0, '_direction_reference_accuracy': 0.6619047619047619, '_directional_edge': -0.025396825396825418, '_interval_effective_samples': 6.3, 'probability_calibration': 0.003134092817846912, 'interval_coverage': 0.35832803545295405, 'fold_stability': 0.6191734894498218, 'recent_regime': 0.0, 'data_quantity': 1.0, 'data_freshness': 1.0, 'feature_completeness': 1.0, '_no_predictive_edge_cap': 1.0, '_predictive_edge_cap': 44.0}","σ 국면 계수 x1.00 (VIX 0.93)^0.04 | 최근 가중 학습: 반감기 4년 (fold 학습구간 끝 기준) | 앙상블 가중치: NNLS 스태킹 (elasticnet:0.62,extra_trees:0.03,gru:0.06,huber:0.03,pls:0.25) | NNLS 가 제외한 모델(중복/무기여): random_forest,ridge | baseline은 비교용으로만 유지하고, 최종 예측은 ML/DL 앙상블을 사용 | 채점용 OOF: cross-fitted 스태킹 9/10 fold (첫 fold 는 균등가중) — 최종 가중치는 OOF 전체 NNLS | conformal 잔차 최근 가중 (반감기 250거래일) | drift 축소(실효표본 21.0개): 중앙값 x0.68 | sigma_h 0.0987 (GARCH, 학습과 동일 추정량) | 실적 발표 10-27 예측기간 포함(추정) → 구간 ×1.22 (k=5.0)",본 출력은 통계 모델의 예측 분포이며 투자 조언이 아닙니다. 실제 투자 판단과 그 결과에 대한 책임은 이용자 본인에게 있습니다.
PLTR,팔란티어,US,USD,5,2026-10-06T00:28:12+09:00,189.05,181.70000987915463,188.2186900449757,195.07363059255397,202.00110107542778,209.28332590442662,0.03186263206852136,0.612565445026178,0.38743455497382195,181.72966900135123,209.11188697401812,177.61618620097462,214.69118694830445,0.06434087019806843,0.45677486568699505,41.16345909014917,LOW,"elasticnet,gru,hist_gbm,pls",elasticnet:0.432;gru:0.081;hist_gbm:0.323;pls:0.164,추세=상승추세(200MA 위);변동성=저변동;거래량=축소/보통;위험선호=위험선호;금리=상승;GMM레짐=LOW_VOL,"benchmark,bond,earnings,fx,ohlcv,regime",,1,2026-10-05,2026-10-06T00:20:42+09:00,188.2186900449757,202.00110107542778,202.00110107542778,209.28332590442662,162.41125723886913,0.030871544171029254,1.0,0.0,1.0,,0,188.2186900449757,0.4861753871629775,0.03150808762180327,164.55,194.78,0.06607906365527323,0.5777777777777777,0.08835434493421562,0.06607906365527323,0.5777777777777777,0.08835434493421562,0.08758878676231564,-0.008740367348361922,0.5746031746031746,0.5746031746031746,0.5746031746031746,0.0031746031746031633,630.0,126.0,0.7724867724867724,0.7724867724867724,0.873015873015873,0.873015873015873,189.0,37.8,0.1365590459916335,1.0,"{'oos_evidence': 1.0, '_effective_oos_samples': 126.0, 'baseline_improvement': 0.0, '_baseline_skill': -0.008740367348361922, 'information_coefficient': 0.37086782495528786, 'directional_accuracy': 0.0022881423123065165, '_direction_reference_accuracy': 0.5746031746031746, '_directional_edge': 0.0031746031746031633, '_interval_effective_samples': 37.8, 'probability_calibration': 0.08960636005577671, 'interval_coverage': 0.7707231040564366, 'fold_stability': 0.6778034262106305, 'recent_regime': 0.0, 'data_quantity': 1.0, 'data_freshness': 1.0, 'feature_completeness': 1.0}","σ 국면 계수 x0.98 (VIX 0.93)^0.23 | 최근 가중 학습: 반감기 4년 (fold 학습구간 끝 기준) | 앙상블 가중치: NNLS 스태킹 (elasticnet:0.43,gru:0.08,hist_gbm:0.32,pls:0.16) | NNLS 가 제외한 모델(중복/무기여): catboost,random_forest,ridge | 채점용 OOF: cross-fitted 스태킹 8/10 fold (첫 fold 는 균등가중) — 최종 가중치는 OOF 전체 NNLS | conformal 잔차 최근 가중 (반감기 250거래일) | drift 축소(실효표본 126.0개): 중앙값 x0.93 | 라이브 보정 x0.86 (최근 20앵커 80% 적중 91%) | sigma_h 0.0643 (GARCH, 학습과 동일 추정량)",본 출력은 통계 모델의 예측 분포이며 투자 조언이 아닙니다. 실제 투자 판단과 그 결과에 대한 책임은 이용자 본인에게 있습니다.
PLTR,팔란티어,US,USD,10,2026-10-06T00:28:12+09:00,189.05,171.15260780192045,182.71422743181995,193.8275016646259,202.6584930720661,213.23379075514032,0.025271101108838456,0.5909090909090909,0.40909090909090906,171.2397087155304,213.13743853745,166.08313387389745,227.45636794549026,0.08868898147584225,0.44521515356914987,28.93153783043992,LOW,"elasticnet,ridge,pls,huber,lightgbm,hist_gbm",elasticnet:0.601;ridge:0.214;pls:0.059;huber:0.052;lightgbm:0.041;hist_gbm:0.032,추세=상승추세(200MA 위);변동성=저변동;거래량=축소/보통;위험선호=위험선호;금리=상승;GMM레짐=LOW_VOL,"benchmark,bond,earnings,fx,ohlcv,regime",,1,2026-10-05,2026-10-06T00:22:00+09:00,182.71422743181995,202.6584930720661,202.6584930720661,213.23379075514032,153.31037621058857,0.022135948712051812,1.0,0.0,1.0,,0,182.71422743181995,0.38076766426673686,0.03150808762180327,164.55,194.78,-0.06469605617550057,0.5841269841269842,0.13305656079354108,-0.06469605617550057,0.5841269841269842,0.13305656079354108,0.12464276794438042,-0.06750325741253738,0.5952380952380952,0.5952380952380952,0.5952380952380952,-0.011111111111111072,630.0,63.0,0.7142857142857143,0.7142857142857143,0.7883597883597884,0.7883597883597884,189.0,18.9,0.2679776591748585,1.0,"{'oos_evidence': 1.0, '_effective_oos_samples': 63.0, 'baseline_improvement': 0.0, '_baseline_skill': -0.06750325741253738, 'information_coefficient': 0.0, 'directional_accuracy': 0.0, '_direction_reference_accuracy': 0.5952380952380952, '_directional_edge': -0.011111111111111072, '_interval_effective_samples': 18.9, 'probability_calibration': 0.0, 'interval_coverage': 0.2777460299317652, 'fold_stability': 0.6154077531122266, 'recent_regime': 0.0, 'data_quantity': 1.0, 'data_freshness': 1.0, 'feature_completeness': 1.0, '_no_predictive_edge_cap': 1.0, '_predictive_edge_cap': 44.0}","σ 국면 계수 x0.99 (VIX 0.93)^0.15 | 최근 가중 학습: 반감기 4년 (fold 학습구간 끝 기준) | 앙상블 가중치: NNLS 스태킹 (elasticnet:0.60,hist_gbm:0.03,huber:0.05,lightgbm:0.04,pls:0.06,ridge:0.21) | NNLS 가 제외한 모델(중복/무기여): extra_trees,gru,random_forest | baseline은 비교용으로만 유지하고, 최종 예측은 ML/DL 앙상블을 사용 | 채점용 OOF: cross-fitted 스태킹 8/10 fold (첫 fold 는 균등가중) — 최종 가중치는 OOF 전체 NNLS | conformal 잔차 최근 가중 (반감기 250거래일) | drift 축소(실효표본 63.0개): 중앙값 x0.86 | 라이브 보정 x0.80 (최근 20앵커 80% 적중 95%) | sigma_h 0.0887 (GARCH, 학습과 동일 추정량)",본 출력은 통계 모델의 예측 분포이며 투자 조언이 아닙니다. 실제 투자 판단과 그 결과에 대한 책임은 이용자 본인에게 있습니다.
PLTR,팔란티어,US,USD,15,2026-10-06T00:28:12+09:00,189.05,161.53863603812766,178.84922857826623,195.5964239882059,210.9934721254977,227.4679749713464,0.03462800311137748,0.6469387755102041,0.35306122448979593,161.76751660811988,227.12581769484137,151.4110611272925,257.0881354996225,0.14014840143266577,0.5744375077633871,31.5882861834386,LOW,"elasticnet,hist_gbm,huber,lightgbm,random_forest,ridge",elasticnet:0.554;hist_gbm:0.125;huber:0.086;lightgbm:0.058;random_forest:0.033;ridge:0.145,추세=상승추세(200MA 위);변동성=저변동;거래량=축소/보통;위험선호=위험선호;금리=상승;GMM레짐=LOW_VOL,"benchmark,bond,earnings,fx,ohlcv,regime",,1,2026-10-05,2026-10-06T00:23:18+09:00,178.84922857826623,210.9934721254977,210.9934721254977,227.4679749713464,153.31037621058857,0.038718370382369756,1.0,0.0,1.0,,0,178.84922857826623,0.6139816203661012,0.03150808762180327,164.55,194.78,-0.12630222946247932,0.6047619047619047,0.16596718599325447,-0.12630222946247932,0.6047619047619047,0.16596718599325447,0.1501140515709663,-0.10560726498540762,0.6222222222222222,0.6222222222222222,0.6222222222222222,-0.01746031746031751,630.0,42.0,0.7619047619047619,0.7619047619047619,0.8306878306878307,0.8306878306878307,189.0,12.6,0.21047257730613012,1.0,"{'oos_evidence': 1.0, '_effective_oos_samples': 42.0, 'baseline_improvement': 0.0, '_baseline_skill': -0.10560726498540762, 'information_coefficient': 0.0, 'directional_accuracy': 0.0, '_direction_reference_accuracy': 0.6222222222222222, '_directional_edge': -0.01746031746031751, '_interval_effective_samples': 12.6, 'probability_calibration': 0.0, 'interval_coverage': 0.5417490779798918, 'fold_stability': 0.6170795403639685, 'recent_regime': 0.0, 'data_quantity': 1.0, 'data_freshness': 1.0, 'feature_completeness': 1.0, '_no_predictive_edge_cap': 1.0, '_predictive_edge_cap': 44.0}","σ 국면 계수 x0.99 (VIX 0.93)^0.1 | 최근 가중 학습: 반감기 4년 (fold 학습구간 끝 기준) | 앙상블 가중치: NNLS 스태킹 (elasticnet:0.55,hist_gbm:0.12,huber:0.09,lightgbm:0.06,random_forest:0.03,ridge:0.14) | NNLS 가 제외한 모델(중복/무기여): extra_trees,gru,quantile_gbm | baseline은 비교용으로만 유지하고, 최종 예측은 ML/DL 앙상블을 사용 | 채점용 OOF: cross-fitted 스태킹 8/10 fold (첫 fold 는 균등가중) — 최종 가중치는 OOF 전체 NNLS | conformal 잔차 최근 가중 (반감기 250거래일) | drift 축소(실효표본 42.0개): 중앙값 x0.81 | sigma_h 0.1401 (GARCH, 학습과 동일 추정량)",본 출력은 통계 모델의 예측 분포이며 투자 조언이 아닙니다. 실제 투자 판단과 그 결과에 대한 책임은 이용자 본인에게 있습니다.
PLTR,팔란티어,US,USD,20,2026-10-06T00:28:13+09:00,189.05,155.9390545986595,177.8216109952117,195.456016851893,212.13475249991174,239.0532667757297,0.033885304691314344,0.6534181240063593,0.34658187599364065,155.9679466642722,237.90319229514517,147.10370972830566,264.60872641352836,0.16663226417877625,0.5914858615921036,30.476691803137037,LOW,"elasticnet,lightgbm,random_forest,ridge",elasticnet:0.654;lightgbm:0.042;random_forest:0.023;ridge:0.280,추세=상승추세(200MA 위);변동성=저변동;거래량=축소/보통;위험선호=위험선호;금리=상승;GMM레짐=LOW_VOL,"benchmark,bond,earnings,fx,ohlcv,regime",,1,2026-10-05,2026-10-06T00:24:36+09:00,177.8216109952117,212.13475249991174,212.13475249991174,239.0532667757297,153.31037621058857,0.033664495849827,1.0,0.0,1.0,,0,177.8216109952117,0.64591481533029,0.03150808762180327,164.55,194.78,-0.3034743649874709,0.49523809523809526,0.1962414526324863,-0.3034743649874709,0.49523809523809526,0.1962414526324863,0.16403665920533878,-0.19632680635634014,0.6222222222222222,0.653968253968254,0.653968253968254,-0.15873015873015872,630.0,31.5,0.7619047619047619,0.7619047619047619,0.8783068783068783,0.8783068783068783,189.0,9.45,0.2683615733296392,1.0,"{'oos_evidence': 1.0, '_effective_oos_samples': 31.5, 'baseline_improvement': 0.0, '_baseline_skill': -0.19632680635634014, 'information_coefficient': 0.0, 'directional_accuracy': 0.0, '_direction_reference_accuracy': 0.653968253968254, '_directional_edge': -0.15873015873015872, '_interval_effective_samples': 9.45, 'probability_calibration': 0.0, 'interval_coverage': 0.4691684640073831, 'fold_stability': 0.5785007163063203, 'recent_regime': 0.0, 'data_quantity': 1.0, 'data_freshness': 1.0, 'feature_completeness': 1.0, '_no_predictive_edge_cap': 1.0, '_predictive_edge_cap': 44.0}","σ 국면 계수 x1.00 (VIX 0.93)^0.07 | 최근 가중 학습: 반감기 4년 (fold 학습구간 끝 기준) | 앙상블 가중치: NNLS 스태킹 (elasticnet:0.65,lightgbm:0.04,random_forest:0.02,ridge:0.28) | NNLS 가 제외한 모델(중복/무기여): extra_trees,quantile_gbm,xgboost | baseline은 비교용으로만 유지하고, 최종 예측은 ML/DL 앙상블을 사용 | 채점용 OOF: cross-fitted 스태킹 7/10 fold (첫 fold 는 균등가중) — 최종 가중치는 OOF 전체 NNLS | conformal 잔차 최근 가중 (반감기 250거래일) | drift 축소(실효표본 31.5개): 중앙값 x0.76 | sigma_h 0.1666 (GARCH, 학습과 동일 추정량)",본 출력은 통계 모델의 예측 분포이며 투자 조언이 아닙니다. 실제 투자 판단과 그 결과에 대한 책임은 이용자 본인에게 있습니다.
PLTR,팔란티어,US,USD,25,2026-10-06T00:28:13+09:00,189.05,148.83091481232975,172.97068210383293,199.16385626369794,227.5277927907306,280.4034912755693,0.05349831401056826,0.6758620689655174,0.32413793103448263,149.35399077758137,280.29635444669833,128.90952074560076,309.620522119116,0.24140816103457619,0.7664471502707062,29.792905607982096,LOW,"elasticnet,hist_gbm,huber,ridge",elasticnet:0.084;hist_gbm:0.043;huber:0.075;ridge:0.799,추세=상승추세(200MA 위);변동성=저변동;거래량=축소/보통;위험선호=위험선호;금리=상승;GMM레짐=LOW_VOL,"benchmark,bond,earnings,fx,ohlcv,regime",,1,2026-10-05,2026-10-06T00:25:48+09:00,172.97068210383293,227.5277927907306,227.5277927907306,280.4034912755693,148.83091481232975,0.03554487324046943,1.0,0.0,1.0,,0,177.13679207019618,0.9567048233739165,0.03150808762180327,164.55,194.78,-0.22060732975247752,0.4984126984126984,0.23900485807028032,-0.22060732975247752,0.4984126984126984,0.23900485807028032,0.17431970694133064,-0.3710719359499626,0.6761904761904762,0.6698412698412698,0.6761904761904762,-0.1777777777777778,630.0,25.2,0.7777777777777778,0.7777777777777778,0.8677248677248677,0.8677248677248677,189.0,7.56,0.22886300196409295,1.0,"{'oos_evidence': 0.916515138991168, '_effective_oos_samples': 25.2, 'baseline_improvement': 0.0, '_baseline_skill': -0.3710719359499626, 'information_coefficient': 0.0, 'directional_accuracy': 0.0, '_direction_reference_accuracy': 0.6761904761904762, '_directional_edge': -0.1777777777777778, '_interval_effective_samples': 7.56, 'probability_calibration': 0.0, 'interval_coverage': 0.5009620374469136, 'fold_stability': 0.5618133843601277, 'recent_regime': 0.0, 'data_quantity': 1.0, 'data_freshness': 1.0, 'feature_completeness': 1.0, '_no_predictive_edge_cap': 1.0, '_predictive_edge_cap': 44.0}","σ 국면 계수 x1.00 (VIX 0.93)^0.05 | 최근 가중 학습: 반감기 4년 (fold 학습구간 끝 기준) | 앙상블 가중치: NNLS 스태킹 (elasticnet:0.08,hist_gbm:0.04,huber:0.08,ridge:0.80) | NNLS 가 제외한 모델(중복/무기여): extra_trees,gru,quantile_gbm,random_forest | baseline은 비교용으로만 유지하고, 최종 예측은 ML/DL 앙상블을 사용 | 채점용 OOF: cross-fitted 스태킹 7/10 fold (첫 fold 는 균등가중) — 최종 가중치는 OOF 전체 NNLS | conformal 잔차 최근 가중 (반감기 250거래일) | drift 축소(실효표본 25.2개): 중앙값 x0.72 | sigma_h 0.1908 (GARCH, 학습과 동일 추정량) | 실적 발표 11-05 예측기간 포함(추정) → 구간 ×1.26 (k=5.0)",본 출력은 통계 모델의 예측 분포이며 투자 조언이 아닙니다. 실제 투자 판단과 그 결과에 대한 책임은 이용자 본인에게 있습니다.
PLTR,팔란티어,US,USD,30,2026-10-06T00:28:13+09:00,189.05,152.81220530919217,168.81464289346098,192.6053688021846,228.28462149775768,279.57038658867003,0.018806499879315597,0.6691176470588235,0.3308823529411765,153.06505275087204,278.8966592448388,139.37727881854997,296.46686775435245,0.2612046064886038,0.7570428720933032,26.081451074018364,LOW,"elasticnet,huber,ridge",elasticnet:0.819;huber:0.029;ridge:0.153,추세=상승추세(200MA 위);변동성=저변동;거래량=축소/보통;위험선호=위험선호;금리=상승;GMM레짐=LOW_VOL,"benchmark,bond,earnings,fx,ohlcv,regime",,1,2026-10-05,2026-10-06T00:26:59+09:00,168.81464289346098,228.28462149775768,228.28462149775768,279.57038658867003,152.81220530919217,0.04724711253509309,1.0,0.0,1.0,,0,177.13679207019618,1.0826989289088833,0.03150808762180327,164.55,194.78,-0.296415328122541,0.5634920634920635,0.2194991513422006,-0.296415328122541,0.5634920634920635,0.2194991513422006,0.19353340857387236,-0.13416672066940327,0.7031746031746032,0.6777777777777778,0.7031746031746032,-0.13968253968253974,630.0,21.0,0.7248677248677249,0.7248677248677249,0.8571428571428571,0.8571428571428571,189.0,6.3,0.33043898433119356,1.0,"{'oos_evidence': 0.8366600265340756, '_effective_oos_samples': 21.0, 'baseline_improvement': 0.0, '_baseline_skill': -0.13416672066940327, 'information_coefficient': 0.0, 'directional_accuracy': 0.0, '_direction_reference_accuracy': 0.7031746031746032, '_directional_edge': -0.13968253968253974, '_interval_effective_samples': 6.3, 'probability_calibration': 0.0, 'interval_coverage': 0.20984956772382937, 'fold_stability': 0.5616355131439311, 'recent_regime': 0.0, 'data_quantity': 1.0, 'data_freshness': 1.0, 'feature_completeness': 1.0, '_no_predictive_edge_cap': 1.0, '_predictive_edge_cap': 44.0}","σ 국면 계수 x1.00 (VIX 0.93)^0.04 | 최근 가중 학습: 반감기 4년 (fold 학습구간 끝 기준) | 앙상블 가중치: NNLS 스태킹 (elasticnet:0.82,huber:0.03,ridge:0.15) | NNLS 가 제외한 모델(중복/무기여): extra_trees,gru,random_forest,xgboost | baseline은 비교용으로만 유지하고, 최종 예측은 ML/DL 앙상블을 사용 | 채점용 OOF: cross-fitted 스태킹 7/10 fold (첫 fold 는 균등가중) — 최종 가중치는 OOF 전체 NNLS | conformal 잔차 최근 가중 (반감기 250거래일) | drift 축소(실효표본 21.0개): 중앙값 x0.68 | sigma_h 0.2133 (GARCH, 학습과 동일 추정량) | 실적 발표 11-05 예측기간 포함(추정) → 구간 ×1.22 (k=5.0)",본 출력은 통계 모델의 예측 분포이며 투자 조언이 아닙니다. 실제 투자 판단과 그 결과에 대한 책임은 이용자 본인에게 있습니다.
MSFT,마이크로소프트,US,USD,5,2026-10-06T00:39:01+09:00,519.8412,502.8198377976648,512.7436916188813,521.2848004240205,529.8171542340672,537.5277148456718,0.0027770027154843113,0.5542372881355933,0.44576271186440675,502.871999149078,537.5095608933317,496.17913728720055,545.843047559488,0.026669461979571634,0.18933439781218514,29.256235031194105,LOW,"quantile_gbm,gru,hist_gbm,pls,xgboost,catboost",quantile_gbm:0.380;gru:0.221;hist_gbm:0.171;pls:0.102;xgboost:0.093;catboost:0.032,추세=상승추세(200MA 위);변동성=중간변동;거래량=축소/보통;위험선호=위험선호;금리=상승;GMM레짐=LOW_VOL,"benchmark,bond,earnings,fx,ohlcv,regime",,1,2026-10-05,2026-10-06T00:28:17+09:00,512.7436916188813,529.8171542340672,529.8171542340672,537.5277148456718,469.54479809668095,0.0021691597760282815,1.0,0.0,1.0,,0,512.7436916188813,0.1983432980602319,0.021634717232776296,486.0,522.85,-0.011340464570631441,0.5126984126984127,0.0416498231100752,-0.011340464570631441,0.5126984126984127,0.0416498231100752,0.04020783232860782,-0.03586343003229753,0.4507936507936508,0.5492063492063493,0.5492063492063493,-0.0365079365079366,630.0,126.0,0.708994708994709,0.708994708994709,0.7936507936507936,0.7936507936507936,189.0,37.8,0.12752056882552096,1.0,"{'oos_evidence': 1.0, '_effective_oos_samples': 126.0, 'baseline_improvement': 0.0, '_baseline_skill': -0.03586343003229753, 'information_coefficient': 0.0, 'directional_accuracy': 0.0, '_direction_reference_accuracy': 0.5492063492063493, '_directional_edge': -0.0365079365079366, '_interval_effective_samples': 37.8, 'probability_calibration': 0.1498628744965269, 'interval_coverage': 0.24162257495590755, 'fold_stability': 0.5641106285662817, 'recent_regime': 0.0, 'data_quantity': 1.0, 'data_freshness': 1.0, 'feature_completeness': 1.0, '_no_predictive_edge_cap': 1.0, '_predictive_edge_cap': 44.0}","σ 국면 계수 x0.98 (VIX 0.93)^0.23 | 최근 가중 학습: 반감기 4년 (fold 학습구간 끝 기준) | 앙상블 가중치: NNLS 스태킹 (catboost:0.03,gru:0.22,hist_gbm:0.17,pls:0.10,quantile_gbm:0.38,xgboost:0.09) | NNLS 가 제외한 모델(중복/무기여): elasticnet,extra_trees,ridge | baseline은 비교용으로만 유지하고, 최종 예측은 ML/DL 앙상블을 사용 | 채점용 OOF: cross-fitted 스태킹 9/10 fold (첫 fold 는 균등가중) — 최종 가중치는 OOF 전체 NNLS | conformal 잔차 최근 가중 (반감기 250거래일) | drift 축소(실효표본 126.0개): 중앙값 x0.93 | 라이브 보정 x0.86 (최근 20앵커 80% 적중 91%) | sigma_h 0.0267 (GARCH, 학습과 동일 추정량)",본 출력은 통계 모델의 예측 분포이며 투자 조언이 아닙니다. 실제 투자 판단과 그 결과에 대한 책임은 이용자 본인에게 있습니다.
MSFT,마이크로소프트,US,USD,10,2026-10-06T00:39:01+09:00,519.8412,495.0661572023577,506.0288339146699,518.6713103131906,534.1609020170213,547.8199331187726,-0.0022504751197276462,0.5529100529100528,0.4470899470899472,495.50720084026796,547.7643983605342,487.774982670234,564.7030739897899,0.03658895924035935,0.18367511765335956,27.51411737401973,LOW,"gru,huber",gru:0.784;huber:0.216,추세=상승추세(200MA 위);변동성=중간변동;거래량=축소/보통;위험선호=위험선호;금리=상승;GMM레짐=LOW_VOL,"benchmark,bond,earnings,fx,ohlcv,regime",,1,2026-10-05,2026-10-06T00:30:06+09:00,506.0288339146699,534.1609020170213,534.1609020170213,547.8199331187726,452.3614957923173,-0.00583103606155568,1.0,0.0,1.0,,0,506.0288339146699,0.2122075398100367,0.021634717232776296,486.0,522.85,0.002808847015055648,0.5492063492063493,0.06286620628502386,0.002808847015055648,0.5492063492063493,0.06286620628502386,0.05631355393023843,-0.11636012820115904,0.4857142857142857,0.5142857142857142,0.5142857142857142,0.03492063492063502,630.0,63.0,0.6243386243386243,0.5925925925925926,0.6984126984126984,0.6825396825396826,189.0,18.9,0.25211879743563914,1.1,"{'oos_evidence': 1.0, '_effective_oos_samples': 63.0, 'baseline_improvement': 0.0, '_baseline_skill': -0.11636012820115904, 'information_coefficient': 0.0006262192971079386, 'directional_accuracy': 0.1936608655550922, '_direction_reference_accuracy': 0.5142857142857142, '_directional_edge': 0.03492063492063502, '_interval_effective_samples': 18.9, 'probability_calibration': 0.0, 'interval_coverage': 0.0, 'fold_stability': 0.5180167478604896, 'recent_regime': 0.0, 'data_quantity': 1.0, 'data_freshness': 1.0, 'feature_completeness': 1.0}","σ 국면 계수 x0.99 (VIX 0.93)^0.15 | 최근 가중 학습: 반감기 4년 (fold 학습구간 끝 기준) | 앙상블 가중치: NNLS 스태킹 (gru:0.78,huber:0.22) | 채점용 OOF: cross-fitted 스태킹 9/10 fold (첫 fold 는 균등가중) — 최종 가중치는 OOF 전체 NNLS | 꼬리 이탈 보정(보정 전 80% 커버리지 59%) -> 상단 x1.10 / 하단 x1.00 | conformal 잔차 최근 가중 (반감기 250거래일) | drift 축소(실효표본 63.0개): 중앙값 x0.86 | 라이브 보정 x0.80 (최근 20앵커 80% 적중 95%) | sigma_h 0.0366 (GARCH, 학습과 동일 추정량)",본 출력은 통계 모델의 예측 분포이며 투자 조언이 아닙니다. 실제 투자 판단과 그 결과에 대한 책임은 이용자 본인에게 있습니다.
MSFT,마이크로소프트,US,USD,15,2026-10-06T00:39:02+09:00,519.8412,478.7010931022426,505.92374469358657,538.570895022602,567.632131592506,599.5215886594032,0.03602964717417945,0.5429497568881686,0.4570502431118314,479.09461489217915,598.285305254759,462.39972442028704,628.8608213694483,0.08158403561961486,0.33439503851299507,25.473860497530726,LOW,"elasticnet,huber,pls,quantile_gbm",elasticnet:0.171;huber:0.271;pls:0.024;quantile_gbm:0.534,추세=상승추세(200MA 위);변동성=중간변동;거래량=축소/보통;위험선호=위험선호;금리=상승;GMM레짐=LOW_VOL,"benchmark,bond,earnings,fx,ohlcv,regime",,1,2026-10-05,2026-10-06T00:31:55+09:00,505.92374469358657,567.632131592506,567.632131592506,599.5215886594032,452.3614957923173,0.020144291522524737,1.0,0.0,1.0,,0,505.92374469358657,0.7082267498597744,0.021634717232776296,486.0,522.85,-0.06645814534320174,0.49206349206349204,0.0764561378657864,-0.06645814534320174,0.49206349206349204,0.0764561378657864,0.0689543342262039,-0.108793794092376,0.4666666666666667,0.5333333333333333,0.5333333333333333,-0.04126984126984129,630.0,42.0,0.5978835978835979,0.5978835978835979,0.7142857142857143,0.7142857142857143,189.0,12.6,0.23670845196832366,1.0,"{'oos_evidence': 1.0, '_effective_oos_samples': 42.0, 'baseline_improvement': 0.0, '_baseline_skill': -0.108793794092376, 'information_coefficient': 0.0, 'directional_accuracy': 0.0, '_direction_reference_accuracy': 0.5333333333333333, '_directional_edge': -0.04126984126984129, '_interval_effective_samples': 12.6, 'probability_calibration': 0.0, 'interval_coverage': 0.0, 'fold_stability': 0.5473860497530726, 'recent_regime': 0.0, 'data_quantity': 1.0, 'data_freshness': 1.0, 'feature_completeness': 1.0, '_no_predictive_edge_cap': 1.0, '_predictive_edge_cap': 44.0}","σ 국면 계수 x0.99 (VIX 0.93)^0.1 | 최근 가중 학습: 반감기 4년 (fold 학습구간 끝 기준) | 앙상블 가중치: NNLS 스태킹 (elasticnet:0.17,huber:0.27,pls:0.02,quantile_gbm:0.53) | 채점용 OOF: cross-fitted 스태킹 9/10 fold (첫 fold 는 균등가중) — 최종 가중치는 OOF 전체 NNLS | conformal 잔차 최근 가중 (반감기 250거래일) | drift 축소(실효표본 42.0개): 중앙값 x0.81 | sigma_h 0.0577 (GARCH, 학습과 동일 추정량) | 실적 발표 10-24 예측기간 포함(추정) → 구간 ×1.41 (k=4.6)",본 출력은 통계 모델의 예측 분포이며 투자 조언이 아닙니다. 실제 투자 판단과 그 결과에 대한 책임은 이용자 본인에게 있습니다.
MSFT,마이크로소프트,US,USD,20,2026-10-06T00:39:02+09:00,519.8412,479.73444571476165,505.36307066329215,538.1401925787502,580.9842517472624,617.7994571969509,0.03520112022431121,0.5138121546961326,0.4861878453038674,479.9956852990134,617.1549140115335,453.5473526127781,711.1136308286129,0.09067904995944566,0.32187869652945394,25.10860856777315,LOW,"elasticnet,hist_gbm,huber,lightgbm,quantile_gbm,xgboost",elasticnet:0.589;hist_gbm:0.029;huber:0.233;lightgbm:0.034;quantile_gbm:0.093;xgboost:0.023,추세=상승추세(200MA 위);변동성=중간변동;거래량=축소/보통;위험선호=위험선호;금리=상승;GMM레짐=LOW_VOL,"benchmark,bond,earnings,fx,ohlcv,regime",,1,2026-10-05,2026-10-06T00:33:41+09:00,505.36307066329215,580.9842517472624,580.9842517472624,617.7994571969509,452.3614957923173,0.025469039273242726,1.0,0.0,1.0,,0,505.36307066329215,0.9060954321773874,0.021634717232776296,486.0,522.85,-0.10601720792827349,0.48095238095238096,0.09256999074907404,-0.10601720792827349,0.48095238095238096,0.09256999074907404,0.07859376518755073,-0.1778286805342817,0.49682539682539684,0.5031746031746032,0.5031746031746032,-0.0222222222222222,630.0,31.5,0.5608465608465608,0.5608465608465608,0.7407407407407407,0.7407407407407407,189.0,9.45,0.3064992967743432,1.0,"{'oos_evidence': 1.0, '_effective_oos_samples': 31.5, 'baseline_improvement': 0.0, '_baseline_skill': -0.1778286805342817, 'information_coefficient': 0.0, 'directional_accuracy': 0.0, '_direction_reference_accuracy': 0.5031746031746032, '_directional_edge': -0.0222222222222222, '_interval_effective_samples': 9.45, 'probability_calibration': 0.0, 'interval_coverage': 0.0, 'fold_stability': 0.510860856777315, 'recent_regime': 0.0, 'data_quantity': 1.0, 'data_freshness': 1.0, 'feature_completeness': 1.0, '_no_predictive_edge_cap': 1.0, '_predictive_edge_cap': 44.0}","σ 국면 계수 x1.00 (VIX 0.93)^0.07 | 최근 가중 학습: 반감기 4년 (fold 학습구간 끝 기준) | 앙상블 가중치: NNLS 스태킹 (elasticnet:0.59,hist_gbm:0.03,huber:0.23,lightgbm:0.03,quantile_gbm:0.09,xgboost:0.02) | NNLS 가 제외한 모델(중복/무기여): extra_trees,lgbm_linear,ridge | baseline은 비교용으로만 유지하고, 최종 예측은 ML/DL 앙상블을 사용 | 채점용 OOF: cross-fitted 스태킹 9/10 fold (첫 fold 는 균등가중) — 최종 가중치는 OOF 전체 NNLS | conformal 잔차 최근 가중 (반감기 250거래일) | drift 축소(실효표본 31.5개): 중앙값 x0.76 | sigma_h 0.0685 (GARCH, 학습과 동일 추정량) | 실적 발표 10-24 예측기간 포함(추정) → 구간 ×1.32 (k=4.6)",본 출력은 통계 모델의 예측 분포이며 투자 조언이 아닙니다. 실제 투자 판단과 그 결과에 대한 책임은 이용자 본인에게 있습니다.
MSFT,마이크로소프트,US,USD,25,2026-10-06T00:39:02+09:00,519.8412,474.3511090666632,502.2296485878435,535.9910644214848,582.1640306926428,621.3781277365875,0.031066918938869925,0.5017421602787456,0.49825783972125437,474.49954255786486,620.3593572433801,447.5149910218349,723.2852368968329,0.09935274766714966,0.3154351948778768,24.126272961405437,LOW,"catboost,elasticnet,huber,quantile_gbm",catboost:0.024;elasticnet:0.461;huber:0.227;quantile_gbm:0.289,추세=상승추세(200MA 위);변동성=중간변동;거래량=축소/보통;위험선호=위험선호;금리=상승;GMM레짐=LOW_VOL,"benchmark,bond,earnings,fx,ohlcv,regime",,1,2026-10-05,2026-10-06T00:35:29+09:00,502.2296485878435,582.1640306926428,582.1640306926428,621.3781277365875,452.3614957923173,0.023755429435454535,1.0,0.0,1.0,,0,502.2296485878435,0.9235788956755281,0.021634717232776296,486.0,522.85,-0.08057525490172084,0.4603174603174603,0.10211413628275172,-0.08057525490172084,0.4603174603174603,0.10211413628275172,0.08803004413481932,-0.15999187875405818,0.5047619047619047,0.5047619047619047,0.5047619047619047,-0.04444444444444445,630.0,25.2,0.5608465608465608,0.5608465608465608,0.6825396825396826,0.6825396825396826,189.0,7.56,0.322178819815706,1.0,"{'oos_evidence': 0.916515138991168, '_effective_oos_samples': 25.2, 'baseline_improvement': 0.0, '_baseline_skill': -0.15999187875405818, 'information_coefficient': 0.0, 'directional_accuracy': 0.0, '_direction_reference_accuracy': 0.5047619047619047, '_directional_edge': -0.04444444444444445, '_interval_effective_samples': 7.56, 'probability_calibration': 0.0, 'interval_coverage': 0.0, 'fold_stability': 0.49611215714937573, 'recent_regime': 0.0, 'data_quantity': 1.0, 'data_freshness': 1.0, 'feature_completeness': 1.0, '_no_predictive_edge_cap': 1.0, '_predictive_edge_cap': 44.0}","σ 국면 계수 x1.00 (VIX 0.93)^0.05 | 최근 가중 학습: 반감기 4년 (fold 학습구간 끝 기준) | 앙상블 가중치: NNLS 스태킹 (catboost:0.02,elasticnet:0.46,huber:0.23,quantile_gbm:0.29) | NNLS 가 제외한 모델(중복/무기여): extra_trees,lgbm_linear,lightgbm | baseline은 비교용으로만 유지하고, 최종 예측은 ML/DL 앙상블을 사용 | 채점용 OOF: cross-fitted 스태킹 9/10 fold (첫 fold 는 균등가중) — 최종 가중치는 OOF 전체 NNLS | conformal 잔차 최근 가중 (반감기 250거래일) | drift 축소(실효표본 25.2개): 중앙값 x0.72 | sigma_h 0.0785 (GARCH, 학습과 동일 추정량) | 실적 발표 10-24 예측기간 포함(추정) → 구간 ×1.26 (k=4.6)",본 출력은 통계 모델의 예측 분포이며 투자 조언이 아닙니다. 실제 투자 판단과 그 결과에 대한 책임은 이용자 본인에게 있습니다.
MSFT,마이크로소프트,US,USD,30,2026-10-06T00:39:02+09:00,519.8412,463.17829037093486,501.41769873157915,531.6337079721793,577.4836479270296,631.3430747071238,0.022684827543833386,0.5316455696202531,0.4683544303797469,463.9704193665606,630.4939138476319,440.4863599594387,722.6629598151547,0.1076280305404197,0.31193566780232096,23.348962388624546,LOW,"huber,elasticnet,gru,extra_trees,lightgbm,quantile_gbm",huber:0.291;elasticnet:0.273;gru:0.134;extra_trees:0.122;lightgbm:0.093;quantile_gbm:0.087,추세=상승추세(200MA 위);변동성=중간변동;거래량=축소/보통;위험선호=위험선호;금리=상승;GMM레짐=LOW_VOL,"benchmark,bond,earnings,fx,ohlcv,regime",,1,2026-10-05,2026-10-06T00:37:13+09:00,501.41769873157915,577.4836479270296,577.4836479270296,631.3430747071238,452.3614957923173,0.01946902916567697,1.0,0.0,1.0,,0,501.41769873157915,0.8542190367287791,0.021634717232776296,486.0,522.85,-0.026077619123205033,0.5,0.11045289533215442,-0.026077619123205033,0.5,0.11045289533215442,0.09666107840720849,-0.14268221658819624,0.4888888888888889,0.5111111111111111,0.5111111111111111,-0.011111111111111072,630.0,21.0,0.6349206349206349,0.6349206349206349,0.671957671957672,0.671957671957672,189.0,6.3,0.2603669987841516,1.0,"{'oos_evidence': 0.8366600265340756, '_effective_oos_samples': 21.0, 'baseline_improvement': 0.0, '_baseline_skill': -0.14268221658819624, 'information_coefficient': 0.0, 'directional_accuracy': 0.0, '_direction_reference_accuracy': 0.5111111111111111, '_directional_edge': -0.011111111111111072, '_interval_effective_samples': 6.3, 'probability_calibration': 0.0, 'interval_coverage': 0.0, 'fold_stability': 0.49823621232837906, 'recent_regime': 0.0, 'data_quantity': 1.0, 'data_freshness': 1.0, 'feature_completeness': 1.0, '_no_predictive_edge_cap': 1.0, '_predictive_edge_cap': 44.0}","σ 국면 계수 x1.00 (VIX 0.93)^0.04 | 최근 가중 학습: 반감기 4년 (fold 학습구간 끝 기준) | 앙상블 가중치: NNLS 스태킹 (elasticnet:0.27,extra_trees:0.12,gru:0.13,huber:0.29,lightgbm:0.09,quantile_gbm:0.09) | NNLS 가 제외한 모델(중복/무기여): catboost | baseline은 비교용으로만 유지하고, 최종 예측은 ML/DL 앙상블을 사용 | 채점용 OOF: cross-fitted 스태킹 9/10 fold (첫 fold 는 균등가중) — 최종 가중치는 OOF 전체 NNLS | conformal 잔차 최근 가중 (반감기 250거래일) | drift 축소(실효표본 21.0개): 중앙값 x0.68 | sigma_h 0.0879 (GARCH, 학습과 동일 추정량) | 실적 발표 10-24 예측기간 포함(추정) → 구간 ×1.22 (k=4.6)",본 출력은 통계 모델의 예측 분포이며 투자 조언이 아닙니다. 실제 투자 판단과 그 결과에 대한 책임은 이용자 본인에게 있습니다.
CAT,캐터필러,US,USD,5,2026-10-06T00:49:11+09:00,842.1,808.9429146097092,827.4556569118986,846.5790127744106,865.5645222944362,890.5660081103924,0.0053188609124932285,0.5761078998073218,0.4238921001926782,808.9717380125131,890.4289696870103,792.8819888840658,903.8119713920757,0.03583622453034763,0.25441195613592976,38.827769181394146,LOW,"elasticnet,extra_trees,huber,pls,quantile_gbm",elasticnet:0.522;extra_trees:0.048;huber:0.076;pls:0.030;quantile_gbm:0.324,추세=상승추세(200MA 위);변동성=중간변동;거래량=축소/보통;위험선호=위험선호;금리=상승;GMM레짐=LOW_VOL,"benchmark,bond,earnings,fx,ohlcv,regime",,1,2026-10-05,2026-10-06T00:39:06+09:00,827.4556569118986,865.5645222944362,865.5645222944362,890.5660081103924,740.3621489741745,0.0014626719306430485,1.0,0.0,1.0,,0,827.4556569118986,0.23063709384307557,0.027014932998277223,772.861,858.87,-0.04740774281186326,0.5253968253968254,0.04592816078346512,-0.04740774281186326,0.5253968253968254,0.04592816078346512,0.04497694013638134,-0.021149074263376866,0.5587301587301587,0.5587301587301587,0.5587301587301587,-0.033333333333333326,630.0,126.0,0.7883597883597884,0.7883597883597884,0.9365079365079365,0.9365079365079365,189.0,37.8,0.10533065837079456,1.0,"{'oos_evidence': 1.0, '_effective_oos_samples': 126.0, 'baseline_improvement': 0.0, '_baseline_skill': -0.021149074263376866, 'information_coefficient': 0.0, 'directional_accuracy': 0.0, '_direction_reference_accuracy': 0.5587301587301587, '_directional_edge': -0.033333333333333326, '_interval_effective_samples': 37.8, 'probability_calibration': 0.29779561086136963, 'interval_coverage': 0.9029982363315694, 'fold_stability': 0.7415421931187494, 'recent_regime': 0.0, 'data_quantity': 1.0, 'data_freshness': 1.0, 'feature_completeness': 1.0, '_no_predictive_edge_cap': 1.0, '_predictive_edge_cap': 44.0}","σ 국면 계수 x0.98 (VIX 0.93)^0.23 | 최근 가중 학습: 반감기 4년 (fold 학습구간 끝 기준) | 앙상블 가중치: NNLS 스태킹 (elasticnet:0.52,extra_trees:0.05,huber:0.08,pls:0.03,quantile_gbm:0.32) | NNLS 가 제외한 모델(중복/무기여): catboost,random_forest,ridge | baseline은 비교용으로만 유지하고, 최종 예측은 ML/DL 앙상블을 사용 | 채점용 OOF: cross-fitted 스태킹 9/10 fold (첫 fold 는 균등가중) — 최종 가중치는 OOF 전체 NNLS | conformal 잔차 최근 가중 (반감기 250거래일) | drift 축소(실효표본 126.0개): 중앙값 x0.93 | 라이브 보정 x0.86 (최근 20앵커 80% 적중 91%) | sigma_h 0.0358 (GARCH, 학습과 동일 추정량)",본 출력은 통계 모델의 예측 분포이며 투자 조언이 아닙니다. 실제 투자 판단과 그 결과에 대한 책임은 이용자 본인에게 있습니다.
CAT,캐터필러,US,USD,10,2026-10-06T00:49:11+09:00,842.1,770.3307546695362,790.3209911040474,820.7259923215317,853.2017289347099,882.2850875478272,-0.02538179275438579,0.4888888888888889,0.5111111111111111,770.5420518145348,882.0114211606989,759.2220500887502,895.2127897450914,0.04810398874351348,0.24148010699125716,38.171407785626506,LOW,"elasticnet,extra_trees,gru,huber,lgbm_linear,random_forest",elasticnet:0.057;extra_trees:0.120;gru:0.126;huber:0.420;lgbm_linear:0.086;random_forest:0.191,추세=상승추세(200MA 위);변동성=중간변동;거래량=축소/보통;위험선호=위험선호;금리=상승;GMM레짐=LOW_VOL,"benchmark,bond,earnings,fx,ohlcv,regime",,1,2026-10-05,2026-10-06T00:40:42+09:00,790.3209911040474,853.2017289347099,853.2017289347099,882.2850875478272,705.6043495329045,-0.030638645537906104,1.0,0.0,1.0,,0,796.6014498443016,0.08133393918941106,0.027014932998277223,772.861,858.87,-0.017406443452868365,0.5603174603174603,0.06517058092730306,-0.017406443452868365,0.5603174603174603,0.06517058092730306,0.06377409092182819,-0.021897450599282386,0.5698412698412698,0.5698412698412698,0.5698412698412698,-0.00952380952380949,630.0,63.0,0.8148148148148148,0.8148148148148148,0.9312169312169312,0.9312169312169312,189.0,18.9,0.10742951413735993,1.0,"{'oos_evidence': 1.0, '_effective_oos_samples': 63.0, 'baseline_improvement': 0.0, '_baseline_skill': -0.021897450599282386, 'information_coefficient': 0.0, 'directional_accuracy': 0.0, '_direction_reference_accuracy': 0.5698412698412698, '_directional_edge': -0.00952380952380949, '_interval_effective_samples': 18.9, 'probability_calibration': 0.27588828028100787, 'interval_coverage': 0.8520973881239972, 'fold_stability': 0.7443327662138469, 'recent_regime': 0.0, 'data_quantity': 1.0, 'data_freshness': 1.0, 'feature_completeness': 1.0, '_no_predictive_edge_cap': 1.0, '_predictive_edge_cap': 44.0}","σ 국면 계수 x0.99 (VIX 0.93)^0.15 | 최근 가중 학습: 반감기 4년 (fold 학습구간 끝 기준) | 앙상블 가중치: NNLS 스태킹 (elasticnet:0.06,extra_trees:0.12,gru:0.13,huber:0.42,lgbm_linear:0.09,random_forest:0.19) | NNLS 가 제외한 모델(중복/무기여): catboost,quantile_gbm | 채점용 OOF: cross-fitted 스태킹 9/10 fold (첫 fold 는 균등가중) — 최종 가중치는 OOF 전체 NNLS | conformal 잔차 최근 가중 (반감기 250거래일) | drift 축소(실효표본 63.0개): 중앙값 x0.86 | 라이브 보정 x0.80 (최근 20앵커 80% 적중 95%) | sigma_h 0.0481 (GARCH, 학습과 동일 추정량)",본 출력은 통계 모델의 예측 분포이며 투자 조언이 아닙니다. 실제 투자 판단과 그 결과에 대한 책임은 이용자 본인에게 있습니다.
CAT,캐터필러,US,USD,15,2026-10-06T00:49:11+09:00,842.1,723.3086784347231,766.5857898372213,830.5293320352208,901.8074302794323,950.4213240949039,-0.013740254084763315,0.375,0.625,723.8672674340157,950.3118251074164,699.6053758669951,976.9229449129859,0.09683344146763277,0.39689900288690544,35.49290001856198,LOW,"gru,huber,pls,elasticnet,quantile_gbm,random_forest",gru:0.444;huber:0.154;pls:0.140;elasticnet:0.105;quantile_gbm:0.083;random_forest:0.075,추세=상승추세(200MA 위);변동성=중간변동;거래량=축소/보통;위험선호=위험선호;금리=상승;GMM레짐=LOW_VOL,"benchmark,bond,earnings,fx,ohlcv,regime",,1,2026-10-05,2026-10-06T00:42:23+09:00,766.5857898372213,901.8074302794323,901.8074302794323,950.4213240949039,705.6043495329045,-0.030153026164527388,1.0,0.0,1.0,,0,796.6014498443016,0.4374310102564457,0.027014932998277223,772.861,858.87,-0.024622433031121393,0.5190476190476191,0.08072047907565448,-0.024622433031121393,0.5190476190476191,0.08072047907565448,0.07876530717875148,-0.024822754673779146,0.6,0.6,0.6,-0.08095238095238089,630.0,42.0,0.8201058201058201,0.8201058201058201,0.9417989417989417,0.9417989417989417,189.0,12.6,0.10822609871882341,1.0,"{'oos_evidence': 1.0, '_effective_oos_samples': 42.0, 'baseline_improvement': 0.0, '_baseline_skill': -0.024822754673779146, 'information_coefficient': 0.0, 'directional_accuracy': 0.0, '_direction_reference_accuracy': 0.6, '_directional_edge': -0.08095238095238089, '_interval_effective_samples': 12.6, 'probability_calibration': 0.2210467081659115, 'interval_coverage': 0.6607378935568715, 'fold_stability': 0.7117147417665977, 'recent_regime': 0.0, 'data_quantity': 1.0, 'data_freshness': 1.0, 'feature_completeness': 1.0, '_no_predictive_edge_cap': 1.0, '_predictive_edge_cap': 44.0}","σ 국면 계수 x0.99 (VIX 0.93)^0.1 | 최근 가중 학습: 반감기 4년 (fold 학습구간 끝 기준) | 앙상블 가중치: NNLS 스태킹 (elasticnet:0.10,gru:0.44,huber:0.15,pls:0.14,quantile_gbm:0.08,random_forest:0.07) | 채점용 OOF: cross-fitted 스태킹 9/10 fold (첫 fold 는 균등가중) — 최종 가중치는 OOF 전체 NNLS | conformal 잔차 최근 가중 (반감기 250거래일) | drift 축소(실효표본 42.0개): 중앙값 x0.81 | sigma_h 0.0745 (GARCH, 학습과 동일 추정량) | 실적 발표 10-23 예측기간 포함(추정) → 구간 ×1.30 (k=3.4)",본 출력은 통계 모델의 예측 분포이며 투자 조언이 아닙니다. 실제 투자 판단과 그 결과에 대한 책임은 이용자 본인에게 있습니다.
CAT,캐터필러,US,USD,20,2026-10-06T00:49:12+09:00,842.1,723.9439402572609,781.6928936297556,857.5765407152762,937.698171434771,1002.0613417623513,0.01837850696505905,0.6124794745484401,0.3875205254515599,724.03626181068,1000.9565266132951,703.2391756973179,1022.1669594455343,0.10729545251860627,0.3808610744783108,30.791010276649644,LOW,"quantile_gbm,random_forest,elasticnet,huber,pls,xgboost",quantile_gbm:0.501;random_forest:0.133;elasticnet:0.122;huber:0.103;pls:0.083;xgboost:0.059,추세=상승추세(200MA 위);변동성=중간변동;거래량=축소/보통;위험선호=위험선호;금리=상승;GMM레짐=LOW_VOL,"benchmark,bond,earnings,fx,ohlcv,regime",,1,2026-10-05,2026-10-06T00:44:05+09:00,781.6928936297556,937.698171434771,937.698171434771,1002.0613417623513,705.6043495329045,0.0023948586004741874,1.0,0.0,1.0,,0,796.6014498443016,0.7003752215373079,0.027014932998277223,772.861,858.87,-0.09530593065598195,0.49206349206349204,0.09770509842498169,-0.09530593065598195,0.49206349206349204,0.09770509842498169,0.09127429651711329,-0.07045578167411759,0.6111111111111112,0.6111111111111112,0.6111111111111112,-0.11904761904761912,630.0,31.5,0.7566137566137566,0.7566137566137566,0.9788359788359788,0.9788359788359788,189.0,9.45,0.15147542688503307,1.0,"{'oos_evidence': 1.0, '_effective_oos_samples': 31.5, 'baseline_improvement': 0.0, '_baseline_skill': -0.07045578167411759, 'information_coefficient': 0.0, 'directional_accuracy': 0.0, '_direction_reference_accuracy': 0.6111111111111112, '_directional_edge': -0.11904761904761912, '_interval_effective_samples': 9.45, 'probability_calibration': 0.0, 'interval_coverage': 0.438860423696829, 'fold_stability': 0.6402406039681355, 'recent_regime': 0.0, 'data_quantity': 1.0, 'data_freshness': 1.0, 'feature_completeness': 1.0, '_no_predictive_edge_cap': 1.0, '_predictive_edge_cap': 44.0}","σ 국면 계수 x1.00 (VIX 0.93)^0.07 | 최근 가중 학습: 반감기 4년 (fold 학습구간 끝 기준) | 앙상블 가중치: NNLS 스태킹 (elasticnet:0.12,huber:0.10,pls:0.08,quantile_gbm:0.50,random_forest:0.13,xgboost:0.06) | 채점용 OOF: cross-fitted 스태킹 9/10 fold (첫 fold 는 균등가중) — 최종 가중치는 OOF 전체 NNLS | conformal 잔차 최근 가중 (반감기 250거래일) | drift 축소(실효표본 31.5개): 중앙값 x0.76 | sigma_h 0.0871 (GARCH, 학습과 동일 추정량) | 실적 발표 10-23 예측기간 포함(추정) → 구간 ×1.23 (k=3.4)",본 출력은 통계 모델의 예측 분포이며 투자 조언이 아닙니다. 실제 투자 판단과 그 결과에 대한 책임은 이용자 본인에게 있습니다.
CAT,캐터필러,US,USD,25,2026-10-06T00:49:12+09:00,842.1,714.4865205342446,766.117744239687,855.0442554719307,944.3767767903328,1018.3427746965232,0.015371399444164213,0.6133567662565905,0.3866432337434095,714.5605479093168,1018.0520909603846,692.5289957617479,1052.0599594259374,0.117036259831809,0.37157860547052574,29.51326032034316,LOW,"huber,elasticnet,quantile_gbm,ridge,pls,gru",huber:0.315;elasticnet:0.191;quantile_gbm:0.187;ridge:0.148;pls:0.081;gru:0.079,추세=상승추세(200MA 위);변동성=중간변동;거래량=축소/보통;위험선호=위험선호;금리=상승;GMM레짐=LOW_VOL,"benchmark,bond,earnings,fx,ohlcv,regime",,1,2026-10-05,2026-10-06T00:45:45+09:00,766.117744239687,944.3767767903328,944.3767767903328,1018.3427746965232,705.6043495329045,-0.0060541986492032365,1.0,0.0,1.0,,0,796.6014498443016,0.7493042924103155,0.027014932998277223,772.861,858.87,-0.19914580643582233,0.46190476190476193,0.11190329757374057,-0.19914580643582233,0.46190476190476193,0.11190329757374057,0.10216946144580981,-0.09527148318280543,0.6126984126984127,0.6126984126984127,0.6126984126984127,-0.1507936507936508,630.0,25.2,0.7354497354497355,0.7354497354497355,0.9629629629629629,0.9629629629629629,189.0,7.56,0.11497230932747207,1.0,"{'oos_evidence': 0.916515138991168, '_effective_oos_samples': 25.2, 'baseline_improvement': 0.0, '_baseline_skill': -0.09527148318280543, 'information_coefficient': 0.0, 'directional_accuracy': 0.0, '_direction_reference_accuracy': 0.6126984126984127, '_directional_edge': -0.1507936507936508, '_interval_effective_samples': 7.56, 'probability_calibration': 0.14357080870666236, 'interval_coverage': 0.2840953545694617, 'fold_stability': 0.6358588915083562, 'recent_regime': 0.0, 'data_quantity': 1.0, 'data_freshness': 1.0, 'feature_completeness': 1.0, '_no_predictive_edge_cap': 1.0, '_predictive_edge_cap': 44.0}","σ 국면 계수 x1.00 (VIX 0.93)^0.05 | 최근 가중 학습: 반감기 4년 (fold 학습구간 끝 기준) | 앙상블 가중치: NNLS 스태킹 (elasticnet:0.19,gru:0.08,huber:0.32,pls:0.08,quantile_gbm:0.19,ridge:0.15) | NNLS 가 제외한 모델(중복/무기여): extra_trees | baseline은 비교용으로만 유지하고, 최종 예측은 ML/DL 앙상블을 사용 | 채점용 OOF: cross-fitted 스태킹 9/10 fold (첫 fold 는 균등가중) — 최종 가중치는 OOF 전체 NNLS | conformal 잔차 최근 가중 (반감기 250거래일) | drift 축소(실효표본 25.2개): 중앙값 x0.72 | sigma_h 0.0984 (GARCH, 학습과 동일 추정량) | 실적 발표 10-23 예측기간 포함(추정) → 구간 ×1.19 (k=3.4)",본 출력은 통계 모델의 예측 분포이며 투자 조언이 아닙니다. 실제 투자 판단과 그 결과에 대한 책임은 이용자 본인에게 있습니다.
CAT,캐터필러,US,USD,30,2026-10-06T00:49:12+09:00,842.1,701.64948233133,751.7187985360908,841.7535351426277,942.2213420457045,1032.711621336089,-0.000411429589564527,0.6112,0.38880000000000003,701.707180768018,1031.61947211878,678.5110161002998,1088.423816004249,0.12615503351029608,0.3656320238051708,29.980808067021826,LOW,"catboost,elasticnet,huber,lightgbm",catboost:0.038;elasticnet:0.622;huber:0.258;lightgbm:0.082,추세=상승추세(200MA 위);변동성=중간변동;거래량=축소/보통;위험선호=위험선호;금리=상승;GMM레짐=LOW_VOL,"benchmark,bond,earnings,fx,ohlcv,regime",,1,2026-10-05,2026-10-06T00:47:31+09:00,751.7187985360908,942.2213420457045,942.2213420457045,1032.711621336089,701.64948233133,-0.021321210758805786,1.0,0.0,1.0,,0,796.6014498443016,0.7128584764770742,0.027014932998277223,772.861,858.87,-0.17063506260858735,0.49047619047619045,0.1207505168352783,-0.17063506260858735,0.49047619047619045,0.1207505168352783,0.11120475670762324,-0.08583949473269858,0.6142857142857143,0.6142857142857143,0.6142857142857143,-0.12380952380952387,630.0,21.0,0.8677248677248677,0.8677248677248677,0.9788359788359788,0.9788359788359788,189.0,6.3,0.04964259492159287,1.0,"{'oos_evidence': 0.8366600265340756, '_effective_oos_samples': 21.0, 'baseline_improvement': 0.0, '_baseline_skill': -0.08583949473269858, 'information_coefficient': 0.0, 'directional_accuracy': 0.0, '_direction_reference_accuracy': 0.6142857142857143, '_directional_edge': -0.12380952380952387, '_interval_effective_samples': 6.3, 'probability_calibration': 0.37550302602908675, 'interval_coverage': 0.24449454352729233, 'fold_stability': 0.6165238158175449, 'recent_regime': 0.0, 'data_quantity': 1.0, 'data_freshness': 1.0, 'feature_completeness': 1.0, '_no_predictive_edge_cap': 1.0, '_predictive_edge_cap': 44.0}","σ 국면 계수 x1.00 (VIX 0.93)^0.04 | 최근 가중 학습: 반감기 4년 (fold 학습구간 끝 기준) | 앙상블 가중치: NNLS 스태킹 (catboost:0.04,elasticnet:0.62,huber:0.26,lightgbm:0.08) | NNLS 가 제외한 모델(중복/무기여): extra_trees,pls,ridge | baseline은 비교용으로만 유지하고, 최종 예측은 ML/DL 앙상블을 사용 | 채점용 OOF: cross-fitted 스태킹 9/10 fold (첫 fold 는 균등가중) — 최종 가중치는 OOF 전체 NNLS | conformal 잔차 최근 가중 (반감기 250거래일) | drift 축소(실효표본 21.0개): 중앙값 x0.68 | sigma_h 0.1087 (GARCH, 학습과 동일 추정량) | 실적 발표 10-23 예측기간 포함(추정) → 구간 ×1.16 (k=3.4)",본 출력은 통계 모델의 예측 분포이며 투자 조언이 아닙니다. 실제 투자 판단과 그 결과에 대한 책임은 이용자 본인에게 있습니다.
VST,비스트라 에너지,US,USD,5,2026-10-06T00:57:37+09:00,145.3016,139.83164261209356,142.70087382662035,146.09688938987838,149.53392993879436,152.94963361435583,0.005473369803762562,0.6016260162601627,0.39837398373983735,139.88996982597837,152.9013849818584,138.43958967169672,156.04493627909682,0.03653476075229,0.259371071360405,56.5473515149327,MEDIUM,"elasticnet,huber,extra_trees,quantile_gbm,xgboost,gru",elasticnet:0.376;huber:0.269;extra_trees:0.155;quantile_gbm:0.086;xgboost:0.057;gru:0.057,추세=하락추세(200MA 아래);변동성=중간변동;거래량=축소/보통;위험선호=위험선호;금리=상승;GMM레짐=LOW_VOL,"benchmark,bond,earnings,fx,ohlcv,regime",,1,2026-10-05,2026-10-06T00:49:13+09:00,142.70087382662035,149.53392993879436,149.53392993879436,152.94963361435583,121.12281585211038,0.009142820934720687,1.0,0.0,1.0,,0,142.70087382662035,0.17504312511775977,0.03720909127495879,133.44,154.9,0.09298824853966087,0.5571428571428572,0.07717906955405794,0.09298824853966087,0.5571428571428572,0.07717906955405794,0.0769067677709603,-0.0035406738703231966,0.5253968253968254,0.5253968253968254,0.5253968253968254,0.031746031746031744,630.0,126.0,0.783068783068783,0.783068783068783,0.8888888888888888,0.8888888888888888,189.0,37.8,0.09970821549759283,1.0,"{'oos_evidence': 1.0, '_effective_oos_samples': 126.0, 'baseline_improvement': 0.0, '_baseline_skill': -0.0035406738703231966, 'information_coefficient': 0.5218952505473899, 'directional_accuracy': 0.2265453348573263, '_direction_reference_accuracy': 0.5253968253968254, '_directional_edge': 0.031746031746031744, '_interval_effective_samples': 37.8, 'probability_calibration': 0.3352785633493811, 'interval_coverage': 0.8589065255731915, 'fold_stability': 0.6207189725359582, 'recent_regime': 1.0, 'data_quantity': 1.0, 'data_freshness': 1.0, 'feature_completeness': 1.0}","σ 국면 계수 x0.98 (VIX 0.93)^0.23 | 최근 가중 학습: 반감기 4년 (fold 학습구간 끝 기준) | 앙상블 가중치: NNLS 스태킹 (elasticnet:0.38,extra_trees:0.16,gru:0.06,huber:0.27,quantile_gbm:0.09,xgboost:0.06) | NNLS 가 제외한 모델(중복/무기여): ridge | 채점용 OOF: cross-fitted 스태킹 9/10 fold (첫 fold 는 균등가중) — 최종 가중치는 OOF 전체 NNLS | conformal 잔차 최근 가중 (반감기 250거래일) | drift 축소(실효표본 126.0개): 중앙값 x0.93 | 라이브 보정 x0.86 (최근 20앵커 80% 적중 91%) | sigma_h 0.0365 (GARCH, 학습과 동일 추정량)",본 출력은 통계 모델의 예측 분포이며 투자 조언이 아닙니다. 실제 투자 판단과 그 결과에 대한 책임은 이용자 본인에게 있습니다.
VST,비스트라 에너지,US,USD,10,2026-10-06T00:57:37+09:00,145.3016,131.42532532504597,134.587754808422,138.10170717173926,143.00982487238727,146.73747741155435,-0.04955136645612124,0.02,0.98,131.49664510378437,146.69705817033886,129.30969639669078,148.5412033831254,0.04948588695704669,0.2484171809672697,49.37056975776187,MEDIUM,"huber,xgboost,extra_trees,elasticnet,quantile_gbm,random_forest",huber:0.326;xgboost:0.226;extra_trees:0.129;elasticnet:0.128;quantile_gbm:0.110;random_forest:0.080,추세=하락추세(200MA 아래);변동성=중간변동;거래량=축소/보통;위험선호=위험선호;금리=상승;GMM레짐=LOW_VOL,"benchmark,bond,earnings,fx,ohlcv,regime",,1,2026-10-05,2026-10-06T00:50:39+09:00,134.587754808422,143.00982487238727,143.00982487238727,146.73747741155435,112.8623570192147,-0.04304604109108527,1.0,0.0,1.0,,0,134.587754808422,-0.07064823087795918,0.03720909127495879,133.44,154.9,0.1076336921027888,0.5412698412698412,0.11366345431339088,0.1076336921027888,0.5412698412698412,0.11366345431339088,0.10931714616163372,-0.03975870487261712,0.5015873015873016,0.5015873015873016,0.5015873015873016,0.03968253968253965,630.0,63.0,0.8888888888888888,0.8888888888888888,0.9841269841269841,0.9841269841269841,189.0,18.9,0.07999855203725682,1.0,"{'oos_evidence': 1.0, '_effective_oos_samples': 63.0, 'baseline_improvement': 0.0, '_baseline_skill': -0.03975870487261712, 'information_coefficient': 0.4271579729935139, 'directional_accuracy': 0.24997776296726526, '_direction_reference_accuracy': 0.5015873015873016, '_directional_edge': 0.03968253968253965, '_interval_effective_samples': 18.9, 'probability_calibration': 0.45366123275962966, 'interval_coverage': 0.25202880493808416, 'fold_stability': 0.538673112280059, 'recent_regime': 1.0, 'data_quantity': 1.0, 'data_freshness': 1.0, 'feature_completeness': 1.0}","σ 국면 계수 x0.99 (VIX 0.93)^0.15 | 최근 가중 학습: 반감기 4년 (fold 학습구간 끝 기준) | 앙상블 가중치: NNLS 스태킹 (elasticnet:0.13,extra_trees:0.13,huber:0.33,quantile_gbm:0.11,random_forest:0.08,xgboost:0.23) | NNLS 가 제외한 모델(중복/무기여): ridge | 채점용 OOF: cross-fitted 스태킹 9/10 fold (첫 fold 는 균등가중) — 최종 가중치는 OOF 전체 NNLS | conformal 잔차 최근 가중 (반감기 250거래일) | drift 축소(실효표본 63.0개): 중앙값 x0.86 | 라이브 보정 x0.80 (최근 20앵커 80% 적중 95%) | sigma_h 0.0495 (GARCH, 학습과 동일 추정량)",본 출력은 통계 모델의 예측 분포이며 투자 조언이 아닙니다. 실제 투자 판단과 그 결과에 대한 책임은 이용자 본인에게 있습니다.
VST,비스트라 에너지,US,USD,15,2026-10-06T00:57:37+09:00,145.3016,133.0935247418334,136.55665043901217,142.7093917894255,148.69296642346845,154.63416520782707,-0.017840190407913736,0.43956043956043955,0.5604395604395604,133.1481564229317,154.43498389509327,130.84387658745857,158.62517883591582,0.07728741077409317,0.31678411721225125,40.01545617177934,LOW,"huber,xgboost,hist_gbm,gru,extra_trees,catboost",huber:0.251;xgboost:0.235;hist_gbm:0.226;gru:0.222;extra_trees:0.035;catboost:0.031,추세=하락추세(200MA 아래);변동성=중간변동;거래량=축소/보통;위험선호=위험선호;금리=상승;GMM레짐=LOW_VOL,"benchmark,bond,earnings,fx,ohlcv,regime",,1,2026-10-05,2026-10-06T00:52:04+09:00,136.55665043901217,148.69296642346845,148.69296642346845,154.63416520782707,112.8623570192147,-0.00047542029385085944,1.0,0.0,1.0,,0,136.55665043901217,0.10454517774897656,0.03720909127495879,133.44,154.9,0.03866266084966561,0.5317460317460317,0.141930532798335,0.03866266084966561,0.5317460317460317,0.141930532798335,0.13362566041021384,-0.06215028133538314,0.5095238095238095,0.5095238095238095,0.5095238095238095,0.022222222222222254,630.0,42.0,0.9365079365079365,0.9365079365079365,0.9735449735449735,0.9735449735449735,189.0,12.6,0.04306019790698823,1.0,"{'oos_evidence': 1.0, '_effective_oos_samples': 42.0, 'baseline_improvement': 0.0, '_baseline_skill': -0.06215028133538314, 'information_coefficient': 0.09687419905941755, 'directional_accuracy': 0.0640189300047314, '_direction_reference_accuracy': 0.5095238095238095, '_directional_edge': 0.022222222222222254, '_interval_effective_samples': 12.6, 'probability_calibration': 0.5658722431851475, 'interval_coverage': 0.0, 'fold_stability': 0.5170263881290703, 'recent_regime': 1.0, 'data_quantity': 1.0, 'data_freshness': 1.0, 'feature_completeness': 1.0}","σ 국면 계수 x0.99 (VIX 0.93)^0.1 | 최근 가중 학습: 반감기 4년 (fold 학습구간 끝 기준) | 앙상블 가중치: NNLS 스태킹 (catboost:0.03,extra_trees:0.04,gru:0.22,hist_gbm:0.23,huber:0.25,xgboost:0.23) | 채점용 OOF: cross-fitted 스태킹 9/10 fold (첫 fold 는 균등가중) — 최종 가중치는 OOF 전체 NNLS | conformal 잔차 최근 가중 (반감기 250거래일) | drift 축소(실효표본 42.0개): 중앙값 x0.81 | sigma_h 0.0773 (GARCH, 학습과 동일 추정량)",본 출력은 통계 모델의 예측 분포이며 투자 조언이 아닙니다. 실제 투자 판단과 그 결과에 대한 책임은 이용자 본인에게 있습니다.
VST,비스트라 에너지,US,USD,20,2026-10-06T00:57:37+09:00,145.3016,129.8798949367629,134.77288994296865,141.6197445565714,149.31467677783635,155.7847307259753,-0.025339400553253455,0.504,0.496,129.92374848453323,155.66185447699004,127.5351136421372,162.35176784203475,0.09120122586137527,0.3237322371074305,36.86459639493564,LOW,"extra_trees,gru,huber,pls,xgboost",extra_trees:0.256;gru:0.169;huber:0.317;pls:0.106;xgboost:0.152,추세=하락추세(200MA 아래);변동성=중간변동;거래량=축소/보통;위험선호=위험선호;금리=상승;GMM레짐=LOW_VOL,"benchmark,bond,earnings,fx,ohlcv,regime",,1,2026-10-05,2026-10-06T00:53:31+09:00,134.77288994296865,149.31467677783635,149.31467677783635,155.7847307259753,112.8623570192147,-0.004798719404074695,1.0,0.0,1.0,,0,134.77288994296865,0.12371055576769799,0.03720909127495879,133.44,154.9,0.04661867316850071,0.5238095238095238,0.15564855529520577,0.04661867316850071,0.5238095238095238,0.15564855529520577,0.15003715483213378,-0.03740007246438526,0.526984126984127,0.526984126984127,0.526984126984127,-0.0031746031746031633,630.0,31.5,0.9259259259259259,0.9259259259259259,0.9682539682539683,0.9682539682539683,189.0,9.45,0.10324169027368327,1.0,"{'oos_evidence': 1.0, '_effective_oos_samples': 31.5, 'baseline_improvement': 0.0, '_baseline_skill': -0.03740007246438526, 'information_coefficient': 0.12197619859356361, 'directional_accuracy': 0.0, '_direction_reference_accuracy': 0.526984126984127, '_directional_edge': -0.0031746031746031633, '_interval_effective_samples': 9.45, 'probability_calibration': 0.21427349368903628, 'interval_coverage': 0.0, 'fold_stability': 0.5198789267926329, 'recent_regime': 1.0, 'data_quantity': 1.0, 'data_freshness': 1.0, 'feature_completeness': 1.0}","σ 국면 계수 x1.00 (VIX 0.93)^0.07 | 최근 가중 학습: 반감기 4년 (fold 학습구간 끝 기준) | 앙상블 가중치: NNLS 스태킹 (extra_trees:0.26,gru:0.17,huber:0.32,pls:0.11,xgboost:0.15) | NNLS 가 제외한 모델(중복/무기여): catboost,elasticnet,quantile_gbm,ridge | baseline은 비교용으로만 유지하고, 최종 예측은 ML/DL 앙상블을 사용 | 채점용 OOF: cross-fitted 스태킹 9/10 fold (첫 fold 는 균등가중) — 최종 가중치는 OOF 전체 NNLS | conformal 잔차 최근 가중 (반감기 250거래일) | drift 축소(실효표본 31.5개): 중앙값 x0.76 | sigma_h 0.0912 (GARCH, 학습과 동일 추정량)",본 출력은 통계 모델의 예측 분포이며 투자 조언이 아닙니다. 실제 투자 판단과 그 결과에 대한 책임은 이용자 본인에게 있습니다.
VST,비스트라 에너지,US,USD,25,2026-10-06T00:57:38+09:00,145.3016,133.9624494662014,140.3049968767915,149.51995085890266,158.84909411197722,168.0871639908199,0.029031688975913905,0.5794871794871795,0.42051282051282046,134.05375191088797,167.36121353948425,130.12721829808405,175.1240519975095,0.1086514456411321,0.34495764570490606,32.66103523551003,LOW,"catboost,elasticnet,gru,huber,pls",catboost:0.061;elasticnet:0.408;gru:0.092;huber:0.390;pls:0.050,추세=하락추세(200MA 아래);변동성=중간변동;거래량=축소/보통;위험선호=위험선호;금리=상승;GMM레짐=LOW_VOL,"benchmark,bond,earnings,fx,ohlcv,regime",,1,2026-10-05,2026-10-06T00:54:52+09:00,140.3049968767915,158.84909411197722,158.84909411197722,168.0871639908199,112.8623570192147,0.03828645837176621,1.0,0.0,1.0,,0,140.3049968767915,0.4176267035578414,0.03720909127495879,133.44,154.9,0.03346517687899249,0.5444444444444444,0.16905228072009948,0.03346517687899249,0.5444444444444444,0.16905228072009948,0.1667993165376576,-0.013507034856064637,0.5507936507936508,0.5507936507936508,0.5507936507936508,-0.006349206349206438,630.0,25.2,0.9470899470899471,0.9470899470899471,0.9894179894179894,0.9894179894179894,189.0,7.56,0.1498013239811321,1.0,"{'oos_evidence': 0.916515138991168, '_effective_oos_samples': 25.2, 'baseline_improvement': 0.0, '_baseline_skill': -0.013507034856064637, 'information_coefficient': 0.05621944060555513, 'directional_accuracy': 0.0, '_direction_reference_accuracy': 0.5507936507936508, '_directional_edge': -0.006349206349206438, '_interval_effective_samples': 7.56, 'probability_calibration': 0.0008143293534864216, 'interval_coverage': 0.0, 'fold_stability': 0.5257737049152231, 'recent_regime': 0.916515138991168, 'data_quantity': 1.0, 'data_freshness': 1.0, 'feature_completeness': 1.0}","σ 국면 계수 x1.00 (VIX 0.93)^0.05 | 최근 가중 학습: 반감기 4년 (fold 학습구간 끝 기준) | 앙상블 가중치: NNLS 스태킹 (catboost:0.06,elasticnet:0.41,gru:0.09,huber:0.39,pls:0.05) | NNLS 가 제외한 모델(중복/무기여): extra_trees,ridge,xgboost | baseline은 비교용으로만 유지하고, 최종 예측은 ML/DL 앙상블을 사용 | 채점용 OOF: cross-fitted 스태킹 9/10 fold (첫 fold 는 균등가중) — 최종 가중치는 OOF 전체 NNLS | conformal 잔차 최근 가중 (반감기 250거래일) | drift 축소(실효표본 25.2개): 중앙값 x0.72 | sigma_h 0.1040 (GARCH, 학습과 동일 추정량) | 실적 발표 11-05 예측기간 포함(추정) → 구간 ×1.04 (k=1.8)",본 출력은 통계 모델의 예측 분포이며 투자 조언이 아닙니다. 실제 투자 판단과 그 결과에 대한 책임은 이용자 본인에게 있습니다.
VST,비스트라 에너지,US,USD,30,2026-10-06T00:57:38+09:00,145.3016,127.62610173168227,137.05898966393096,145.9324041599312,156.60165145100294,166.39593383511126,0.004341343522240582,0.5664939550949913,0.43350604490500866,127.79794031291271,166.35564260829415,123.01094373004257,176.01113471043536,0.12029942007248859,0.34866084372370726,30.235302662182832,LOW,"elasticnet,extra_trees,huber,lightgbm,ridge",elasticnet:0.635;extra_trees:0.024;huber:0.270;lightgbm:0.039;ridge:0.032,추세=하락추세(200MA 아래);변동성=중간변동;거래량=축소/보통;위험선호=위험선호;금리=상승;GMM레짐=LOW_VOL,"benchmark,bond,earnings,fx,ohlcv,regime",,1,2026-10-05,2026-10-06T00:56:15+09:00,137.05898966393096,156.60165145100294,156.60165145100294,166.39593383511126,112.8623570192147,0.018094328352266115,1.0,0.0,1.0,,0,137.05898966393096,0.3483451034198385,0.03720909127495879,133.44,154.9,-0.20656686862705792,0.5333333333333333,0.2010891096039111,-0.20656686862705792,0.5333333333333333,0.2010891096039111,0.18471095233822937,-0.08866911819983048,0.5333333333333333,0.5333333333333333,0.5333333333333333,0.0,630.0,21.0,1.0,1.0,1.0,1.0,189.0,6.3,0.16405687325729937,1.0,"{'oos_evidence': 0.8366600265340756, '_effective_oos_samples': 21.0, 'baseline_improvement': 0.0, '_baseline_skill': -0.08866911819983048, 'information_coefficient': 0.0, 'directional_accuracy': 0.0, '_direction_reference_accuracy': 0.5333333333333333, '_directional_edge': 0.0, '_interval_effective_samples': 6.3, 'probability_calibration': 0.0, 'interval_coverage': 0.0, 'fold_stability': 0.5175422184569471, 'recent_regime': 0.8366600265340756, 'data_quantity': 1.0, 'data_freshness': 1.0, 'feature_completeness': 1.0, '_no_predictive_edge_cap': 1.0, '_predictive_edge_cap': 44.0}","σ 국면 계수 x1.00 (VIX 0.93)^0.04 | 최근 가중 학습: 반감기 4년 (fold 학습구간 끝 기준) | 앙상블 가중치: NNLS 스태킹 (elasticnet:0.63,extra_trees:0.02,huber:0.27,lightgbm:0.04,ridge:0.03) | NNLS 가 제외한 모델(중복/무기여): catboost,gru,random_forest | baseline은 비교용으로만 유지하고, 최종 예측은 ML/DL 앙상블을 사용 | 채점용 OOF: cross-fitted 스태킹 9/10 fold (첫 fold 는 균등가중) — 최종 가중치는 OOF 전체 NNLS | conformal 잔차 최근 가중 (반감기 250거래일) | drift 축소(실효표본 21.0개): 중앙값 x0.68 | sigma_h 0.1160 (GARCH, 학습과 동일 추정량) | 실적 발표 11-05 예측기간 포함(추정) → 구간 ×1.04 (k=1.8)",본 출력은 통계 모델의 예측 분포이며 투자 조언이 아닙니다. 실제 투자 판단과 그 결과에 대한 책임은 이용자 본인에게 있습니다.
034020,두산에너빌리티,KR,KRW,5,2026-10-06T01:07:55+09:00,81400.0,73340.76330026028,76998.18359347137,80316.9518972509,83992.62690233943,87590.47076118238,-0.013305259247532009,0.5053191489361702,0.49468085106382975,73348.32843687414,87536.81551134337,71657.62658645793,90427.02880445757,0.06220446162169643,0.4416078693824571,33.22393500019874,LOW,"gru,elasticnet,pls,hist_gbm,quantile_gbm,xgboost",gru:0.439;elasticnet:0.274;pls:0.077;hist_gbm:0.076;quantile_gbm:0.074;xgboost:0.061,추세=하락추세(200MA 아래);변동성=고변동;거래량=축소/보통;위험선호=위험회피;금리=상승;GMM레짐=NORMAL,"benchmark,bond,credit_trades,earnings,fx,investor_trading,market_investor,ohlcv,program_trades,regime,securities_lending,short_selling",,1,2026-10-02,2026-10-06T00:57:42+09:00,76998.18359347137,83992.62690233943,83992.62690233943,87590.47076118238,62597.80690724125,-0.011917812970006993,1.0,0.0,1.0,,0,76998.18359347137,0.1378896009390479,0.05164985489125993,75350.0,94400.0,-0.06332104225249312,0.526984126984127,0.09047125400816099,-0.06332104225249312,0.526984126984127,0.09047125400816099,0.08673886210649251,-0.043030215188736065,0.5666666666666667,0.546031746031746,0.5666666666666667,-0.03968253968253965,630.0,126.0,0.7671957671957672,0.7513227513227513,0.8571428571428571,0.8571428571428571,189.0,37.8,0.14172091321814326,1.05,"{'oos_evidence': 1.0, '_effective_oos_samples': 126.0, 'baseline_improvement': 0.0, '_baseline_skill': -0.043030215188736065, 'information_coefficient': 0.0, 'directional_accuracy': 0.0, '_direction_reference_accuracy': 0.5666666666666667, '_directional_edge': -0.03968253968253965, '_interval_effective_samples': 37.8, 'probability_calibration': 0.05519391187904488, 'interval_coverage': 0.5943562610229269, 'fold_stability': 0.6838821094937114, 'recent_regime': 0.0, 'data_quantity': 1.0, 'data_freshness': 1.0, 'feature_completeness': 1.0, '_no_predictive_edge_cap': 1.0, '_predictive_edge_cap': 44.0}","σ 국면 계수 x0.98 (VIX 0.93)^0.23 | 최근 가중 학습: 반감기 4년 (fold 학습구간 끝 기준) | 앙상블 가중치: NNLS 스태킹 (elasticnet:0.27,gru:0.44,hist_gbm:0.08,pls:0.08,quantile_gbm:0.07,xgboost:0.06) | 채점용 OOF: cross-fitted 스태킹 9/10 fold (첫 fold 는 균등가중) — 최종 가중치는 OOF 전체 NNLS | 꼬리 이탈 보정(보정 전 80% 커버리지 75%) -> 상단 x1.00 / 하단 x1.05 | conformal 잔차 최근 가중 (반감기 250거래일) | drift 축소(실효표본 126.0개): 중앙값 x0.93 | 라이브 보정 x0.86 (최근 20앵커 80% 적중 91%) | sigma_h 0.0622 (GARCH, 학습과 동일 추정량)",본 출력은 통계 모델의 예측 분포이며 투자 조언이 아닙니다. 실제 투자 판단과 그 결과에 대한 책임은 이용자 본인에게 있습니다.
034020,두산에너빌리티,KR,KRW,10,2026-10-06T01:07:55+09:00,81400.0,73680.58820580055,78352.19756288857,82905.3808583412,87538.7763110058,93326.72626841856,0.018493622338344062,0.5769230769230769,0.42307692307692313,73737.15200389778,93222.1221125937,71823.89431501715,97501.4660815687,0.08459057405624862,0.4246413116066019,32.59903689617796,LOW,"catboost,elasticnet,gru,quantile_gbm,random_forest",catboost:0.157;elasticnet:0.105;gru:0.673;quantile_gbm:0.028;random_forest:0.037,추세=하락추세(200MA 아래);변동성=고변동;거래량=축소/보통;위험선호=위험회피;금리=상승;GMM레짐=NORMAL,"benchmark,bond,credit_trades,earnings,fx,investor_trading,market_investor,ohlcv,program_trades,regime,securities_lending,short_selling",,1,2026-10-02,2026-10-06T00:59:38+09:00,78352.19756288857,87538.7763110058,87538.7763110058,93326.72626841856,56174.21087110865,0.015362812644988812,1.0,0.0,1.0,,0,78352.19756288857,0.24335319222878135,0.05164985489125993,75350.0,94400.0,-0.021627647877784963,0.5111111111111111,0.12535938772034752,-0.021627647877784963,0.5111111111111111,0.12535938772034752,0.11938853851188802,-0.05001191306035602,0.573015873015873,0.573015873015873,0.573015873015873,-0.06190476190476191,630.0,63.0,0.7566137566137566,0.7566137566137566,0.8624338624338624,0.8624338624338624,189.0,18.9,0.16762588990537935,1.0,"{'oos_evidence': 1.0, '_effective_oos_samples': 63.0, 'baseline_improvement': 0.0, '_baseline_skill': -0.05001191306035602, 'information_coefficient': 0.0, 'directional_accuracy': 0.0, '_direction_reference_accuracy': 0.573015873015873, '_directional_edge': -0.06190476190476191, '_interval_effective_samples': 18.9, 'probability_calibration': 0.0, 'interval_coverage': 0.6206423631808583, 'fold_stability': 0.6392613264369373, 'recent_regime': 0.0, 'data_quantity': 1.0, 'data_freshness': 1.0, 'feature_completeness': 1.0, '_no_predictive_edge_cap': 1.0, '_predictive_edge_cap': 44.0}","σ 국면 계수 x0.99 (VIX 0.93)^0.15 | 최근 가중 학습: 반감기 4년 (fold 학습구간 끝 기준) | 앙상블 가중치: NNLS 스태킹 (catboost:0.16,elasticnet:0.11,gru:0.67,quantile_gbm:0.03,random_forest:0.04) | 채점용 OOF: cross-fitted 스태킹 9/10 fold (첫 fold 는 균등가중) — 최종 가중치는 OOF 전체 NNLS | conformal 잔차 최근 가중 (반감기 250거래일) | drift 축소(실효표본 63.0개): 중앙값 x0.86 | 라이브 보정 x0.80 (최근 20앵커 80% 적중 95%) | sigma_h 0.0846 (GARCH, 학습과 동일 추정량)",본 출력은 통계 모델의 예측 분포이며 투자 조언이 아닙니다. 실제 투자 판단과 그 결과에 대한 책임은 이용자 본인에게 있습니다.
034020,두산에너빌리티,KR,KRW,15,2026-10-06T01:07:55+09:00,81400.0,67760.20503453346,75248.27120787861,82536.36697602306,90111.95668628038,101657.05453764948,0.013960282260725432,0.6363636363636364,0.36363636363636365,67919.00822437648,101424.64102250292,64801.79986393959,110197.21177527333,0.1323216508557926,0.542357376635921,30.361146254438413,LOW,"lgbm_linear,elasticnet,gru,extra_trees,quantile_gbm,pls",lgbm_linear:0.288;elasticnet:0.286;gru:0.254;extra_trees:0.090;quantile_gbm:0.050;pls:0.032,추세=하락추세(200MA 아래);변동성=고변동;거래량=축소/보통;위험선호=위험회피;금리=상승;GMM레짐=NORMAL,"benchmark,bond,credit_trades,earnings,fx,investor_trading,market_investor,ohlcv,program_trades,regime,securities_lending,short_selling",,1,2026-10-02,2026-10-06T01:01:20+09:00,75248.27120787861,90111.95668628038,90111.95668628038,101657.05453764948,56174.21087110865,0.008043110991221614,1.0,0.0,1.0,,0,75248.27120787861,0.3453591339310168,0.05164985489125993,75350.0,94400.0,-0.022770868011656887,0.4873015873015873,0.16588631753836147,-0.022770868011656887,0.4873015873015873,0.16588631753836147,0.15472999380977,-0.07210188182588184,0.6063492063492063,0.6063492063492063,0.6063492063492063,-0.11904761904761901,630.0,42.0,0.746031746031746,0.746031746031746,0.798941798941799,0.798941798941799,189.0,12.6,0.2382693101507674,1.0,"{'oos_evidence': 1.0, '_effective_oos_samples': 42.0, 'baseline_improvement': 0.0, '_baseline_skill': -0.07210188182588184, 'information_coefficient': 0.0, 'directional_accuracy': 0.0, '_direction_reference_accuracy': 0.6063492063492063, '_directional_edge': -0.11904761904761901, '_interval_effective_samples': 12.6, 'probability_calibration': 0.0, 'interval_coverage': 0.43675894658844017, 'fold_stability': 0.5993556788554013, 'recent_regime': 0.0, 'data_quantity': 1.0, 'data_freshness': 1.0, 'feature_completeness': 1.0, '_no_predictive_edge_cap': 1.0, '_predictive_edge_cap': 44.0}","σ 국면 계수 x0.99 (VIX 0.93)^0.1 | 최근 가중 학습: 반감기 4년 (fold 학습구간 끝 기준) | 앙상블 가중치: NNLS 스태킹 (elasticnet:0.29,extra_trees:0.09,gru:0.25,lgbm_linear:0.29,pls:0.03,quantile_gbm:0.05) | NNLS 가 제외한 모델(중복/무기여): random_forest,ridge | baseline은 비교용으로만 유지하고, 최종 예측은 ML/DL 앙상블을 사용 | 채점용 OOF: cross-fitted 스태킹 9/10 fold (첫 fold 는 균등가중) — 최종 가중치는 OOF 전체 NNLS | conformal 잔차 최근 가중 (반감기 250거래일) | drift 축소(실효표본 42.0개): 중앙값 x0.81 | sigma_h 0.1323 (GARCH, 학습과 동일 추정량)",본 출력은 통계 모델의 예측 분포이며 투자 조언이 아닙니다. 실제 투자 판단과 그 결과에 대한 책임은 이용자 본인에게 있습니다.
034020,두산에너빌리티,KR,KRW,20,2026-10-06T01:07:56+09:00,81400.0,68734.05257432694,77898.26276584355,86450.85664747933,97735.2041797198,113324.5512291415,0.062049835964119504,0.628140703517588,0.371859296482412,68826.51357593169,113233.92798176919,62889.10718821266,123954.55876389878,0.16133350750906583,0.5726771412665607,30.708678678774092,LOW,"gru,elasticnet,ridge,pls,lgbm_linear,hist_gbm",gru:0.575;elasticnet:0.116;ridge:0.106;pls:0.088;lgbm_linear:0.070;hist_gbm:0.046,추세=하락추세(200MA 아래);변동성=고변동;거래량=축소/보통;위험선호=위험회피;금리=상승;GMM레짐=NORMAL,"benchmark,bond,credit_trades,earnings,fx,investor_trading,market_investor,ohlcv,program_trades,regime,securities_lending,short_selling",,1,2026-10-02,2026-10-06T01:03:00+09:00,77898.26276584355,97735.2041797198,97735.2041797198,113324.5512291415,56174.21087110865,0.0497810623594101,1.0,0.0,1.0,,0,77898.26276584355,0.6475596896594576,0.05164985489125993,75350.0,94400.0,0.03661161771648536,0.5158730158730159,0.19709772790907598,0.03661161771648536,0.5158730158730159,0.19709772790907598,0.18604800773704422,-0.05939176832062176,0.6095238095238096,0.6095238095238096,0.6095238095238096,-0.09365079365079365,630.0,31.5,0.746031746031746,0.746031746031746,0.7724867724867724,0.7724867724867724,189.0,9.45,0.20727719222109942,1.0,"{'oos_evidence': 1.0, '_effective_oos_samples': 31.5, 'baseline_improvement': 0.0, '_baseline_skill': -0.05939176832062176, 'information_coefficient': 0.07523035563779695, 'directional_accuracy': 0.0, '_direction_reference_accuracy': 0.6095238095238096, '_directional_edge': -0.09365079365079365, '_interval_effective_samples': 9.45, 'probability_calibration': 0.0, 'interval_coverage': 0.37824434307571997, 'fold_stability': 0.5722549557812139, 'recent_regime': 0.0, 'data_quantity': 1.0, 'data_freshness': 1.0, 'feature_completeness': 1.0}","σ 국면 계수 x1.00 (VIX 0.93)^0.07 | 최근 가중 학습: 반감기 4년 (fold 학습구간 끝 기준) | 앙상블 가중치: NNLS 스태킹 (elasticnet:0.12,gru:0.57,hist_gbm:0.05,lgbm_linear:0.07,pls:0.09,ridge:0.11) | 채점용 OOF: cross-fitted 스태킹 9/10 fold (첫 fold 는 균등가중) — 최종 가중치는 OOF 전체 NNLS | conformal 잔차 최근 가중 (반감기 250거래일) | drift 축소(실효표본 31.5개): 중앙값 x0.76 | sigma_h 0.1561 (GARCH, 학습과 동일 추정량) | 실적 발표 10-31 예측기간 포함(추정) → 구간 ×1.03 (k=1.5)",본 출력은 통계 모델의 예측 분포이며 투자 조언이 아닙니다. 실제 투자 판단과 그 결과에 대한 책임은 이용자 본인에게 있습니다.
034020,두산에너빌리티,KR,KRW,25,2026-10-06T01:07:56+09:00,81400.0,62599.21887098869,73755.89867213723,83639.6050641135,96029.73202883355,110810.28693822274,0.027513575726209938,0.6346749226006192,0.3653250773993808,62749.313588673205,110386.27198513062,59140.920566820234,128701.65602024397,0.18249414967855312,0.5794009629283795,33.20131707151563,LOW,"elasticnet,extra_trees,gru,pls,quantile_gbm,ridge",elasticnet:0.250;extra_trees:0.041;gru:0.444;pls:0.202;quantile_gbm:0.022;ridge:0.041,추세=하락추세(200MA 아래);변동성=고변동;거래량=축소/보통;위험선호=위험회피;금리=상승;GMM레짐=NORMAL,"benchmark,bond,credit_trades,earnings,fx,investor_trading,market_investor,ohlcv,program_trades,regime,securities_lending,short_selling",,1,2026-10-02,2026-10-06T01:04:40+09:00,73755.89867213723,96029.73202883355,96029.73202883355,110810.28693822274,56174.21087110865,0.02736624436523337,1.0,0.0,1.0,,0,73755.89867213723,0.5799514121870608,0.05164985489125993,75350.0,94400.0,-0.035217261170219574,0.5349206349206349,0.22529870080529454,-0.035217261170219574,0.5349206349206349,0.22529870080529454,0.21268170098924274,-0.05932339151589705,0.6317460317460317,0.6317460317460317,0.6317460317460317,-0.09682539682539681,630.0,25.2,0.7142857142857143,0.7142857142857143,0.7513227513227513,0.7513227513227513,189.0,7.56,0.16256038494499317,1.0,"{'oos_evidence': 0.916515138991168, '_effective_oos_samples': 25.2, 'baseline_improvement': 0.0, '_baseline_skill': -0.05932339151589705, 'information_coefficient': 0.0, 'directional_accuracy': 0.0, '_direction_reference_accuracy': 0.6317460317460317, '_directional_edge': -0.09682539682539681, '_interval_effective_samples': 7.56, 'probability_calibration': 0.0, 'interval_coverage': 0.17566201313073582, 'fold_stability': 0.5595060795741246, 'recent_regime': 0.8355605943194185, 'data_quantity': 1.0, 'data_freshness': 1.0, 'feature_completeness': 1.0, '_no_predictive_edge_cap': 1.0, '_predictive_edge_cap': 44.0}","σ 국면 계수 x1.00 (VIX 0.93)^0.05 | 최근 가중 학습: 반감기 4년 (fold 학습구간 끝 기준) | 앙상블 가중치: NNLS 스태킹 (elasticnet:0.25,extra_trees:0.04,gru:0.44,pls:0.20,quantile_gbm:0.02,ridge:0.04) | 채점용 OOF: cross-fitted 스태킹 9/10 fold (첫 fold 는 균등가중) — 최종 가중치는 OOF 전체 NNLS | conformal 잔차 최근 가중 (반감기 250거래일) | drift 축소(실효표본 25.2개): 중앙값 x0.72 | sigma_h 0.1777 (GARCH, 학습과 동일 추정량) | 실적 발표 10-31 예측기간 포함(추정) → 구간 ×1.03 (k=1.5)",본 출력은 통계 모델의 예측 분포이며 투자 조언이 아닙니다. 실제 투자 판단과 그 결과에 대한 책임은 이용자 본인에게 있습니다.
034020,두산에너빌리티,KR,KRW,30,2026-10-06T01:07:56+09:00,81400.0,61515.523631378834,73070.41045147784,85042.81094034374,97945.99617143234,114824.42315895658,0.044751977154100064,0.5941176470588235,0.40588235294117647,61923.211747011126,114319.68670756275,55498.82335587137,138455.25822507267,0.20209155648039712,0.5857169764362513,28.007321522204858,LOW,"elasticnet,pls,quantile_gbm,ridge",elasticnet:0.328;pls:0.576;quantile_gbm:0.038;ridge:0.058,추세=하락추세(200MA 아래);변동성=고변동;거래량=축소/보통;위험선호=위험회피;금리=상승;GMM레짐=NORMAL,"benchmark,bond,credit_trades,earnings,fx,investor_trading,market_investor,ohlcv,program_trades,regime,securities_lending,short_selling",,1,2026-10-02,2026-10-06T01:06:18+09:00,73070.41045147784,97945.99617143234,97945.99617143234,114824.42315895658,56174.21087110865,0.04466736420990105,1.0,0.0,1.0,,0,73070.41045147784,0.6559158996727696,0.05164985489125993,75350.0,94400.0,0.01917606768319175,0.5555555555555556,0.24809053029148265,0.01917606768319175,0.5555555555555556,0.24809053029148265,0.23833921248275317,-0.04091361092936019,0.6412698412698413,0.6412698412698413,0.6412698412698413,-0.08571428571428574,630.0,21.0,0.708994708994709,0.708994708994709,0.746031746031746,0.746031746031746,189.0,6.3,0.2319992454863099,1.0,"{'oos_evidence': 0.8366600265340756, '_effective_oos_samples': 21.0, 'baseline_improvement': 0.0, '_baseline_skill': -0.04091361092936019, 'information_coefficient': 0.016851119373974214, 'directional_accuracy': 0.0, '_direction_reference_accuracy': 0.6412698412698413, '_directional_edge': -0.08571428571428574, '_interval_effective_samples': 6.3, 'probability_calibration': 0.0, 'interval_coverage': 0.13561033385926677, 'fold_stability': 0.5318427233893571, 'recent_regime': 0.3370715967992842, 'data_quantity': 1.0, 'data_freshness': 1.0, 'feature_completeness': 1.0, '_no_predictive_edge_cap': 1.0, '_predictive_edge_cap': 44.0}","σ 국면 계수 x1.00 (VIX 0.93)^0.04 | 최근 가중 학습: 반감기 4년 (fold 학습구간 끝 기준) | 앙상블 가중치: NNLS 스태킹 (elasticnet:0.33,pls:0.58,quantile_gbm:0.04,ridge:0.06) | 채점용 OOF: cross-fitted 스태킹 8/10 fold (첫 fold 는 균등가중) — 최종 가중치는 OOF 전체 NNLS | conformal 잔차 최근 가중 (반감기 250거래일) | drift 축소(실효표본 21.0개): 중앙값 x0.68 | sigma_h 0.1977 (GARCH, 학습과 동일 추정량) | 실적 발표 10-31 예측기간 포함(추정) → 구간 ×1.02 (k=1.5)",본 출력은 통계 모델의 예측 분포이며 투자 조언이 아닙니다. 실제 투자 판단과 그 결과에 대한 책임은 이용자 본인에게 있습니다.
OKLO,오클로,US,USD,5,2026-10-06T01:13:54+09:00,36.1443,31.410392310460313,33.26642211942684,35.12217833727193,37.91449146542996,42.06393964474852,-0.028278917083138122,0.4909090909090909,0.509090909090909,31.43530735931673,42.019611358700736,30.487453807169185,44.52058941271126,0.0868447997214394,0.6165369166792114,43.55558189718424,LOW,"extra_trees,gru,hist_gbm,pls",extra_trees:0.372;gru:0.043;hist_gbm:0.401;pls:0.184,추세=하락추세(200MA 아래);변동성=중간변동;거래량=축소/보통;위험선호=위험선호;금리=상승;GMM레짐=NORMAL,"benchmark,bond,earnings,fx,ohlcv,regime",,1,2026-10-05,2026-10-06T01:07:57+09:00,33.26642211942684,37.91449146542996,37.91449146542996,42.06393964474852,26.661720595933875,-0.013729157625029808,1.0,0.0,1.0,,0,33.26642211942684,0.18667826442570074,0.05866399999316988,34.38,44.78,-0.018517821314502587,0.4650793650793651,0.2775305954327098,-0.018517821314502587,0.4650793650793651,0.2775305954327098,0.16536645182190535,-0.6782762910798972,0.5111111111111111,0.5095238095238095,0.5111111111111111,-0.04603174603174598,630.0,126.0,0.798941798941799,0.798941798941799,0.9629629629629629,0.9629629629629629,189.0,37.8,0.3092537271096977,1.0,"{'oos_evidence': 1.0, '_effective_oos_samples': 126.0, 'baseline_improvement': 0.0, '_baseline_skill': -0.6782762910798972, 'information_coefficient': 0.0, 'directional_accuracy': 0.0, '_direction_reference_accuracy': 0.5111111111111111, '_directional_edge': -0.04603174603174598, '_interval_effective_samples': 37.8, 'probability_calibration': 0.0, 'interval_coverage': 0.9911816578483242, 'fold_stability': 0.5643765318700997, 'recent_regime': 1.0, 'data_quantity': 1.0, 'data_freshness': 1.0, 'feature_completeness': 1.0, '_no_predictive_edge_cap': 1.0, '_predictive_edge_cap': 44.0}","σ 국면 계수 x0.98 (VIX 0.93)^0.23 | 최근 가중 학습: 반감기 4년 (fold 학습구간 끝 기준) | 앙상블 가중치: NNLS 스태킹 (extra_trees:0.37,gru:0.04,hist_gbm:0.40,pls:0.18) | 채점용 OOF: cross-fitted 스태킹 5/10 fold (첫 fold 는 균등가중) — 최종 가중치는 OOF 전체 NNLS | conformal 잔차 최근 가중 (반감기 250거래일) | drift 축소(실효표본 126.0개): 중앙값 x0.93 | 라이브 보정 x0.86 (최근 20앵커 80% 적중 91%) | sigma_h 0.0868 (GARCH, 학습과 동일 추정량)",본 출력은 통계 모델의 예측 분포이며 투자 조언이 아닙니다. 실제 투자 판단과 그 결과에 대한 책임은 이용자 본인에게 있습니다.
OKLO,오클로,US,USD,10,2026-10-06T01:13:54+09:00,36.1443,30.2685144726774,32.601178138947176,34.637572681702174,38.61025238872936,44.35050712062931,-0.04168644345852113,0.47739602169981915,0.5226039783001808,30.31749911069788,44.25196594731515,28.594399117467947,48.090299812633184,0.11497032762829044,0.5771464641847011,41.88354592711802,LOW,"catboost,elasticnet,extra_trees,quantile_gbm,xgboost",catboost:0.034;elasticnet:0.045;extra_trees:0.759;quantile_gbm:0.112;xgboost:0.051,추세=하락추세(200MA 아래);변동성=중간변동;거래량=축소/보통;위험선호=위험선호;금리=상승;GMM레짐=NORMAL,"benchmark,bond,earnings,fx,ohlcv,regime",,1,2026-10-05,2026-10-06T01:09:00+09:00,32.601178138947176,38.61025238872936,38.61025238872936,44.35050712062931,23.42208471028122,-0.02356550887748326,1.0,0.0,1.0,,0,32.601178138947176,0.19383042438545814,0.05866399999316988,34.38,44.78,-0.13033900072214608,0.42698412698412697,0.3576010967585799,-0.13033900072214608,0.42698412698412697,0.3576010967585799,0.22935047555519425,-0.5591905614885961,0.5222222222222223,0.5222222222222223,0.5222222222222223,-0.09523809523809529,630.0,63.0,0.8095238095238095,0.8095238095238095,0.9417989417989417,0.9417989417989417,189.0,18.9,0.4381096409506364,1.0,"{'oos_evidence': 1.0, '_effective_oos_samples': 63.0, 'baseline_improvement': 0.0, '_baseline_skill': -0.5591905614885961, 'information_coefficient': 0.0, 'directional_accuracy': 0.0, '_direction_reference_accuracy': 0.5222222222222223, '_directional_edge': -0.09523809523809529, '_interval_effective_samples': 18.9, 'probability_calibration': 0.0, 'interval_coverage': 0.8949594297801333, 'fold_stability': 0.49339516293166874, 'recent_regime': 1.0, 'data_quantity': 1.0, 'data_freshness': 1.0, 'feature_completeness': 1.0, '_no_predictive_edge_cap': 1.0, '_predictive_edge_cap': 44.0}","σ 국면 계수 x0.99 (VIX 0.93)^0.15 | 최근 가중 학습: 반감기 4년 (fold 학습구간 끝 기준) | 앙상블 가중치: NNLS 스태킹 (catboost:0.03,elasticnet:0.04,extra_trees:0.76,quantile_gbm:0.11,xgboost:0.05) | NNLS 가 제외한 모델(중복/무기여): gru,random_forest,ridge | baseline은 비교용으로만 유지하고, 최종 예측은 ML/DL 앙상블을 사용 | 채점용 OOF: cross-fitted 스태킹 5/10 fold (첫 fold 는 균등가중) — 최종 가중치는 OOF 전체 NNLS | conformal 잔차 최근 가중 (반감기 250거래일) | drift 축소(실효표본 63.0개): 중앙값 x0.86 | 라이브 보정 x0.80 (최근 20앵커 80% 적중 95%) | sigma_h 0.1150 (GARCH, 학습과 동일 추정량)",본 출력은 통계 모델의 예측 분포이며 투자 조언이 아닙니다. 실제 투자 판단과 그 결과에 대한 책임은 이용자 본인에게 있습니다.
OKLO,오클로,US,USD,15,2026-10-06T01:13:54+09:00,36.1443,22.555274188331328,27.267489761978606,30.996768127958266,37.469500979627476,47.07359734330954,-0.14241614506413836,0.46494464944649444,0.5350553505535056,22.61265950241782,46.88137297600408,18.365631280993714,52.79116543428089,0.17579894411322075,0.7205612500143425,35.1878167820577,LOW,"catboost,extra_trees,huber,hist_gbm,xgboost,pls",catboost:0.414;extra_trees:0.196;huber:0.136;hist_gbm:0.100;xgboost:0.096;pls:0.059,추세=하락추세(200MA 아래);변동성=중간변동;거래량=축소/보통;위험선호=위험선호;금리=상승;GMM레짐=NORMAL,"benchmark,bond,earnings,fx,ohlcv,regime",,1,2026-10-05,2026-10-06T01:09:58+09:00,27.267489761978606,37.469500979627476,37.469500979627476,47.07359734330954,22.555274188331328,-0.1011085555026514,1.0,0.0,1.0,,0,31.903561570093743,0.09751993983921545,0.05866399999316988,34.38,44.78,0.05111011209640836,0.5206349206349207,0.4058356519728093,0.05111011209640836,0.5206349206349207,0.4058356519728093,0.288620308141594,-0.4061229945527973,0.5333333333333333,0.5333333333333333,0.5333333333333333,-0.012698412698412653,630.0,42.0,0.7037037037037037,0.5291005291005291,0.8412698412698413,0.7037037037037037,189.0,12.6,0.48075959050700157,1.5,"{'oos_evidence': 1.0, '_effective_oos_samples': 42.0, 'baseline_improvement': 0.0, '_baseline_skill': -0.4061229945527973, 'information_coefficient': 0.16561569178169078, 'directional_accuracy': 0.0, '_direction_reference_accuracy': 0.5333333333333333, '_directional_edge': -0.012698412698412653, '_interval_effective_samples': 12.6, 'probability_calibration': 0.0, 'interval_coverage': 0.0, 'fold_stability': 0.45379657135506474, 'recent_regime': 1.0, 'data_quantity': 1.0, 'data_freshness': 1.0, 'feature_completeness': 1.0}","σ 국면 계수 x0.99 (VIX 0.93)^0.1 | 최근 가중 학습: 반감기 4년 (fold 학습구간 끝 기준) | 앙상블 가중치: NNLS 스태킹 (catboost:0.41,extra_trees:0.20,hist_gbm:0.10,huber:0.14,pls:0.06,xgboost:0.10) | NNLS 가 제외한 모델(중복/무기여): gru,quantile_gbm,random_forest,ridge | baseline은 비교용으로만 유지하고, 최종 예측은 ML/DL 앙상블을 사용 | 채점용 OOF: cross-fitted 스태킹 5/10 fold (첫 fold 는 균등가중) — 최종 가중치는 OOF 전체 NNLS | 꼬리 이탈 보정(보정 전 80% 커버리지 53%) -> 상단 x1.00 / 하단 x1.50 | conformal 잔차 최근 가중 (반감기 250거래일) | drift 축소(실효표본 42.0개): 중앙값 x0.81 | sigma_h 0.1758 (GARCH, 학습과 동일 추정량)",본 출력은 통계 모델의 예측 분포이며 투자 조언이 아닙니다. 실제 투자 판단과 그 결과에 대한 책임은 이용자 본인에게 있습니다.
OKLO,오클로,US,USD,20,2026-10-06T01:13:54+09:00,36.1443,24.475116913298574,27.781562063881896,31.562069273412103,42.820295141127474,54.26058021264156,-0.1267760262776675,0.4597315436241611,0.5402684563758389,24.486435649151307,54.16613070442755,22.374911538680024,63.26784701176931,0.20340626350946422,0.7220206099825046,33.41768265370062,LOW,"xgboost,quantile_gbm,gru,catboost,hist_gbm,lightgbm",xgboost:0.665;quantile_gbm:0.208;gru:0.040;catboost:0.029;hist_gbm:0.029;lightgbm:0.029,추세=하락추세(200MA 아래);변동성=중간변동;거래량=축소/보통;위험선호=위험선호;금리=상승;GMM레짐=NORMAL,"benchmark,bond,earnings,fx,ohlcv,regime",,1,2026-10-05,2026-10-06T01:10:59+09:00,27.781562063881896,42.820295141127474,42.820295141127474,54.26058021264156,23.42208471028122,-0.042957752705309965,1.0,0.0,1.0,,0,31.903561570093743,0.5247509957265503,0.05866399999316988,34.38,44.78,0.013716264071935108,0.473015873015873,0.5155940368316034,0.013716264071935108,0.473015873015873,0.5155940368316034,0.34188352068457295,-0.5080985354286747,0.5412698412698412,0.5412698412698412,0.5412698412698412,-0.06825396825396823,630.0,31.5,0.656084656084656,0.6296296296296297,0.7354497354497355,0.6984126984126984,189.0,9.45,0.5337482558777109,1.05,"{'oos_evidence': 1.0, '_effective_oos_samples': 31.5, 'baseline_improvement': 0.0, '_baseline_skill': -0.5080985354286747, 'information_coefficient': 0.010559101204396064, 'directional_accuracy': 0.0, '_direction_reference_accuracy': 0.5412698412698412, '_directional_edge': -0.06825396825396823, '_interval_effective_samples': 9.45, 'probability_calibration': 0.0, 'interval_coverage': 0.0, 'fold_stability': 0.5248737034430286, 'recent_regime': 1.0, 'data_quantity': 1.0, 'data_freshness': 1.0, 'feature_completeness': 1.0, '_no_predictive_edge_cap': 1.0, '_predictive_edge_cap': 44.0}","σ 국면 계수 x1.00 (VIX 0.93)^0.07 | 최근 가중 학습: 반감기 4년 (fold 학습구간 끝 기준) | 앙상블 가중치: NNLS 스태킹 (catboost:0.03,gru:0.04,hist_gbm:0.03,lightgbm:0.03,quantile_gbm:0.21,xgboost:0.66) | 채점용 OOF: cross-fitted 스태킹 4/10 fold (첫 fold 는 균등가중) — 최종 가중치는 OOF 전체 NNLS | 꼬리 이탈 보정(보정 전 80% 커버리지 63%) -> 상단 x1.00 / 하단 x1.05 | conformal 잔차 최근 가중 (반감기 250거래일) | drift 축소(실효표본 31.5개): 중앙값 x0.76 | sigma_h 0.2034 (GARCH, 학습과 동일 추정량)",본 출력은 통계 모델의 예측 분포이며 투자 조언이 아닙니다. 실제 투자 판단과 그 결과에 대한 책임은 이용자 본인에게 있습니다.
OKLO,오클로,US,USD,25,2026-10-06T01:13:54+09:00,36.1443,20.580554972730017,24.386129577644873,28.280385550336558,35.44683582762758,46.47618486922554,-0.21756997506282993,0.41379310344827586,0.5862068965517242,20.589954032437007,46.423272655676634,19.61159239055107,55.16610292504521,0.22771354286905204,0.7229680855115488,28.55291831275963,LOW,"hist_gbm,huber,lightgbm,random_forest",hist_gbm:0.597;huber:0.209;lightgbm:0.171;random_forest:0.023,추세=하락추세(200MA 아래);변동성=중간변동;거래량=축소/보통;위험선호=위험선호;금리=상승;GMM레짐=NORMAL,"benchmark,bond,earnings,fx,ohlcv,regime",,1,2026-10-05,2026-10-06T01:11:58+09:00,24.386129577644873,35.44683582762758,35.44683582762758,46.47618486922554,20.580554972730017,-0.1621374362929431,1.0,0.0,1.0,,0,31.903561570093743,-0.04481338978185263,0.05866399999316988,34.38,44.78,0.08265638889298814,0.49206349206349204,0.5053403794084714,0.08265638889298814,0.49206349206349204,0.5053403794084714,0.3873718819450589,-0.3045355199016331,0.5396825396825397,0.5396825396825397,0.5396825396825397,-0.047619047619047616,630.0,25.2,0.6984126984126984,0.6984126984126984,0.8888888888888888,0.8888888888888888,189.0,7.56,0.32948103771369963,1.0,"{'oos_evidence': 0.916515138991168, '_effective_oos_samples': 25.2, 'baseline_improvement': 0.0, '_baseline_skill': -0.3045355199016331, 'information_coefficient': 0.20746588957325499, 'directional_accuracy': 0.0, '_direction_reference_accuracy': 0.5396825396825397, '_directional_edge': -0.047619047619047616, '_interval_effective_samples': 7.56, 'probability_calibration': 0.0, 'interval_coverage': 0.0943370070516911, 'fold_stability': 0.5124942619158959, 'recent_regime': 0.0, 'data_quantity': 1.0, 'data_freshness': 1.0, 'feature_completeness': 1.0}","σ 국면 계수 x1.00 (VIX 0.93)^0.05 | 최근 가중 학습: 반감기 4년 (fold 학습구간 끝 기준) | 앙상블 가중치: NNLS 스태킹 (hist_gbm:0.60,huber:0.21,lightgbm:0.17,random_forest:0.02) | NNLS 가 제외한 모델(중복/무기여): extra_trees,quantile_gbm,xgboost | baseline은 비교용으로만 유지하고, 최종 예측은 ML/DL 앙상블을 사용 | 채점용 OOF: cross-fitted 스태킹 4/10 fold (첫 fold 는 균등가중) — 최종 가중치는 OOF 전체 NNLS | conformal 잔차 최근 가중 (반감기 250거래일) | drift 축소(실효표본 25.2개): 중앙값 x0.72 | sigma_h 0.2277 (GARCH, 학습과 동일 추정량)",본 출력은 통계 모델의 예측 분포이며 투자 조언이 아닙니다. 실제 투자 판단과 그 결과에 대한 책임은 이용자 본인에게 있습니다.
OKLO,오클로,US,USD,30,2026-10-06T01:13:55+09:00,36.1443,16.722702773665716,23.710756647155726,30.323544396261333,46.12697021755583,61.07197564527101,-0.16104214506128678,0.4842105263157895,0.5157894736842106,16.77721341487128,60.31049551407385,15.337308616411114,80.11723937395335,0.3005908384839292,0.8711950173847194,23.74920534942528,LOW,"extra_trees,huber,lgbm_linear,lightgbm,xgboost",extra_trees:0.095;huber:0.665;lgbm_linear:0.085;lightgbm:0.025;xgboost:0.130,추세=하락추세(200MA 아래);변동성=중간변동;거래량=축소/보통;위험선호=위험선호;금리=상승;GMM레짐=NORMAL,"benchmark,bond,earnings,fx,ohlcv,regime",,1,2026-10-05,2026-10-06T01:12:56+09:00,23.710756647155726,46.12697021755583,46.12697021755583,61.07197564527101,16.722702773665716,-0.04652075185344555,1.0,0.0,1.0,,0,31.903561570093743,0.5139984163619687,0.05866399999316988,34.38,44.78,-0.04741398165468269,0.4126984126984127,0.6528180645571214,-0.04741398165468269,0.4126984126984127,0.6528180645571214,0.4297344967082655,-0.5191195250966807,0.5222222222222223,0.5222222222222223,0.5222222222222223,-0.10952380952380958,630.0,21.0,0.656084656084656,0.656084656084656,0.708994708994709,0.708994708994709,189.0,6.3,0.510213234607309,1.0,"{'oos_evidence': 0.8366600265340756, '_effective_oos_samples': 21.0, 'baseline_improvement': 0.0, '_baseline_skill': -0.5191195250966807, 'information_coefficient': 0.0, 'directional_accuracy': 0.0, '_direction_reference_accuracy': 0.5222222222222223, '_directional_edge': -0.10952380952380958, '_interval_effective_samples': 6.3, 'probability_calibration': 0.0, 'interval_coverage': 0.0, 'fold_stability': 0.5382605084084524, 'recent_regime': 0.0, 'data_quantity': 1.0, 'data_freshness': 1.0, 'feature_completeness': 1.0, '_no_predictive_edge_cap': 1.0, '_predictive_edge_cap': 44.0}","σ 국면 계수 x1.00 (VIX 0.93)^0.04 | 최근 가중 학습: 반감기 4년 (fold 학습구간 끝 기준) | 앙상블 가중치: NNLS 스태킹 (extra_trees:0.09,huber:0.67,lgbm_linear:0.08,lightgbm:0.02,xgboost:0.13) | NNLS 가 제외한 모델(중복/무기여): catboost,quantile_gbm,random_forest | baseline은 비교용으로만 유지하고, 최종 예측은 ML/DL 앙상블을 사용 | 채점용 OOF: cross-fitted 스태킹 4/10 fold (첫 fold 는 균등가중) — 최종 가중치는 OOF 전체 NNLS | conformal 잔차 최근 가중 (반감기 250거래일) | drift 축소(실효표본 21.0개): 중앙값 x0.68 | sigma_h 0.2496 (GARCH, 학습과 동일 추정량) | 실적 발표 11-14 예측기간 포함(추정) → 구간 ×1.20 (k=3.8)",본 출력은 통계 모델의 예측 분포이며 투자 조언이 아닙니다. 실제 투자 판단과 그 결과에 대한 책임은 이용자 본인에게 있습니다.
SPCX,스페이스X,US,USD,5,2026-10-06T01:13:55+09:00,158.76,136.64269516454294,147.15738616639186,158.76601414967706,167.216696360116,171.35533459545573,3.788202114551886e-05,0.5,0.5,137.06379200221224,170.8623004156152,133.93692726097842,180.038387874509,0.08427115461001747,0.5982658489041437,15.0,LOW,baseline_hist_mean,baseline_hist_mean:1.000,추세=상승추세(200MA 위);변동성=저변동;거래량=축소/보통;위험선호=위험선호;금리=상승;GMM레짐=N/A,"benchmark,bond,earnings,fx,ohlcv,regime",,5,2026-10-05,2026-10-06T01:13:55+09:00,147.15738616639186,167.216696360116,167.216696360116,171.35533459545573,129.7011786019969,3.7881303639822994e-05,1.0,0.0,1.0,,0,147.15738616639186,0.2910199365724156,0.04092813050639982,142.8721,160.91,,,0.09886780240152723,,,,,,,,,,0.0,0.0,,,,,,,,1.0,{'fallback': 1.0},"σ 국면 계수 x0.98 (VIX 0.93)^0.23 | 표본 부족(n=74) — 통계적 baseline 만 사용 | drift 축소(실효표본 14.8개): 중앙값 x0.60 | 통계적 baseline(과거 수익률 분포) 사용 | 라이브 보정 x0.86 (최근 20앵커 80% 적중 91%) | sigma_h 0.0843 (GARCH, 학습과 동일 추정량)",본 출력은 통계 모델의 예측 분포이며 투자 조언이 아닙니다. 실제 투자 판단과 그 결과에 대한 책임은 이용자 본인에게 있습니다.
SPCX,스페이스X,US,USD,10,2026-10-06T01:13:55+09:00,158.76,125.82987020106246,138.61964115746832,158.66974196689023,168.92729445734795,186.03322842686757,-0.0005685187270708658,0.4782608695652174,0.5217391304347826,128.84673396380444,184.09403516611513,123.71130121173876,201.75150519268698,0.11157572296656278,0.5601056840265785,15.0,LOW,baseline_hist_mean,baseline_hist_mean:1.000,추세=상승추세(200MA 위);변동성=저변동;거래량=축소/보통;위험선호=위험선호;금리=상승;GMM레짐=N/A,"benchmark,bond,earnings,fx,ohlcv,regime",,5,2026-10-05,2026-10-06T01:13:55+09:00,138.61964115746832,168.92729445734795,168.92729445734795,186.03322842686757,119.77350000482377,-0.0005686803951195279,1.0,0.0,1.0,,0,145.76450000160793,0.2607901314200033,0.04092813050639982,142.8721,160.91,,,0.13612454010837857,,,,,,,,,,0.0,0.0,,,,,,,,1.0,{'fallback': 1.0},"σ 국면 계수 x0.99 (VIX 0.93)^0.15 | 표본 부족(n=69) — 통계적 baseline 만 사용 | drift 축소(실효표본 6.9개): 중앙값 x0.41 | 통계적 baseline(과거 수익률 분포) 사용 | 라이브 보정 x0.80 (최근 20앵커 80% 적중 95%) | sigma_h 0.1116 (GARCH, 학습과 동일 추정량)",본 출력은 통계 모델의 예측 분포이며 투자 조언이 아닙니다. 실제 투자 판단과 그 결과에 대한 책임은 이용자 본인에게 있습니다.
SPCX,스페이스X,US,USD,15,2026-10-06T01:13:55+09:00,158.76,115.37815485261179,124.27837909394351,160.92355348189304,168.46875678760114,189.49582918228245,0.013627824904844044,0.53125,0.46875,115.69051592181378,188.10879656358858,113.6052293316726,193.85479210956495,0.1706274938111317,0.699364611360697,15.0,LOW,baseline_hist_mean,baseline_hist_mean:1.000,추세=상승추세(200MA 위);변동성=저변동;거래량=축소/보통;위험선호=위험선호;금리=상승;GMM레짐=N/A,"benchmark,bond,earnings,fx,ohlcv,regime",,5,2026-10-05,2026-10-06T01:13:55+09:00,124.27837909394351,168.46875678760114,168.46875678760114,189.49582918228245,115.37815485261179,0.013535801211584238,1.0,0.0,1.0,,0,145.76450000160793,0.2237976912834391,0.04092813050639982,142.8721,160.91,,,0.17966618839133014,,,,,,,,,,0.0,0.0,,,,,,,,1.0,{'fallback': 1.0},"σ 국면 계수 x0.99 (VIX 0.93)^0.1 | 표본 부족(n=64) — 통계적 baseline 만 사용 | drift 축소(실효표본 4.3개): 중앙값 x0.30 | 통계적 baseline(과거 수익률 분포) 사용 | sigma_h 0.1706 (GARCH, 학습과 동일 추정량)",본 출력은 통계 모델의 예측 분포이며 투자 조언이 아닙니다. 실제 투자 판단과 그 결과에 대한 책임은 이용자 본인에게 있습니다.
SPCX,스페이스X,US,USD,20,2026-10-06T01:13:55+09:00,158.76,106.1961458373504,115.75440988100468,160.88686332693487,172.39281556221675,188.44988508457425,0.013396720376259053,0.576271186440678,0.423728813559322,107.40354199108121,185.77830006425035,99.82875081678726,191.19404353130994,0.19744487951887857,0.7008597959989062,15.0,LOW,baseline_hist_mean,baseline_hist_mean:1.000,추세=상승추세(200MA 위);변동성=저변동;거래량=축소/보통;위험선호=위험선호;금리=상승;GMM레짐=N/A,"benchmark,bond,earnings,fx,ohlcv,regime",,5,2026-10-05,2026-10-06T01:13:55+09:00,115.75440988100468,172.39281556221675,172.39281556221675,188.44988508457425,106.1961458373504,0.013307777796550381,1.0,0.0,1.0,,0,145.76450000160793,0.25935722901963043,0.04092813050639982,142.8721,160.91,,,0.21396486385773672,,,,,,,,,,0.0,0.0,,,,,,,,1.0,{'fallback': 1.0},"σ 국면 계수 x1.00 (VIX 0.93)^0.07 | 표본 부족(n=59) — 통계적 baseline 만 사용 | drift 축소(실효표본 3.0개): 중앙값 x0.23 | 통계적 baseline(과거 수익률 분포) 사용 | sigma_h 0.1974 (GARCH, 학습과 동일 추정량)",본 출력은 통계 모델의 예측 분포이며 투자 조언이 아닙니다. 실제 투자 판단과 그 결과에 대한 책임은 이용자 본인에게 있습니다.
SPCX,스페이스X,US,USD,25,2026-10-06T01:13:55+09:00,158.76,95.69346840401228,116.04762873645849,160.40183152464303,172.85336519899707,199.38662670023515,0.010341594385506747,0.5740740740740741,0.42592592592592593,107.79077894582768,190.91943711247447,92.14343403546347,202.30915723538558,0.22106460468666472,0.7018583612156624,15.0,LOW,baseline_hist_mean,baseline_hist_mean:1.000,추세=상승추세(200MA 위);변동성=저변동;거래량=축소/보통;위험선호=위험선호;금리=상승;GMM레짐=N/A,"benchmark,bond,earnings,fx,ohlcv,regime",,5,2026-10-05,2026-10-06T01:13:55+09:00,116.04762873645849,172.85336519899707,172.85336519899707,199.38662670023515,95.69346840401228,0.010288485935171128,1.0,0.0,1.0,,0,145.76450000160793,0.2234682143181899,0.04092813050639982,142.8721,160.91,,,0.23332084574943868,,,,,,,,,,0.0,0.0,,,,,,,,1.0,{'fallback': 1.0},"σ 국면 계수 x1.00 (VIX 0.93)^0.05 | 표본 부족(n=54) — 통계적 baseline 만 사용 | drift 축소(실효표본 2.2개): 중앙값 x0.18 | 통계적 baseline(과거 수익률 분포) 사용 | sigma_h 0.2211 (GARCH, 학습과 동일 추정량)",본 출력은 통계 모델의 예측 분포이며 투자 조언이 아닙니다. 실제 투자 판단과 그 결과에 대한 책임은 이용자 본인에게 있습니다.
SPCX,스페이스X,US,USD,30,2026-10-06T01:13:55+09:00,158.76,105.55606813174028,133.44415441580213,159.61662509150779,185.51197323556428,204.36373403323637,0.005395723680447162,0.5102040816326531,0.4897959183673469,110.17616462307875,202.62002547106198,91.89261129814126,207.43611128280796,0.2423365942110745,0.7023581772202223,15.0,LOW,baseline_hist_mean,baseline_hist_mean:1.000,추세=상승추세(200MA 위);변동성=저변동;거래량=축소/보통;위험선호=위험선호;금리=상승;GMM레짐=N/A,"benchmark,bond,earnings,fx,ohlcv,regime",,5,2026-10-05,2026-10-06T01:13:55+09:00,133.44415441580213,185.51197323556428,185.51197323556428,204.36373403323637,105.55606813174028,0.005381218915837399,1.0,0.0,1.0,,0,145.76450000160793,0.502819477737207,0.04092813050639982,142.8721,160.91,,,0.23756660105617328,,,,,,,,,,0.0,0.0,,,,,,,,1.0,{'fallback': 1.0},"σ 국면 계수 x1.00 (VIX 0.93)^0.04 | 표본 부족(n=49) — 통계적 baseline 만 사용 | drift 축소(실효표본 1.6개): 중앙값 x0.14 | 통계적 baseline(과거 수익률 분포) 사용 | sigma_h 0.2423 (GARCH, 학습과 동일 추정량)",본 출력은 통계 모델의 예측 분포이며 투자 조언이 아닙니다. 실제 투자 판단과 그 결과에 대한 책임은 이용자 본인에게 있습니다.
SMR,뉴스케일파워,US,USD,5,2026-10-06T01:21:02+09:00,7.78,7.463651262622845,7.8708315236788255,8.27236525714024,8.66219622326799,9.104164171052073,0.06328602276866846,0.98,0.020000000000000018,7.468422350855326,9.10051177590394,7.296454667832333,9.427477620767807,0.07428093094205275,0.5273422965793164,52.41250326086114,MEDIUM,"gru,hist_gbm,huber,lgbm_linear,random_forest,xgboost",gru:0.094;hist_gbm:0.032;huber:0.427;lgbm_linear:0.119;random_forest:0.224;xgboost:0.104,추세=하락추세(200MA 아래);변동성=중간변동;거래량=축소/보통;위험선호=위험선호;금리=상승;GMM레짐=NORMAL,"benchmark,bond,earnings,fx,ohlcv,regime",,1,2026-10-05,2026-10-06T01:13:56+09:00,7.8708315236788255,8.66219622326799,8.66219622326799,9.104164171052073,5.260579887227062,0.06364672180819972,1.0,0.0,1.0,,0,7.8708315236788255,0.3501584427287209,0.0724112421084894,7.605,11.37,0.06589470743113868,0.5365079365079365,0.15458914804538687,0.06589470743113868,0.5365079365079365,0.15458914804538687,0.1466194443435295,-0.05435639002412507,0.5015873015873016,0.5015873015873016,0.5015873015873016,0.03492063492063491,630.0,126.0,0.8624338624338624,0.8624338624338624,0.9417989417989417,0.9417989417989417,189.0,37.8,0.07818632391949794,1.0,"{'oos_evidence': 1.0, '_effective_oos_samples': 126.0, 'baseline_improvement': 0.0, '_baseline_skill': -0.05435639002412507, 'information_coefficient': 0.36983312821354164, 'directional_accuracy': 0.27376739241138714, '_direction_reference_accuracy': 0.5015873015873016, '_directional_edge': 0.03492063492063491, '_interval_effective_samples': 37.8, 'probability_calibration': 0.47875784053668036, 'interval_coverage': 0.4797178130511467, 'fold_stability': 0.6582723645702923, 'recent_regime': 1.0, 'data_quantity': 1.0, 'data_freshness': 1.0, 'feature_completeness': 1.0}","σ 국면 계수 x0.98 (VIX 0.93)^0.23 | 최근 가중 학습: 반감기 4년 (fold 학습구간 끝 기준) | 앙상블 가중치: NNLS 스태킹 (gru:0.09,hist_gbm:0.03,huber:0.43,lgbm_linear:0.12,random_forest:0.22,xgboost:0.10) | NNLS 가 제외한 모델(중복/무기여): elasticnet,extra_trees,quantile_gbm,ridge | baseline은 비교용으로만 유지하고, 최종 예측은 ML/DL 앙상블을 사용 | 채점용 OOF: cross-fitted 스태킹 7/10 fold (첫 fold 는 균등가중) — 최종 가중치는 OOF 전체 NNLS | conformal 잔차 최근 가중 (반감기 250거래일) | drift 축소(실효표본 126.0개): 중앙값 x0.93 | 라이브 보정 x0.86 (최근 20앵커 80% 적중 91%) | sigma_h 0.0743 (GARCH, 학습과 동일 추정량)",본 출력은 통계 모델의 예측 분포이며 투자 조언이 아닙니다. 실제 투자 판단과 그 결과에 대한 책임은 이용자 본인에게 있습니다.
SMR,뉴스케일파워,US,USD,10,2026-10-06T01:21:02+09:00,7.78,7.05704593886796,7.665204516141522,8.118024550812782,8.718737668004925,9.357653819733569,0.04344788570858382,0.5680473372781065,0.4319526627218935,7.069641682672517,9.352741205802344,6.768190250370123,9.765865275459154,0.09835527596376209,0.49373956678564507,38.44378522777437,LOW,"gru,huber,lightgbm,random_forest",gru:0.139;huber:0.383;lightgbm:0.027;random_forest:0.452,추세=하락추세(200MA 아래);변동성=중간변동;거래량=축소/보통;위험선호=위험선호;금리=상승;GMM레짐=NORMAL,"benchmark,bond,earnings,fx,ohlcv,regime",,1,2026-10-05,2026-10-06T01:15:09+09:00,7.665204516141522,8.718737668004925,8.718737668004925,9.357653819733569,4.399843218375715,0.04462752120986008,1.0,0.0,1.0,,0,7.665204516141522,0.2777201557952078,0.0724112421084894,7.605,11.37,-0.01513776024822916,0.5333333333333333,0.23718532046878096,-0.01513776024822916,0.5333333333333333,0.23718532046878096,0.20498391683460868,-0.1570923423233932,0.4984126984126984,0.5015873015873016,0.5015873015873016,0.031746031746031744,630.0,63.0,0.91005291005291,0.91005291005291,0.9894179894179894,0.9894179894179894,189.0,18.9,0.11667536302071344,1.0,"{'oos_evidence': 1.0, '_effective_oos_samples': 63.0, 'baseline_improvement': 0.0, '_baseline_skill': -0.1570923423233932, 'information_coefficient': 0.0, 'directional_accuracy': 0.15998576829905, '_direction_reference_accuracy': 0.5015873015873016, '_directional_edge': 0.031746031746031744, '_interval_effective_samples': 18.9, 'probability_calibration': 0.21596833113132993, 'interval_coverage': 0.08058063831353758, 'fold_stability': 0.5990402975999753, 'recent_regime': 1.0, 'data_quantity': 1.0, 'data_freshness': 1.0, 'feature_completeness': 1.0}","σ 국면 계수 x0.99 (VIX 0.93)^0.15 | 최근 가중 학습: 반감기 4년 (fold 학습구간 끝 기준) | 앙상블 가중치: NNLS 스태킹 (gru:0.14,huber:0.38,lightgbm:0.03,random_forest:0.45) | NNLS 가 제외한 모델(중복/무기여): catboost,elasticnet,extra_trees,ridge | baseline은 비교용으로만 유지하고, 최종 예측은 ML/DL 앙상블을 사용 | 채점용 OOF: cross-fitted 스태킹 7/10 fold (첫 fold 는 균등가중) — 최종 가중치는 OOF 전체 NNLS | conformal 잔차 최근 가중 (반감기 250거래일) | drift 축소(실효표본 63.0개): 중앙값 x0.86 | 라이브 보정 x0.80 (최근 20앵커 80% 적중 95%) | sigma_h 0.0984 (GARCH, 학습과 동일 추정량)",본 출력은 통계 모델의 예측 분포이며 투자 조언이 아닙니다. 실제 투자 판단과 그 결과에 대한 책임은 이용자 본인에게 있습니다.
SMR,뉴스케일파워,US,USD,15,2026-10-06T01:21:02+09:00,7.78,5.695767924476743,6.225464330865262,6.8544186586774885,7.508688935991401,8.449696073436156,-0.11896932407744365,0.4808510638297872,0.5191489361702128,5.701493956277826,8.434195743865553,5.3514048949267075,9.180914832154944,0.1504203197971302,0.6165398444644364,36.405028426525355,LOW,"gru,hist_gbm,huber,lightgbm,random_forest,xgboost",gru:0.064;hist_gbm:0.197;huber:0.089;lightgbm:0.023;random_forest:0.459;xgboost:0.167,추세=하락추세(200MA 아래);변동성=중간변동;거래량=축소/보통;위험선호=위험선호;금리=상승;GMM레짐=NORMAL,"benchmark,bond,earnings,fx,ohlcv,regime",,1,2026-10-05,2026-10-06T01:16:16+09:00,6.225464330865262,7.508688935991401,7.508688935991401,8.449696073436156,4.399843218375715,-0.10864860727815866,1.0,0.0,1.0,,0,6.653281072791906,-0.08026582242680014,0.0724112421084894,7.605,11.37,0.022548257749152686,0.5222222222222223,0.3111443640941016,0.022548257749152686,0.5222222222222223,0.3111443640941016,0.25482025871134056,-0.22103464484181679,0.48253968253968255,0.5174603174603175,0.5174603174603175,0.004761904761904745,630.0,42.0,0.9523809523809523,0.9523809523809523,0.9841269841269841,0.9841269841269841,189.0,12.6,0.08770386546422901,1.0,"{'oos_evidence': 1.0, '_effective_oos_samples': 42.0, 'baseline_improvement': 0.0, '_baseline_skill': -0.22103464484181679, 'information_coefficient': 0.03294963639137646, 'directional_accuracy': 0.0029409051193125574, '_direction_reference_accuracy': 0.5174603174603175, '_directional_edge': 0.004761904761904745, '_interval_effective_samples': 12.6, 'probability_calibration': 0.3296401592445444, 'interval_coverage': 0.0, 'fold_stability': 0.5205422108875225, 'recent_regime': 1.0, 'data_quantity': 1.0, 'data_freshness': 1.0, 'feature_completeness': 1.0, '_weak_predictive_edge_cap': 1.0, '_predictive_edge_cap': 69.0}","σ 국면 계수 x0.99 (VIX 0.93)^0.1 | 최근 가중 학습: 반감기 4년 (fold 학습구간 끝 기준) | 앙상블 가중치: NNLS 스태킹 (gru:0.06,hist_gbm:0.20,huber:0.09,lightgbm:0.02,random_forest:0.46,xgboost:0.17) | NNLS 가 제외한 모델(중복/무기여): catboost,elasticnet,extra_trees,ridge | baseline은 비교용으로만 유지하고, 최종 예측은 ML/DL 앙상블을 사용 | 채점용 OOF: cross-fitted 스태킹 7/10 fold (첫 fold 는 균등가중) — 최종 가중치는 OOF 전체 NNLS | conformal 잔차 최근 가중 (반감기 250거래일) | drift 축소(실효표본 42.0개): 중앙값 x0.81 | sigma_h 0.1504 (GARCH, 학습과 동일 추정량)",본 출력은 통계 모델의 예측 분포이며 투자 조언이 아닙니다. 실제 투자 판단과 그 결과에 대한 책임은 이용자 본인에게 있습니다.
SMR,뉴스케일파워,US,USD,20,2026-10-06T01:21:03+09:00,7.78,5.86351079542334,6.489475377802398,7.243359817818087,8.311025131900156,9.554448999329717,-0.06897688716991168,0.4906015037593985,0.5093984962406015,5.872632359118414,9.507765167001013,5.5602466000244295,10.8015443006688,0.17407359613625054,0.6178999697238715,33.030124033757424,LOW,"elasticnet,hist_gbm,huber,lightgbm",elasticnet:0.681;hist_gbm:0.163;huber:0.128;lightgbm:0.027,추세=하락추세(200MA 아래);변동성=중간변동;거래량=축소/보통;위험선호=위험선호;금리=상승;GMM레짐=NORMAL,"benchmark,bond,earnings,fx,ohlcv,regime",,1,2026-10-05,2026-10-06T01:17:28+09:00,6.489475377802398,8.311025131900156,8.311025131900156,9.554448999329717,4.399843218375715,-0.033211482491118376,1.0,0.0,1.0,,0,6.653281072791906,0.1571007400564949,0.0724112421084894,7.605,11.37,-0.1286509393675774,0.45555555555555555,0.3799485344656095,-0.1286509393675774,0.45555555555555555,0.3799485344656095,0.3006454907769904,-0.26377592919710113,0.4984126984126984,0.5015873015873016,0.5015873015873016,-0.046031746031746035,630.0,31.5,0.9735449735449735,0.9735449735449735,0.9947089947089947,0.9947089947089947,189.0,9.45,0.17211432128174203,1.0,"{'oos_evidence': 1.0, '_effective_oos_samples': 31.5, 'baseline_improvement': 0.0, '_baseline_skill': -0.26377592919710113, 'information_coefficient': 0.0, 'directional_accuracy': 0.0, '_direction_reference_accuracy': 0.5015873015873016, '_directional_edge': -0.046031746031746035, '_interval_effective_samples': 9.45, 'probability_calibration': 0.0, 'interval_coverage': 0.0, 'fold_stability': 0.5030124033757422, 'recent_regime': 1.0, 'data_quantity': 1.0, 'data_freshness': 1.0, 'feature_completeness': 1.0, '_no_predictive_edge_cap': 1.0, '_predictive_edge_cap': 44.0}","σ 국면 계수 x1.00 (VIX 0.93)^0.07 | 최근 가중 학습: 반감기 4년 (fold 학습구간 끝 기준) | 앙상블 가중치: NNLS 스태킹 (elasticnet:0.68,hist_gbm:0.16,huber:0.13,lightgbm:0.03) | NNLS 가 제외한 모델(중복/무기여): extra_trees,gru,quantile_gbm,random_forest,ridge | baseline은 비교용으로만 유지하고, 최종 예측은 ML/DL 앙상블을 사용 | 채점용 OOF: cross-fitted 스태킹 7/10 fold (첫 fold 는 균등가중) — 최종 가중치는 OOF 전체 NNLS | conformal 잔차 최근 가중 (반감기 250거래일) | drift 축소(실효표본 31.5개): 중앙값 x0.76 | sigma_h 0.1741 (GARCH, 학습과 동일 추정량)",본 출력은 통계 모델의 예측 분포이며 투자 조언이 아닙니다. 실제 투자 판단과 그 결과에 대한 책임은 이용자 본인에게 있습니다.
SMR,뉴스케일파워,US,USD,25,2026-10-06T01:21:03+09:00,7.78,5.536701884708406,6.114716963600222,6.981012930770548,7.963816520395206,9.23118899345155,-0.1026975667390041,0.4524421593830334,0.5475578406169666,5.538821013021386,9.184501052134696,5.239743343216548,11.041539775946836,0.20189787661210334,0.6410058860971553,32.00041050916081,LOW,"elasticnet,lgbm_linear,catboost,lightgbm,random_forest,hist_gbm",elasticnet:0.608;lgbm_linear:0.143;catboost:0.130;lightgbm:0.043;random_forest:0.038;hist_gbm:0.037,추세=하락추세(200MA 아래);변동성=중간변동;거래량=축소/보통;위험선호=위험선호;금리=상승;GMM레짐=NORMAL,"benchmark,bond,earnings,fx,ohlcv,regime",,1,2026-10-05,2026-10-06T01:18:41+09:00,6.114716963600222,7.963816520395206,7.963816520395206,9.23118899345155,4.399843218375715,-0.07387189123033183,1.0,0.0,1.0,,0,6.653281072791906,0.054381063444895884,0.0724112421084894,7.605,11.37,-0.03327408586284961,0.45396825396825397,0.39615266782060693,-0.03327408586284961,0.45396825396825397,0.39615266782060693,0.3449394297119466,-0.1484702347639053,0.49206349206349204,0.5079365079365079,0.5079365079365079,-0.05396825396825394,630.0,25.2,0.9365079365079365,0.9365079365079365,0.9894179894179894,0.9894179894179894,189.0,7.56,0.1699337170061543,1.0,"{'oos_evidence': 0.916515138991168, '_effective_oos_samples': 25.2, 'baseline_improvement': 0.0, '_baseline_skill': -0.1484702347639053, 'information_coefficient': 0.0, 'directional_accuracy': 0.0, '_direction_reference_accuracy': 0.5079365079365079, '_directional_edge': -0.05396825396825394, '_interval_effective_samples': 7.56, 'probability_calibration': 0.0, 'interval_coverage': 0.0, 'fold_stability': 0.5503138007319786, 'recent_regime': 0.916515138991168, 'data_quantity': 1.0, 'data_freshness': 1.0, 'feature_completeness': 1.0, '_no_predictive_edge_cap': 1.0, '_predictive_edge_cap': 44.0}","σ 국면 계수 x1.00 (VIX 0.93)^0.05 | 최근 가중 학습: 반감기 4년 (fold 학습구간 끝 기준) | 앙상블 가중치: NNLS 스태킹 (catboost:0.13,elasticnet:0.61,hist_gbm:0.04,lgbm_linear:0.14,lightgbm:0.04,random_forest:0.04) | NNLS 가 제외한 모델(중복/무기여): gru,ridge | baseline은 비교용으로만 유지하고, 최종 예측은 ML/DL 앙상블을 사용 | 채점용 OOF: cross-fitted 스태킹 7/10 fold (첫 fold 는 균등가중) — 최종 가중치는 OOF 전체 NNLS | conformal 잔차 최근 가중 (반감기 250거래일) | drift 축소(실효표본 25.2개): 중앙값 x0.72 | sigma_h 0.1949 (GARCH, 학습과 동일 추정량) | 실적 발표 11-07 예측기간 포함(추정) → 구간 ×1.04 (k=1.7)",본 출력은 통계 모델의 예측 분포이며 투자 조언이 아닙니다. 실제 투자 판단과 그 결과에 대한 책임은 이용자 본인에게 있습니다.
SMR,뉴스케일파워,US,USD,30,2026-10-06T01:21:03+09:00,7.78,4.455590626728792,4.98565442559387,5.9193579963700005,6.807577699853154,8.229327575407142,-0.23915706987532126,0.4757085020242915,0.5242914979757085,4.456804863228301,8.209877390483108,4.191729610708163,9.315983409060323,0.22008242713552398,0.6378594733673327,30.274647521623844,LOW,"elasticnet,huber,lgbm_linear,pls,xgboost",elasticnet:0.059;huber:0.073;lgbm_linear:0.426;pls:0.357;xgboost:0.085,추세=하락추세(200MA 아래);변동성=중간변동;거래량=축소/보통;위험선호=위험선호;금리=상승;GMM레짐=NORMAL,"benchmark,bond,earnings,fx,ohlcv,regime",,1,2026-10-05,2026-10-06T01:19:54+09:00,4.98565442559387,6.807577699853154,6.807577699853154,8.229327575407142,4.399843218375715,-0.23466584122384712,1.0,0.0,1.0,,0,6.653281072791906,-0.2876855610465389,0.0724112421084894,7.605,11.37,-0.0632477328105183,0.47619047619047616,0.4512571486083106,-0.0632477328105183,0.47619047619047616,0.4512571486083106,0.3865751811834306,-0.1673205383409968,0.48412698412698413,0.5158730158730159,0.5158730158730159,-0.039682539682539764,630.0,21.0,0.9735449735449735,0.9735449735449735,1.0,1.0,189.0,6.3,0.15386131651824742,1.0,"{'oos_evidence': 0.8366600265340756, '_effective_oos_samples': 21.0, 'baseline_improvement': 0.0, '_baseline_skill': -0.1673205383409968, 'information_coefficient': 0.0, 'directional_accuracy': 0.0, '_direction_reference_accuracy': 0.5158730158730159, '_directional_edge': -0.039682539682539764, '_interval_effective_samples': 6.3, 'probability_calibration': 0.0, 'interval_coverage': 0.0, 'fold_stability': 0.5214767044010483, 'recent_regime': 0.8366600265340756, 'data_quantity': 1.0, 'data_freshness': 1.0, 'feature_completeness': 1.0, '_no_predictive_edge_cap': 1.0, '_predictive_edge_cap': 44.0}","σ 국면 계수 x1.00 (VIX 0.93)^0.04 | 최근 가중 학습: 반감기 4년 (fold 학습구간 끝 기준) | 앙상블 가중치: NNLS 스태킹 (elasticnet:0.06,huber:0.07,lgbm_linear:0.43,pls:0.36,xgboost:0.09) | NNLS 가 제외한 모델(중복/무기여): extra_trees,quantile_gbm,random_forest,ridge | baseline은 비교용으로만 유지하고, 최종 예측은 ML/DL 앙상블을 사용 | 채점용 OOF: cross-fitted 스태킹 6/10 fold (첫 fold 는 균등가중) — 최종 가중치는 OOF 전체 NNLS | conformal 잔차 최근 가중 (반감기 250거래일) | drift 축소(실효표본 21.0개): 중앙값 x0.68 | sigma_h 0.2137 (GARCH, 학습과 동일 추정량) | 실적 발표 11-07 예측기간 포함(추정) → 구간 ×1.03 (k=1.7)",본 출력은 통계 모델의 예측 분포이며 투자 조언이 아닙니다. 실제 투자 판단과 그 결과에 대한 책임은 이용자 본인에게 있습니다.
LLY,일라이 릴리,US,USD,5,2026-10-06T01:31:20+09:00,1143.01,1090.3085589017244,1112.6602104673009,1144.8442751202024,1167.7910145248293,1199.1938831675282,0.001604776091374882,0.5185185185185185,0.4814814814814815,1090.8405505547569,1198.8890508823395,1070.015899762109,1219.571872512666,0.03609058738932835,0.25621775329703445,48.09626878946849,MEDIUM,"extra_trees,gru,pls,quantile_gbm,random_forest,xgboost",extra_trees:0.068;gru:0.054;pls:0.111;quantile_gbm:0.127;random_forest:0.342;xgboost:0.298,추세=상승추세(200MA 위);변동성=중간변동;거래량=축소/보통;위험선호=위험선호;금리=상승;GMM레짐=LOW_VOL,"benchmark,bond,earnings,fx,ohlcv,regime",,1,2026-10-05,2026-10-06T01:21:07+09:00,1112.6602104673009,1167.7910145248293,1167.7910145248293,1199.1938831675282,1007.1628924761192,0.0008846460556085109,1.0,0.0,1.0,,0,1112.6602104673009,0.1824184185921882,0.026575740104646552,1113.2919,1215.0,0.04500881176559372,0.5317460317460317,0.05344504151795279,0.04500881176559372,0.5317460317460317,0.05344504151795279,0.05201194224749752,-0.027553273508531984,0.553968253968254,0.553968253968254,0.553968253968254,-0.022222222222222254,630.0,126.0,0.8201058201058201,0.8201058201058201,0.9629629629629629,0.9629629629629629,189.0,37.8,0.12390375976524111,1.0,"{'oos_evidence': 1.0, '_effective_oos_samples': 126.0, 'baseline_improvement': 0.0, '_baseline_skill': -0.027553273508531984, 'information_coefficient': 0.2273947156035205, 'directional_accuracy': 0.0, '_direction_reference_accuracy': 0.553968253968254, '_directional_edge': -0.022222222222222254, '_interval_effective_samples': 37.8, 'probability_calibration': 0.17397493489839255, 'interval_coverage': 0.8324514991181661, 'fold_stability': 0.6741638869443354, 'recent_regime': 1.0, 'data_quantity': 1.0, 'data_freshness': 1.0, 'feature_completeness': 1.0}","σ 국면 계수 x0.98 (VIX 0.93)^0.23 | 최근 가중 학습: 반감기 4년 (fold 학습구간 끝 기준) | 앙상블 가중치: NNLS 스태킹 (extra_trees:0.07,gru:0.05,pls:0.11,quantile_gbm:0.13,random_forest:0.34,xgboost:0.30) | NNLS 가 제외한 모델(중복/무기여): elasticnet | 채점용 OOF: cross-fitted 스태킹 9/10 fold (첫 fold 는 균등가중) — 최종 가중치는 OOF 전체 NNLS | conformal 잔차 최근 가중 (반감기 250거래일) | drift 축소(실효표본 126.0개): 중앙값 x0.93 | 라이브 보정 x0.86 (최근 20앵커 80% 적중 91%) | sigma_h 0.0361 (GARCH, 학습과 동일 추정량)",본 출력은 통계 모델의 예측 분포이며 투자 조언이 아닙니다. 실제 투자 판단과 그 결과에 대한 책임은 이용자 본인에게 있습니다.
LLY,일라이 릴리,US,USD,10,2026-10-06T01:31:20+09:00,1143.01,1081.4080445797608,1122.6260639649458,1156.043012043296,1194.6557607200339,1231.8853111969831,0.011402360472170692,0.5655430711610486,0.4344569288389514,1082.6909394982576,1231.759256526256,1050.4647276591375,1252.6320406431535,0.049781184742690526,0.24989956408630304,39.91209888954182,LOW,"catboost,gru,lightgbm,pls,xgboost,quantile_gbm",catboost:0.225;gru:0.216;lightgbm:0.202;pls:0.149;xgboost:0.112;quantile_gbm:0.096,추세=상승추세(200MA 위);변동성=중간변동;거래량=축소/보통;위험선호=위험선호;금리=상승;GMM레짐=LOW_VOL,"benchmark,bond,earnings,fx,ohlcv,regime",,1,2026-10-05,2026-10-06T01:22:47+09:00,1122.6260639649458,1194.6557607200339,1194.6557607200339,1231.8853111969831,960.7519798179277,0.015983783784295536,1.0,0.0,1.0,,0,1122.6260639649458,0.2833661896932752,0.026575740104646552,1113.2919,1215.0,0.06443877589584684,0.5428571428571428,0.07591389576004869,0.06443877589584684,0.5428571428571428,0.07591389576004869,0.0715025868546427,-0.0616943959576417,0.5333333333333333,0.5333333333333333,0.5333333333333333,0.00952380952380949,630.0,63.0,0.9417989417989417,0.9417989417989417,0.9788359788359788,0.9788359788359788,189.0,18.9,0.1234632730610419,1.0,"{'oos_evidence': 1.0, '_effective_oos_samples': 63.0, 'baseline_improvement': 0.0, '_baseline_skill': -0.0616943959576417, 'information_coefficient': 0.2557334637147512, 'directional_accuracy': 0.01443075063646005, '_direction_reference_accuracy': 0.5333333333333333, '_directional_edge': 0.00952380952380949, '_interval_effective_samples': 18.9, 'probability_calibration': 0.17197764627584194, 'interval_coverage': 0.0, 'fold_stability': 0.6271373292261538, 'recent_regime': 1.0, 'data_quantity': 1.0, 'data_freshness': 1.0, 'feature_completeness': 1.0}","σ 국면 계수 x0.99 (VIX 0.93)^0.15 | 최근 가중 학습: 반감기 4년 (fold 학습구간 끝 기준) | 앙상블 가중치: NNLS 스태킹 (catboost:0.22,gru:0.22,lightgbm:0.20,pls:0.15,quantile_gbm:0.10,xgboost:0.11) | NNLS 가 제외한 모델(중복/무기여): elasticnet,extra_trees,ridge | 채점용 OOF: cross-fitted 스태킹 9/10 fold (첫 fold 는 균등가중) — 최종 가중치는 OOF 전체 NNLS | conformal 잔차 최근 가중 (반감기 250거래일) | drift 축소(실효표본 63.0개): 중앙값 x0.86 | 라이브 보정 x0.80 (최근 20앵커 80% 적중 95%) | sigma_h 0.0498 (GARCH, 학습과 동일 추정량)",본 출력은 통계 모델의 예측 분포이며 투자 조언이 아닙니다. 실제 투자 판단과 그 결과에 대한 책임은 이용자 본인에게 있습니다.
LLY,일라이 릴리,US,USD,15,2026-10-06T01:31:20+09:00,1143.01,1032.2035736403718,1106.347413425325,1169.8681841327555,1235.0917774273103,1296.8294999362504,0.02349776828965222,0.568019093078759,0.431980906921241,1032.4931619184642,1295.5791224844877,992.3688742748911,1333.3671943843945,0.09058592582163992,0.371291808793285,37.42870565809334,LOW,"hist_gbm,huber,lgbm_linear,lightgbm,pls",hist_gbm:0.108;huber:0.043;lgbm_linear:0.123;lightgbm:0.286;pls:0.440,추세=상승추세(200MA 위);변동성=중간변동;거래량=축소/보통;위험선호=위험선호;금리=상승;GMM레짐=LOW_VOL,"benchmark,bond,earnings,fx,ohlcv,regime",,1,2026-10-05,2026-10-06T01:24:30+09:00,1106.347413425325,1235.0917774273103,1235.0917774273103,1296.8294999362504,960.7519798179277,0.02275861427725652,1.0,0.0,1.0,,0,1106.347413425325,0.5052275742670875,0.026575740104646552,1113.2919,1215.0,0.0022204281549858137,0.5714285714285714,0.08940339826380654,0.0022204281549858137,0.5714285714285714,0.08940339826380654,0.08310522554124736,-0.07578551988205873,0.5349206349206349,0.5349206349206349,0.5349206349206349,0.03650793650793649,630.0,42.0,0.9312169312169312,0.9312169312169312,0.9947089947089947,0.9947089947089947,189.0,12.6,0.11804160349204126,1.0,"{'oos_evidence': 1.0, '_effective_oos_samples': 42.0, 'baseline_improvement': 0.0, '_baseline_skill': -0.07578551988205873, 'information_coefficient': 0.00031952003586862784, 'directional_accuracy': 0.17317731709651707, '_direction_reference_accuracy': 0.5349206349206349, '_directional_edge': 0.03650793650793649, '_interval_effective_samples': 12.6, 'probability_calibration': 0.1691079389209077, 'interval_coverage': 0.0, 'fold_stability': 0.5992602020993978, 'recent_regime': 1.0, 'data_quantity': 1.0, 'data_freshness': 1.0, 'feature_completeness': 1.0}","σ 국면 계수 x0.99 (VIX 0.93)^0.1 | 최근 가중 학습: 반감기 4년 (fold 학습구간 끝 기준) | 앙상블 가중치: NNLS 스태킹 (hist_gbm:0.11,huber:0.04,lgbm_linear:0.12,lightgbm:0.29,pls:0.44) | NNLS 가 제외한 모델(중복/무기여): ridge | 채점용 OOF: cross-fitted 스태킹 9/10 fold (첫 fold 는 균등가중) — 최종 가중치는 OOF 전체 NNLS | conformal 잔차 최근 가중 (반감기 250거래일) | drift 축소(실효표본 42.0개): 중앙값 x0.81 | sigma_h 0.0782 (GARCH, 학습과 동일 추정량) | 실적 발표 10-25 예측기간 포함(추정) → 구간 ×1.16 (k=2.5)",본 출력은 통계 모델의 예측 분포이며 투자 조언이 아닙니다. 실제 투자 판단과 그 결과에 대한 책임은 이용자 본인에게 있습니다.
LLY,일라이 릴리,US,USD,20,2026-10-06T01:31:20+09:00,1143.01,1044.1060729258202,1108.546496305376,1186.8870252816528,1256.866672720977,1325.2506338698022,0.038387262825043234,0.5602409638554217,0.43975903614457834,1044.4258041224093,1324.6083582717774,1001.0684579098736,1366.732478755591,0.10339111119593508,0.36700203761908556,38.51700931228624,LOW,"catboost,elasticnet,gru,lgbm_linear,lightgbm,pls",catboost:0.114;elasticnet:0.230;gru:0.057;lgbm_linear:0.187;lightgbm:0.346;pls:0.066,추세=상승추세(200MA 위);변동성=중간변동;거래량=축소/보통;위험선호=위험선호;금리=상승;GMM레짐=LOW_VOL,"benchmark,bond,earnings,fx,ohlcv,regime",,1,2026-10-05,2026-10-06T01:26:15+09:00,1108.546496305376,1256.866672720977,1256.866672720977,1325.2506338698022,960.7519798179277,0.03569942766645122,1.0,0.0,1.0,,0,1108.546496305376,0.6247004801612372,0.026575740104646552,1113.2919,1215.0,0.04620019078861254,0.5380952380952381,0.09816042392433981,0.04620019078861254,0.5380952380952381,0.09816042392433981,0.0913053830713822,-0.07507816759936681,0.5396825396825397,0.5396825396825397,0.5396825396825397,-0.0015873015873015817,630.0,31.5,0.9365079365079365,0.9365079365079365,0.9947089947089947,0.9947089947089947,189.0,9.45,0.08773110323355367,1.0,"{'oos_evidence': 1.0, '_effective_oos_samples': 31.5, 'baseline_improvement': 0.0, '_baseline_skill': -0.07507816759936681, 'information_coefficient': 0.11979613730918082, 'directional_accuracy': 0.0, '_direction_reference_accuracy': 0.5396825396825397, '_directional_edge': -0.0015873015873015817, '_interval_effective_samples': 9.45, 'probability_calibration': 0.28535193287363125, 'interval_coverage': 0.0, 'fold_stability': 0.6317455652350296, 'recent_regime': 1.0, 'data_quantity': 1.0, 'data_freshness': 1.0, 'feature_completeness': 1.0}","σ 국면 계수 x1.00 (VIX 0.93)^0.07 | 최근 가중 학습: 반감기 4년 (fold 학습구간 끝 기준) | 앙상블 가중치: NNLS 스태킹 (catboost:0.11,elasticnet:0.23,gru:0.06,lgbm_linear:0.19,lightgbm:0.35,pls:0.07) | NNLS 가 제외한 모델(중복/무기여): ridge | 채점용 OOF: cross-fitted 스태킹 9/10 fold (첫 fold 는 균등가중) — 최종 가중치는 OOF 전체 NNLS | conformal 잔차 최근 가중 (반감기 250거래일) | drift 축소(실효표본 31.5개): 중앙값 x0.76 | sigma_h 0.0923 (GARCH, 학습과 동일 추정량) | 실적 발표 10-25 예측기간 포함(추정) → 구간 ×1.12 (k=2.5)",본 출력은 통계 모델의 예측 분포이며 투자 조언이 아닙니다. 실제 투자 판단과 그 결과에 대한 책임은 이용자 본인에게 있습니다.
LLY,일라이 릴리,US,USD,25,2026-10-06T01:31:20+09:00,1143.01,1052.8590836388644,1130.6989852842414,1204.686218886481,1300.377411829707,1377.2000019345783,0.05395947444596372,0.734375,0.265625,1053.1091863379972,1375.76294667119,1015.1411808730104,1430.722338130157,0.11494621432051663,0.364942916688502,38.67377520466218,LOW,"elasticnet,gru,lightgbm,pls,ridge,xgboost",elasticnet:0.051;gru:0.493;lightgbm:0.036;pls:0.265;ridge:0.052;xgboost:0.104,추세=상승추세(200MA 위);변동성=중간변동;거래량=축소/보통;위험선호=위험선호;금리=상승;GMM레짐=LOW_VOL,"benchmark,bond,earnings,fx,ohlcv,regime",,1,2026-10-05,2026-10-06T01:27:58+09:00,1130.6989852842414,1300.377411829707,1300.377411829707,1377.2000019345783,960.7519798179277,0.05166877956666077,1.0,0.0,1.0,,0,1130.6989852842414,0.8634320271475565,0.026575740104646552,1113.2919,1215.0,0.08834957292121458,0.473015873015873,0.10602066015154411,0.08834957292121458,0.473015873015873,0.10602066015154411,0.09932274680457742,-0.067435844884004,0.526984126984127,0.526984126984127,0.526984126984127,-0.053968253968254,630.0,25.2,0.9417989417989417,0.9417989417989417,0.9947089947089947,0.9947089947089947,189.0,7.56,0.08340433960086795,1.0,"{'oos_evidence': 0.916515138991168, '_effective_oos_samples': 25.2, 'baseline_improvement': 0.0, '_baseline_skill': -0.067435844884004, 'information_coefficient': 0.2217556680736129, 'directional_accuracy': 0.0, '_direction_reference_accuracy': 0.526984126984127, '_directional_edge': -0.053968253968254, '_interval_effective_samples': 7.56, 'probability_calibration': 0.2729609813345886, 'interval_coverage': 0.0, 'fold_stability': 0.6444724162966639, 'recent_regime': 0.916515138991168, 'data_quantity': 1.0, 'data_freshness': 1.0, 'feature_completeness': 1.0}","σ 국면 계수 x1.00 (VIX 0.93)^0.05 | 최근 가중 학습: 반감기 4년 (fold 학습구간 끝 기준) | 앙상블 가중치: NNLS 스태킹 (elasticnet:0.05,gru:0.49,lightgbm:0.04,pls:0.26,ridge:0.05,xgboost:0.10) | NNLS 가 제외한 모델(중복/무기여): random_forest | 채점용 OOF: cross-fitted 스태킹 9/10 fold (첫 fold 는 균등가중) — 최종 가중치는 OOF 전체 NNLS | conformal 잔차 최근 가중 (반감기 250거래일) | drift 축소(실효표본 25.2개): 중앙값 x0.72 | sigma_h 0.1047 (GARCH, 학습과 동일 추정량) | 실적 발표 10-25 예측기간 포함(추정) → 구간 ×1.10 (k=2.5)",본 출력은 통계 모델의 예측 분포이며 투자 조언이 아닙니다. 실제 투자 판단과 그 결과에 대한 책임은 이용자 본인에게 있습니다.
LLY,일라이 릴리,US,USD,30,2026-10-06T01:31:20+09:00,1143.01,1075.5466491701363,1168.9147027013562,1257.6884337916106,1344.516309138002,1470.0281813890595,0.10033021040201806,0.98,0.020000000000000018,1076.6904871095128,1466.7033127592833,1039.777795286093,1579.573811381409,0.1254822664135757,0.3636821595129678,37.497882393059115,LOW,"elasticnet,gru,lightgbm,xgboost",elasticnet:0.066;gru:0.793;lightgbm:0.117;xgboost:0.024,추세=상승추세(200MA 위);변동성=중간변동;거래량=축소/보통;위험선호=위험선호;금리=상승;GMM레짐=LOW_VOL,"benchmark,bond,earnings,fx,ohlcv,regime",,1,2026-10-05,2026-10-06T01:29:39+09:00,1168.9147027013562,1344.516309138002,1344.516309138002,1470.0281813890595,960.7519798179277,0.09066226961633309,1.0,0.0,1.0,,0,1168.9147027013562,1.105610106686669,0.026575740104646552,1113.2919,1215.0,0.1182130418449986,0.5365079365079365,0.11618079710773883,0.1182130418449986,0.5365079365079365,0.11618079710773883,0.10679820312801323,-0.08785348165904239,0.5412698412698412,0.5412698412698412,0.5412698412698412,-0.004761904761904745,630.0,21.0,0.9682539682539683,0.9682539682539683,1.0,1.0,189.0,6.3,0.08251259801770519,1.0,"{'oos_evidence': 0.8366600265340756, '_effective_oos_samples': 21.0, 'baseline_improvement': 0.0, '_baseline_skill': -0.08785348165904239, 'information_coefficient': 0.2708601061928441, 'directional_accuracy': 0.0, '_direction_reference_accuracy': 0.5412698412698412, '_directional_edge': -0.004761904761904745, '_interval_effective_samples': 6.3, 'probability_calibration': 0.2525147361412357, 'interval_coverage': 0.0, 'fold_stability': 0.6084122327230362, 'recent_regime': 0.8366600265340756, 'data_quantity': 1.0, 'data_freshness': 1.0, 'feature_completeness': 1.0}","σ 국면 계수 x1.00 (VIX 0.93)^0.04 | 최근 가중 학습: 반감기 4년 (fold 학습구간 끝 기준) | 앙상블 가중치: NNLS 스태킹 (elasticnet:0.07,gru:0.79,lightgbm:0.12,xgboost:0.02) | NNLS 가 제외한 모델(중복/무기여): pls,ridge | 채점용 OOF: cross-fitted 스태킹 9/10 fold (첫 fold 는 균등가중) — 최종 가중치는 OOF 전체 NNLS | conformal 잔차 최근 가중 (반감기 250거래일) | drift 축소(실효표본 21.0개): 중앙값 x0.68 | sigma_h 0.1160 (GARCH, 학습과 동일 추정량) | 실적 발표 10-25 예측기간 포함(추정) → 구간 ×1.08 (k=2.5)",본 출력은 통계 모델의 예측 분포이며 투자 조언이 아닙니다. 실제 투자 판단과 그 결과에 대한 책임은 이용자 본인에게 있습니다.
NVO,노보노디스크(ADR),US,USD,5,2026-10-06T01:42:10+09:00,36.9,34.24918083301645,35.60234105290989,36.77602063322768,38.05380375990388,39.22026791741813,-0.003359874438274235,0.4698205546492659,0.530179445350734,34.27505965410165,39.19984089193316,33.02472757121096,40.063708639235415,0.04340413306521561,0.30813877695610514,30.366100211359658,LOW,"catboost,elasticnet,hist_gbm,huber,pls,quantile_gbm",catboost:0.293;elasticnet:0.149;hist_gbm:0.022;huber:0.233;pls:0.257;quantile_gbm:0.046,추세=하락추세(200MA 아래);변동성=고변동;거래량=확대;위험선호=위험선호;금리=상승;GMM레짐=HIGH_VOL,"benchmark,bond,fx,ohlcv,regime",earnings,1,2026-10-05,2026-10-06T01:31:24+09:00,35.60234105290989,38.05380375990388,38.05380375990388,39.22026791741813,32.02260802231612,0.0012600549701331071,1.0,0.0,1.0,,0,35.60234105290989,0.23656162251937474,0.029556043401120037,36.45,45.91,-0.08297889405346476,0.46190476190476193,0.07348825019563637,-0.08297889405346476,0.46190476190476193,0.07348825019563637,0.0696527302409735,-0.05506632606350603,0.5317460317460317,0.526984126984127,0.5317460317460317,-0.06984126984126982,630.0,126.0,0.7354497354497355,0.7354497354497355,0.798941798941799,0.798941798941799,189.0,37.8,0.17464920742933518,1.0,"{'oos_evidence': 1.0, '_effective_oos_samples': 126.0, 'baseline_improvement': 0.0, '_baseline_skill': -0.05506632606350603, 'information_coefficient': 0.0, 'directional_accuracy': 0.0, '_direction_reference_accuracy': 0.5317460317460317, '_directional_edge': -0.06984126984126982, '_interval_effective_samples': 37.8, 'probability_calibration': 0.0, 'interval_coverage': 0.46208112874779517, 'fold_stability': 0.5745288923881705, 'recent_regime': 0.0, 'data_quantity': 1.0, 'data_freshness': 1.0, 'feature_completeness': 1.0, '_no_predictive_edge_cap': 1.0, '_predictive_edge_cap': 44.0}","σ 국면 계수 x0.98 (VIX 0.93)^0.23 | 최근 가중 학습: 반감기 4년 (fold 학습구간 끝 기준) | 앙상블 가중치: NNLS 스태킹 (catboost:0.29,elasticnet:0.15,hist_gbm:0.02,huber:0.23,pls:0.26,quantile_gbm:0.05) | NNLS 가 제외한 모델(중복/무기여): extra_trees,gru,random_forest,ridge | baseline은 비교용으로만 유지하고, 최종 예측은 ML/DL 앙상블을 사용 | 채점용 OOF: cross-fitted 스태킹 7/10 fold (첫 fold 는 균등가중) — 최종 가중치는 OOF 전체 NNLS | conformal 잔차 최근 가중 (반감기 250거래일) | drift 축소(실효표본 126.0개): 중앙값 x0.93 | 라이브 보정 x0.86 (최근 20앵커 80% 적중 91%) | sigma_h 0.0434 (GARCH, 학습과 동일 추정량)",본 출력은 통계 모델의 예측 분포이며 투자 조언이 아닙니다. 실제 투자 판단과 그 결과에 대한 책임은 이용자 본인에게 있습니다.
NVO,노보노디스크(ADR),US,USD,10,2026-10-06T01:42:10+09:00,36.9,33.22466911804041,35.16939056321553,37.122693127302654,38.72150514022379,40.928792824858945,0.006035044100342946,0.455026455026455,0.544973544973545,33.23976377637427,40.82584079588502,32.23620432954128,42.842067533037216,0.05715838415574107,0.28693281122632325,25.685459650693875,LOW,"elasticnet,huber,xgboost",elasticnet:0.181;huber:0.776;xgboost:0.044,추세=하락추세(200MA 아래);변동성=고변동;거래량=확대;위험선호=위험선호;금리=상승;GMM레짐=HIGH_VOL,"benchmark,bond,fx,ohlcv,regime",earnings,1,2026-10-05,2026-10-06T01:33:12+09:00,35.16939056321553,38.72150514022379,38.72150514022379,40.928792824858945,30.356291990992023,0.009575800822670198,1.0,0.0,1.0,,0,35.16939056321553,0.2783597828198223,0.029556043401120037,36.45,45.91,-0.09042542789163467,0.46984126984126984,0.10431196213218279,-0.09042542789163467,0.46984126984126984,0.10431196213218279,0.09526864382247181,-0.09492439429034727,0.5476190476190477,0.5476190476190477,0.5476190476190477,-0.07777777777777783,630.0,63.0,0.6402116402116402,0.6402116402116402,0.7883597883597884,0.7883597883597884,189.0,18.9,0.29355781696009087,1.0,"{'oos_evidence': 1.0, '_effective_oos_samples': 63.0, 'baseline_improvement': 0.0, '_baseline_skill': -0.09492439429034727, 'information_coefficient': 0.0, 'directional_accuracy': 0.0, '_direction_reference_accuracy': 0.5476190476190477, '_directional_edge': -0.07777777777777783, '_interval_effective_samples': 18.9, 'probability_calibration': 0.0, 'interval_coverage': 0.0, 'fold_stability': 0.5685459650693873, 'recent_regime': 0.0, 'data_quantity': 1.0, 'data_freshness': 1.0, 'feature_completeness': 1.0, '_no_predictive_edge_cap': 1.0, '_predictive_edge_cap': 44.0}","σ 국면 계수 x0.99 (VIX 0.93)^0.15 | 최근 가중 학습: 반감기 4년 (fold 학습구간 끝 기준) | 앙상블 가중치: NNLS 스태킹 (elasticnet:0.18,huber:0.78,xgboost:0.04) | NNLS 가 제외한 모델(중복/무기여): extra_trees,gru,pls,ridge | baseline은 비교용으로만 유지하고, 최종 예측은 ML/DL 앙상블을 사용 | 채점용 OOF: cross-fitted 스태킹 8/10 fold (첫 fold 는 균등가중) — 최종 가중치는 OOF 전체 NNLS | conformal 잔차 최근 가중 (반감기 250거래일) | drift 축소(실효표본 63.0개): 중앙값 x0.86 | 라이브 보정 x0.80 (최근 20앵커 80% 적중 95%) | sigma_h 0.0572 (GARCH, 학습과 동일 추정량)",본 출력은 통계 모델의 예측 분포이며 투자 조언이 아닙니다. 실제 투자 판단과 그 결과에 대한 책임은 이용자 본인에게 있습니다.
NVO,노보노디스크(ADR),US,USD,15,2026-10-06T01:42:10+09:00,36.9,31.758396739330298,34.936511963748146,38.40411729182025,44.28693138496495,53.83743990433362,0.04076198622819116,0.45274725274725275,0.5472527472527473,31.778584381342558,53.6600785558632,30.09384169455285,59.60601923014958,0.08700562694653519,0.3566169502730375,25.677816203410682,LOW,"huber,lightgbm,random_forest",huber:0.919;lightgbm:0.060;random_forest:0.021,추세=하락추세(200MA 아래);변동성=고변동;거래량=확대;위험선호=위험선호;금리=상승;GMM레짐=HIGH_VOL,"benchmark,bond,fx,ohlcv,regime",earnings,1,2026-10-05,2026-10-06T01:34:55+09:00,34.936511963748146,44.28693138496495,44.28693138496495,53.83743990433362,30.356291990992023,0.04464123233540788,1.0,0.0,1.0,,0,34.936511963748146,1.128860177562356,0.029556043401120037,36.45,45.91,-0.006795323603378046,0.4777777777777778,0.12885770205766803,-0.006795323603378046,0.4777777777777778,0.12885770205766803,0.11766333485588029,-0.09513895909459924,0.5634920634920635,0.5619047619047619,0.5634920634920635,-0.08571428571428569,630.0,42.0,0.6349206349206349,0.5555555555555556,0.7301587301587301,0.6084656084656085,189.0,12.6,0.2879856129662813,1.9,"{'oos_evidence': 1.0, '_effective_oos_samples': 42.0, 'baseline_improvement': 0.0, '_baseline_skill': -0.09513895909459924, 'information_coefficient': 0.0, 'directional_accuracy': 0.0, '_direction_reference_accuracy': 0.5634920634920635, '_directional_edge': -0.08571428571428569, '_interval_effective_samples': 12.6, 'probability_calibration': 0.0, 'interval_coverage': 0.0, 'fold_stability': 0.567781620341068, 'recent_regime': 0.0, 'data_quantity': 1.0, 'data_freshness': 1.0, 'feature_completeness': 1.0, '_no_predictive_edge_cap': 1.0, '_predictive_edge_cap': 44.0}","σ 국면 계수 x0.99 (VIX 0.93)^0.1 | 최근 가중 학습: 반감기 4년 (fold 학습구간 끝 기준) | 앙상블 가중치: NNLS 스태킹 (huber:0.92,lightgbm:0.06,random_forest:0.02) | NNLS 가 제외한 모델(중복/무기여): elasticnet,extra_trees,gru,pls,ridge | baseline은 비교용으로만 유지하고, 최종 예측은 ML/DL 앙상블을 사용 | 채점용 OOF: cross-fitted 스태킹 6/10 fold (첫 fold 는 균등가중) — 최종 가중치는 OOF 전체 NNLS | 꼬리 이탈 보정(보정 전 80% 커버리지 56%) -> 상단 x1.90 / 하단 x1.00 | conformal 잔차 최근 가중 (반감기 250거래일) | drift 축소(실효표본 42.0개): 중앙값 x0.81 | sigma_h 0.0870 (GARCH, 학습과 동일 추정량)",본 출력은 통계 모델의 예측 분포이며 투자 조언이 아닙니다. 실제 투자 판단과 그 결과에 대한 책임은 이용자 본인에게 있습니다.
NVO,노보노디스크(ADR),US,USD,20,2026-10-06T01:42:10+09:00,36.9,29.543000095764732,33.32945220019536,36.94870322275166,43.79265447333109,55.832465087674834,0.0013198705352754914,0.4080267558528428,0.5919732441471572,29.65549337743734,55.761952864938934,27.411245439758307,60.85448763947187,0.10027936183130692,0.3559564231153957,27.185482089620734,LOW,"extra_trees,hist_gbm,huber",extra_trees:0.026;hist_gbm:0.036;huber:0.938,추세=하락추세(200MA 아래);변동성=고변동;거래량=확대;위험선호=위험선호;금리=상승;GMM레짐=HIGH_VOL,"benchmark,bond,fx,ohlcv,regime",earnings,1,2026-10-05,2026-10-06T01:36:40+09:00,33.32945220019536,43.79265447333109,43.79265447333109,55.832465087674834,29.543000095764732,0.011506556681639343,1.0,0.0,1.0,,0,34.71876399699734,0.9368838606839099,0.029556043401120037,36.45,45.91,0.042707639099591486,0.4857142857142857,0.15462846554485632,0.042707639099591486,0.4857142857142857,0.15462846554485632,0.13466836666513549,-0.1482166849870048,0.48095238095238096,0.580952380952381,0.580952380952381,-0.09523809523809529,630.0,31.5,0.5978835978835979,0.5238095238095238,0.6349206349206349,0.544973544973545,189.0,9.45,0.3214998590039733,1.75,"{'oos_evidence': 1.0, '_effective_oos_samples': 31.5, 'baseline_improvement': 0.0, '_baseline_skill': -0.1482166849870048, 'information_coefficient': 0.10236851541264377, 'directional_accuracy': 0.0, '_direction_reference_accuracy': 0.580952380952381, '_directional_edge': -0.09523809523809529, '_interval_effective_samples': 9.45, 'probability_calibration': 0.0, 'interval_coverage': 0.0, 'fold_stability': 0.5547585843018431, 'recent_regime': 0.0, 'data_quantity': 1.0, 'data_freshness': 1.0, 'feature_completeness': 1.0}","σ 국면 계수 x1.00 (VIX 0.93)^0.07 | 최근 가중 학습: 반감기 4년 (fold 학습구간 끝 기준) | 앙상블 가중치: NNLS 스태킹 (extra_trees:0.03,hist_gbm:0.04,huber:0.94) | NNLS 가 제외한 모델(중복/무기여): elasticnet,gru,pls,random_forest,ridge | baseline은 비교용으로만 유지하고, 최종 예측은 ML/DL 앙상블을 사용 | 채점용 OOF: cross-fitted 스태킹 9/10 fold (첫 fold 는 균등가중) — 최종 가중치는 OOF 전체 NNLS | 꼬리 이탈 보정(보정 전 80% 커버리지 52%) -> 상단 x1.75 / 하단 x1.00 | conformal 잔차 최근 가중 (반감기 250거래일) | drift 축소(실효표본 31.5개): 중앙값 x0.76 | sigma_h 0.1003 (GARCH, 학습과 동일 추정량)",본 출력은 통계 모델의 예측 분포이며 투자 조언이 아닙니다. 실제 투자 판단과 그 결과에 대한 책임은 이용자 본인에게 있습니다.
NVO,노보노디스크(ADR),US,USD,25,2026-10-06T01:42:10+09:00,36.9,29.108614695219334,32.95750080135398,37.26763822900257,43.41793003703539,52.33858505819796,0.0099630956369261,0.43396226415094347,0.5660377358490565,29.15510561204043,52.2571427340857,27.006370093396836,55.86217966813319,0.11188932037511548,0.35523757929190536,25.0309855970649,LOW,"catboost,gru,hist_gbm,huber,lightgbm",catboost:0.028;gru:0.042;hist_gbm:0.032;huber:0.855;lightgbm:0.043,추세=하락추세(200MA 아래);변동성=고변동;거래량=확대;위험선호=위험선호;금리=상승;GMM레짐=HIGH_VOL,"benchmark,bond,fx,ohlcv,regime",earnings,1,2026-10-05,2026-10-06T01:38:27+09:00,32.95750080135398,43.41793003703539,43.41793003703539,52.33858505819796,29.108614695219334,0.007309716694458812,1.0,0.0,1.0,,0,34.71876399699734,0.8365559887066678,0.029556043401120037,36.45,45.91,0.02254888163343463,0.4714285714285714,0.16868989883753127,0.02254888163343463,0.4714285714285714,0.16868989883753127,0.14708685981677475,-0.14687266454438763,0.5825396825396826,0.6015873015873016,0.6015873015873016,-0.13015873015873014,630.0,25.2,0.5502645502645502,0.48148148148148145,0.6507936507936508,0.544973544973545,189.0,7.56,0.3418306831856926,1.4,"{'oos_evidence': 0.916515138991168, '_effective_oos_samples': 25.2, 'baseline_improvement': 0.0, '_baseline_skill': -0.14687266454438763, 'information_coefficient': 0.02552409098716917, 'directional_accuracy': 0.0, '_direction_reference_accuracy': 0.6015873015873016, '_directional_edge': -0.13015873015873014, '_interval_effective_samples': 7.56, 'probability_calibration': 0.0, 'interval_coverage': 0.0, 'fold_stability': 0.5457448751358511, 'recent_regime': 0.0, 'data_quantity': 1.0, 'data_freshness': 1.0, 'feature_completeness': 1.0, '_weak_predictive_edge_cap': 1.0, '_predictive_edge_cap': 69.0}","σ 국면 계수 x1.00 (VIX 0.93)^0.05 | 최근 가중 학습: 반감기 4년 (fold 학습구간 끝 기준) | 앙상블 가중치: NNLS 스태킹 (catboost:0.03,gru:0.04,hist_gbm:0.03,huber:0.85,lightgbm:0.04) | NNLS 가 제외한 모델(중복/무기여): elasticnet,extra_trees,pls,random_forest,ridge | baseline은 비교용으로만 유지하고, 최종 예측은 ML/DL 앙상블을 사용 | 채점용 OOF: cross-fitted 스태킹 9/10 fold (첫 fold 는 균등가중) — 최종 가중치는 OOF 전체 NNLS | 꼬리 이탈 보정(보정 전 80% 커버리지 48%) -> 상단 x1.40 / 하단 x1.00 | conformal 잔차 최근 가중 (반감기 250거래일) | drift 축소(실효표본 25.2개): 중앙값 x0.72 | sigma_h 0.1119 (GARCH, 학습과 동일 추정량)",본 출력은 통계 모델의 예측 분포이며 투자 조언이 아닙니다. 실제 투자 판단과 그 결과에 대한 책임은 이용자 본인에게 있습니다.
NVO,노보노디스크(ADR),US,USD,30,2026-10-06T01:42:10+09:00,36.9,28.52203187025375,32.9570246615984,38.0783630432945,44.53765741089516,51.15605946466238,0.03193395781285924,0.3856332703213611,0.6143667296786389,28.543255006966266,50.931759219072724,26.551847168686272,53.56714333635826,0.12229040769438082,0.35443127406887526,24.76123258529918,LOW,"huber,lgbm_linear,gru,hist_gbm,extra_trees,elasticnet",huber:0.478;lgbm_linear:0.175;gru:0.131;hist_gbm:0.105;extra_trees:0.077;elasticnet:0.033,추세=하락추세(200MA 아래);변동성=고변동;거래량=확대;위험선호=위험선호;금리=상승;GMM레짐=HIGH_VOL,"benchmark,bond,fx,ohlcv,regime",earnings,1,2026-10-05,2026-10-06T01:40:19+09:00,32.9570246615984,44.53765741089516,44.53765741089516,51.15605946466238,28.52203187025375,0.014589010284898767,1.0,0.0,1.0,,0,34.71876399699734,0.9116360067994775,0.029556043401120037,36.45,45.91,0.035913634739028616,0.45555555555555555,0.17710700769825477,0.035913634739028616,0.45555555555555555,0.17710700769825477,0.16510397352752978,-0.07269985036867443,0.5936507936507937,0.6063492063492063,0.6063492063492063,-0.15079365079365076,630.0,21.0,0.49206349206349204,0.43386243386243384,0.6825396825396826,0.5238095238095238,189.0,6.3,0.3089935896604668,1.45,"{'oos_evidence': 0.8366600265340756, '_effective_oos_samples': 21.0, 'baseline_improvement': 0.0, '_baseline_skill': -0.07269985036867443, 'information_coefficient': 0.05910556457005045, 'directional_accuracy': 0.0, '_direction_reference_accuracy': 0.6063492063492063, '_directional_edge': -0.15079365079365076, '_interval_effective_samples': 6.3, 'probability_calibration': 0.0, 'interval_coverage': 0.0, 'fold_stability': 0.5448943286837613, 'recent_regime': 0.0, 'data_quantity': 1.0, 'data_freshness': 1.0, 'feature_completeness': 1.0}","σ 국면 계수 x1.00 (VIX 0.93)^0.04 | 최근 가중 학습: 반감기 4년 (fold 학습구간 끝 기준) | 앙상블 가중치: NNLS 스태킹 (elasticnet:0.03,extra_trees:0.08,gru:0.13,hist_gbm:0.11,huber:0.48,lgbm_linear:0.17) | NNLS 가 제외한 모델(중복/무기여): pls,ridge | baseline은 비교용으로만 유지하고, 최종 예측은 ML/DL 앙상블을 사용 | 채점용 OOF: cross-fitted 스태킹 8/10 fold (첫 fold 는 균등가중) — 최종 가중치는 OOF 전체 NNLS | 꼬리 이탈 보정(보정 전 80% 커버리지 43%) -> 상단 x1.45 / 하단 x1.00 | conformal 잔차 최근 가중 (반감기 250거래일) | drift 축소(실효표본 21.0개): 중앙값 x0.68 | sigma_h 0.1223 (GARCH, 학습과 동일 추정량)",본 출력은 통계 모델의 예측 분포이며 투자 조언이 아닙니다. 실제 투자 판단과 그 결과에 대한 책임은 이용자 본인에게 있습니다.
PFE,화이자,US,USD,5,2026-10-06T01:52:33+09:00,27.7463,27.024464591140347,27.414592823385124,27.827595738132022,28.200940232214247,28.570994522854374,0.002929966811143103,0.523809523809524,0.47619047619047605,27.028960218072296,28.56654568378958,26.800703253547187,28.816410468573398,0.024707929794526944,0.17540890072757462,42.78662597089091,LOW,"elasticnet,gru,pls",elasticnet:0.686;gru:0.227;pls:0.087,추세=상승추세(200MA 위);변동성=저변동;거래량=축소/보통;위험선호=위험선호;금리=상승;GMM레짐=LOW_VOL,"benchmark,bond,earnings,fx,ohlcv,regime",,1,2026-10-05,2026-10-06T01:42:14+09:00,27.414592823385124,28.200940232214247,28.200940232214247,28.570994522854374,25.517614474067774,-0.00033656993758967245,1.0,0.0,1.0,,0,27.414592823385124,0.20399478837377735,0.017960925732275403,27.245,28.945,-0.06498814559591169,0.49047619047619045,0.033276471993648096,-0.06498814559591169,0.49047619047619045,0.033276471993648096,0.03256939900572269,-0.021709733968415135,0.4857142857142857,0.5142857142857142,0.5142857142857142,-0.02380952380952378,630.0,126.0,0.8465608465608465,0.8465608465608465,0.9523809523809523,0.9523809523809523,189.0,37.8,0.11858580791011016,1.0,"{'oos_evidence': 1.0, '_effective_oos_samples': 126.0, 'baseline_improvement': 0.0, '_baseline_skill': -0.021709733968415135, 'information_coefficient': 0.0, 'directional_accuracy': 0.0, '_direction_reference_accuracy': 0.5142857142857142, '_directional_edge': -0.02380952380952378, '_interval_effective_samples': 37.8, 'probability_calibration': 0.20942794726593228, 'interval_coverage': 0.6119929453262793, 'fold_stability': 0.6991272939500655, 'recent_regime': 1.0, 'data_quantity': 1.0, 'data_freshness': 1.0, 'feature_completeness': 1.0, '_no_predictive_edge_cap': 1.0, '_predictive_edge_cap': 44.0}","σ 국면 계수 x0.98 (VIX 0.93)^0.23 | 최근 가중 학습: 반감기 4년 (fold 학습구간 끝 기준) | 앙상블 가중치: NNLS 스태킹 (elasticnet:0.69,gru:0.23,pls:0.09) | 채점용 OOF: cross-fitted 스태킹 9/10 fold (첫 fold 는 균등가중) — 최종 가중치는 OOF 전체 NNLS | conformal 잔차 최근 가중 (반감기 250거래일) | drift 축소(실효표본 126.0개): 중앙값 x0.93 | 라이브 보정 x0.86 (최근 20앵커 80% 적중 91%) | sigma_h 0.0247 (GARCH, 학습과 동일 추정량)",본 출력은 통계 모델의 예측 분포이며 투자 조언이 아닙니다. 실제 투자 판단과 그 결과에 대한 책임은 이용자 본인에게 있습니다.
PFE,화이자,US,USD,10,2026-10-06T01:52:33+09:00,27.7463,27.119590991928693,27.559628797222917,28.08690902674605,28.667562878198922,29.161541340274113,0.012275835940145141,0.65,0.35,27.13202450275524,29.153517694997362,26.692672477669145,29.516453768217055,0.03415054218143071,0.17143436116601332,40.097378882417814,LOW,"elasticnet,gru,pls,catboost,huber,ridge",elasticnet:0.328;gru:0.287;pls:0.245;catboost:0.056;huber:0.055;ridge:0.028,추세=상승추세(200MA 위);변동성=저변동;거래량=축소/보통;위험선호=위험선호;금리=상승;GMM레짐=LOW_VOL,"benchmark,bond,earnings,fx,ohlcv,regime",,1,2026-10-05,2026-10-06T01:43:55+09:00,27.559628797222917,28.667562878198922,28.667562878198922,29.161541340274113,24.756204598127404,0.005360513126199545,1.0,0.0,1.0,,0,27.559628797222917,0.30810484428756485,0.017960925732275403,27.245,28.945,-0.06262836044324534,0.48095238095238096,0.046168686452568095,-0.06262836044324534,0.48095238095238096,0.046168686452568095,0.043085643426352654,-0.07155615608910093,0.4857142857142857,0.5142857142857142,0.5142857142857142,-0.03333333333333327,630.0,63.0,0.8571428571428571,0.8571428571428571,0.9365079365079365,0.9365079365079365,189.0,18.9,0.14562624022277318,1.0,"{'oos_evidence': 1.0, '_effective_oos_samples': 63.0, 'baseline_improvement': 0.0, '_baseline_skill': -0.07155615608910093, 'information_coefficient': 0.0, 'directional_accuracy': 0.0, '_direction_reference_accuracy': 0.5142857142857142, '_directional_edge': -0.03333333333333327, '_interval_effective_samples': 18.9, 'probability_calibration': 0.028345202993333155, 'interval_coverage': 0.5092010548749041, 'fold_stability': 0.6778606709722106, 'recent_regime': 1.0, 'data_quantity': 1.0, 'data_freshness': 1.0, 'feature_completeness': 1.0, '_no_predictive_edge_cap': 1.0, '_predictive_edge_cap': 44.0}","σ 국면 계수 x0.99 (VIX 0.93)^0.15 | 최근 가중 학습: 반감기 4년 (fold 학습구간 끝 기준) | 앙상블 가중치: NNLS 스태킹 (catboost:0.06,elasticnet:0.33,gru:0.29,huber:0.06,pls:0.24,ridge:0.03) | 채점용 OOF: cross-fitted 스태킹 9/10 fold (첫 fold 는 균등가중) — 최종 가중치는 OOF 전체 NNLS | conformal 잔차 최근 가중 (반감기 250거래일) | drift 축소(실효표본 63.0개): 중앙값 x0.86 | 라이브 보정 x0.80 (최근 20앵커 80% 적중 95%) | sigma_h 0.0342 (GARCH, 학습과 동일 추정량)",본 출력은 통계 모델의 예측 분포이며 투자 조언이 아닙니다. 실제 투자 판단과 그 결과에 대한 책임은 이용자 본인에게 있습니다.
PFE,화이자,US,USD,15,2026-10-06T01:52:33+09:00,27.7463,26.175243065349864,27.00773509870559,27.752003216749813,28.502614287555065,29.32974635088428,0.00020554873081501945,0.5349794238683125,0.46502057613168746,26.186344671935924,29.313671125622875,25.717027502972527,29.961167470507956,0.05393688729739852,0.2210754514422217,37.4937128960953,LOW,"elasticnet,gru,hist_gbm,huber,lightgbm,pls",elasticnet:0.108;gru:0.446;hist_gbm:0.318;huber:0.045;lightgbm:0.021;pls:0.063,추세=상승추세(200MA 위);변동성=저변동;거래량=축소/보통;위험선호=위험선호;금리=상승;GMM레짐=LOW_VOL,"benchmark,bond,earnings,fx,ohlcv,regime",,1,2026-10-05,2026-10-06T01:45:37+09:00,27.00773509870559,28.502614287555065,28.502614287555065,29.32974635088428,24.756204598127404,-0.009801698248499078,1.0,0.0,1.0,,0,27.00773509870559,0.2529398517122261,0.017960925732275403,27.245,28.945,-0.007627561514482514,0.45714285714285713,0.05295128739779953,-0.007627561514482514,0.45714285714285713,0.05295128739779953,0.05104287959572175,-0.03738832560374861,0.49206349206349204,0.5079365079365079,0.5079365079365079,-0.05079365079365078,630.0,42.0,0.7248677248677249,0.7248677248677249,0.91005291005291,0.91005291005291,189.0,12.6,0.17772105101355265,1.0,"{'oos_evidence': 1.0, '_effective_oos_samples': 42.0, 'baseline_improvement': 0.0, '_baseline_skill': -0.03738832560374861, 'information_coefficient': 0.0, 'directional_accuracy': 0.0, '_direction_reference_accuracy': 0.5079365079365079, '_directional_edge': -0.05079365079365078, '_interval_effective_samples': 12.6, 'probability_calibration': 0.0, 'interval_coverage': 0.29677210473317084, 'fold_stability': 0.6525991848763596, 'recent_regime': 1.0, 'data_quantity': 1.0, 'data_freshness': 1.0, 'feature_completeness': 1.0, '_no_predictive_edge_cap': 1.0, '_predictive_edge_cap': 44.0}","σ 국면 계수 x0.99 (VIX 0.93)^0.1 | 최근 가중 학습: 반감기 4년 (fold 학습구간 끝 기준) | 앙상블 가중치: NNLS 스태킹 (elasticnet:0.11,gru:0.45,hist_gbm:0.32,huber:0.04,lightgbm:0.02,pls:0.06) | 채점용 OOF: cross-fitted 스태킹 9/10 fold (첫 fold 는 균등가중) — 최종 가중치는 OOF 전체 NNLS | conformal 잔차 최근 가중 (반감기 250거래일) | drift 축소(실효표본 42.0개): 중앙값 x0.81 | sigma_h 0.0539 (GARCH, 학습과 동일 추정량)",본 출력은 통계 모델의 예측 분포이며 투자 조언이 아닙니다. 실제 투자 판단과 그 결과에 대한 책임은 이용자 본인에게 있습니다.
PFE,화이자,US,USD,20,2026-10-06T01:52:33+09:00,27.7463,26.604848907546454,27.684366121228418,28.685172197001485,29.65857432476228,30.970079491659163,0.03383774402358086,0.5482625482625483,0.4517374517374517,26.611629308122016,30.93804406440548,25.605879816753497,32.24555716607189,0.07404042707844477,0.2628174442625091,28.702082891371973,LOW,"pls,gru,lightgbm,random_forest,huber,extra_trees",pls:0.412;gru:0.223;lightgbm:0.152;random_forest:0.141;huber:0.040;extra_trees:0.032,추세=상승추세(200MA 위);변동성=저변동;거래량=축소/보통;위험선호=위험선호;금리=상승;GMM레짐=LOW_VOL,"benchmark,bond,earnings,fx,ohlcv,regime",,1,2026-10-05,2026-10-06T01:47:20+09:00,27.684366121228418,29.65857432476228,29.65857432476228,30.970079491659163,24.756204598127404,0.022826010700793337,1.0,0.0,1.0,,0,27.684366121228418,0.6395362246852342,0.017960925732275403,27.245,28.945,-0.011443309494954876,0.4888888888888889,0.060592192891710965,-0.011443309494954876,0.4888888888888889,0.060592192891710965,0.0569023214153232,-0.06484571076557377,0.4777777777777778,0.5222222222222223,0.5222222222222223,-0.03333333333333338,630.0,31.5,0.7195767195767195,0.7195767195767195,0.8783068783068783,0.8783068783068783,189.0,9.45,0.14820996902493971,1.0,"{'oos_evidence': 1.0, '_effective_oos_samples': 31.5, 'baseline_improvement': 0.0, '_baseline_skill': -0.06484571076557377, 'information_coefficient': 0.0, 'directional_accuracy': 0.0, '_direction_reference_accuracy': 0.5222222222222223, '_directional_edge': -0.03333333333333338, '_interval_effective_samples': 9.45, 'probability_calibration': 0.00820295243952937, 'interval_coverage': 0.22670414152294713, 'fold_stability': 0.6369417856626266, 'recent_regime': 0.0, 'data_quantity': 1.0, 'data_freshness': 1.0, 'feature_completeness': 1.0, '_no_predictive_edge_cap': 1.0, '_predictive_edge_cap': 44.0}","σ 국면 계수 x1.00 (VIX 0.93)^0.07 | 최근 가중 학습: 반감기 4년 (fold 학습구간 끝 기준) | 앙상블 가중치: NNLS 스태킹 (extra_trees:0.03,gru:0.22,huber:0.04,lightgbm:0.15,pls:0.41,random_forest:0.14) | NNLS 가 제외한 모델(중복/무기여): catboost,elasticnet,ridge | baseline은 비교용으로만 유지하고, 최종 예측은 ML/DL 앙상블을 사용 | 채점용 OOF: cross-fitted 스태킹 9/10 fold (첫 fold 는 균등가중) — 최종 가중치는 OOF 전체 NNLS | conformal 잔차 최근 가중 (반감기 250거래일) | drift 축소(실효표본 31.5개): 중앙값 x0.76 | sigma_h 0.0640 (GARCH, 학습과 동일 추정량) | 실적 발표 10-29 예측기간 포함(추정) → 구간 ×1.16 (k=2.8)",본 출력은 통계 모델의 예측 분포이며 투자 조언이 아닙니다. 실제 투자 판단과 그 결과에 대한 책임은 이용자 본인에게 있습니다.
PFE,화이자,US,USD,25,2026-10-06T01:52:34+09:00,27.7463,25.90527547444592,26.966400211722473,28.232690512044126,29.226773019395885,30.829765267038233,0.01752992334272041,0.5297872340425533,0.47021276595744665,25.912538437554968,30.81535017076491,24.944742445344218,31.674307828034017,0.08235975192997479,0.26148410597722227,29.540297537744557,LOW,"elasticnet,extra_trees,gru,lgbm_linear,lightgbm,pls",elasticnet:0.056;extra_trees:0.061;gru:0.496;lgbm_linear:0.023;lightgbm:0.066;pls:0.298,추세=상승추세(200MA 위);변동성=저변동;거래량=축소/보통;위험선호=위험선호;금리=상승;GMM레짐=LOW_VOL,"benchmark,bond,earnings,fx,ohlcv,regime",,1,2026-10-05,2026-10-06T01:49:04+09:00,26.966400211722473,29.226773019395885,29.226773019395885,30.829765267038233,24.756204598127404,0.00317269675328068,1.0,0.0,1.0,,0,26.966400211722473,0.4951256800932548,0.017960925732275403,27.245,28.945,-0.025339851964257674,0.4444444444444444,0.06789594354685709,-0.025339851964257674,0.4444444444444444,0.06789594354685709,0.0612152084961587,-0.10913521680021088,0.4793650793650794,0.5206349206349207,0.5206349206349207,-0.07619047619047625,630.0,25.2,0.7619047619047619,0.7619047619047619,0.873015873015873,0.873015873015873,189.0,7.56,0.18824094889829052,1.0,"{'oos_evidence': 0.916515138991168, '_effective_oos_samples': 25.2, 'baseline_improvement': 0.0, '_baseline_skill': -0.10913521680021088, 'information_coefficient': 0.0, 'directional_accuracy': 0.0, '_direction_reference_accuracy': 0.5206349206349207, '_directional_edge': -0.07619047619047625, '_interval_effective_samples': 7.56, 'probability_calibration': 0.0, 'interval_coverage': 0.4196370313678688, 'fold_stability': 0.6178775834154192, 'recent_regime': 0.0, 'data_quantity': 1.0, 'data_freshness': 1.0, 'feature_completeness': 1.0, '_no_predictive_edge_cap': 1.0, '_predictive_edge_cap': 44.0}","σ 국면 계수 x1.00 (VIX 0.93)^0.05 | 최근 가중 학습: 반감기 4년 (fold 학습구간 끝 기준) | 앙상블 가중치: NNLS 스태킹 (elasticnet:0.06,extra_trees:0.06,gru:0.50,lgbm_linear:0.02,lightgbm:0.07,pls:0.30) | NNLS 가 제외한 모델(중복/무기여): random_forest,ridge | baseline은 비교용으로만 유지하고, 최종 예측은 ML/DL 앙상블을 사용 | 채점용 OOF: cross-fitted 스태킹 9/10 fold (첫 fold 는 균등가중) — 최종 가중치는 OOF 전체 NNLS | conformal 잔차 최근 가중 (반감기 250거래일) | drift 축소(실효표본 25.2개): 중앙값 x0.72 | sigma_h 0.0730 (GARCH, 학습과 동일 추정량) | 실적 발표 10-29 예측기간 포함(추정) → 구간 ×1.13 (k=2.8)",본 출력은 통계 모델의 예측 분포이며 투자 조언이 아닙니다. 실제 투자 판단과 그 결과에 대한 책임은 이용자 본인에게 있습니다.
PFE,화이자,US,USD,30,2026-10-06T01:52:34+09:00,27.7463,26.5401274366209,27.97564664169109,29.40169434411713,30.627208028144835,32.19311230888768,0.05966180514580777,0.723404255319149,0.276595744680851,26.595443808557697,32.16278004061885,25.777506533091398,32.732910917533935,0.09005347289018918,0.26099976059089774,27.653121714691352,LOW,"elasticnet,extra_trees,hist_gbm,lgbm_linear,pls",elasticnet:0.113;extra_trees:0.151;hist_gbm:0.111;lgbm_linear:0.033;pls:0.593,추세=상승추세(200MA 위);변동성=저변동;거래량=축소/보통;위험선호=위험선호;금리=상승;GMM레짐=LOW_VOL,"benchmark,bond,earnings,fx,ohlcv,regime",,1,2026-10-05,2026-10-06T01:50:49+09:00,27.97564664169109,30.627208028144835,30.627208028144835,32.19311230888768,24.756204598127404,0.04113138004967271,1.0,0.0,1.0,,0,27.97564664169109,0.9634836488296048,0.017960925732275403,27.245,28.945,-0.09876983217152882,0.4380952380952381,0.07218267581643875,-0.09876983217152882,0.4380952380952381,0.07218267581643875,0.06360840114461153,-0.13479783358072317,0.47619047619047616,0.5238095238095238,0.5238095238095238,-0.08571428571428574,630.0,21.0,0.7513227513227513,0.7513227513227513,0.8253968253968254,0.8253968253968254,189.0,6.3,0.19181128946465267,1.0,"{'oos_evidence': 0.8366600265340756, '_effective_oos_samples': 21.0, 'baseline_improvement': 0.0, '_baseline_skill': -0.13479783358072317, 'information_coefficient': 0.0, 'directional_accuracy': 0.0, '_direction_reference_accuracy': 0.5238095238095238, '_directional_edge': -0.08571428571428574, '_interval_effective_samples': 6.3, 'probability_calibration': 0.0, 'interval_coverage': 0.33358162416476633, 'fold_stability': 0.5950705207702933, 'recent_regime': 0.0, 'data_quantity': 1.0, 'data_freshness': 1.0, 'feature_completeness': 1.0, '_no_predictive_edge_cap': 1.0, '_predictive_edge_cap': 44.0}","σ 국면 계수 x1.00 (VIX 0.93)^0.04 | 최근 가중 학습: 반감기 4년 (fold 학습구간 끝 기준) | 앙상블 가중치: NNLS 스태킹 (elasticnet:0.11,extra_trees:0.15,hist_gbm:0.11,lgbm_linear:0.03,pls:0.59) | NNLS 가 제외한 모델(중복/무기여): catboost,gru,ridge | baseline은 비교용으로만 유지하고, 최종 예측은 ML/DL 앙상블을 사용 | 채점용 OOF: cross-fitted 스태킹 9/10 fold (첫 fold 는 균등가중) — 최종 가중치는 OOF 전체 NNLS | conformal 잔차 최근 가중 (반감기 250거래일) | drift 축소(실효표본 21.0개): 중앙값 x0.68 | sigma_h 0.0813 (GARCH, 학습과 동일 추정량) | 실적 발표 10-29 예측기간 포함(추정) → 구간 ×1.11 (k=2.8)",본 출력은 통계 모델의 예측 분포이며 투자 조언이 아닙니다. 실제 투자 판단과 그 결과에 대한 책임은 이용자 본인에게 있습니다.
MRNA,모더나,US,USD,5,2026-10-06T02:00:29+09:00,189.18,175.71452659084517,186.1130816160625,198.4671780750972,215.8764487645495,237.37464343903758,0.04909175428215029,0.8636363636363636,0.13636363636363635,175.95189726016721,237.06001632470603,166.61210031468013,256.738179944971,0.10876143216778672,0.7721295720345639,45.70445842404158,MEDIUM,"elasticnet,extra_trees,gru,lightgbm,quantile_gbm,random_forest",elasticnet:0.082;extra_trees:0.505;gru:0.101;lightgbm:0.026;quantile_gbm:0.256;random_forest:0.030,추세=상승추세(200MA 위);변동성=중간변동;거래량=축소/보통;위험선호=위험선호;금리=상승;GMM레짐=LOW_VOL,"benchmark,bond,earnings,fx,ohlcv,regime",,1,2026-10-05,2026-10-06T01:52:35+09:00,186.1130816160625,215.8764487645495,215.8764487645495,237.37464343903758,129.0762,0.03932423016490421,1.0,0.0,1.0,,0,186.1130816160625,0.4441723945000066,0.0673410084478738,130.38,208.9032,0.1495862219276957,0.5428571428571428,0.14401642795075095,0.1495862219276957,0.5428571428571428,0.14401642795075095,0.1258238043157022,-0.1445880907352155,0.5365079365079365,0.5047619047619047,0.5365079365079365,0.006349206349206327,630.0,126.0,0.7619047619047619,0.7619047619047619,0.8571428571428571,0.8571428571428571,189.0,37.8,0.14945909823613088,1.0,"{'oos_evidence': 1.0, '_effective_oos_samples': 126.0, 'baseline_improvement': 0.0, '_baseline_skill': -0.1445880907352155, 'information_coefficient': 0.8395505883530531, 'directional_accuracy': 0.009074337542642167, '_direction_reference_accuracy': 0.5365079365079365, '_directional_edge': 0.006349206349206327, '_interval_effective_samples': 37.8, 'probability_calibration': 0.0036060117591274476, 'interval_coverage': 0.6825396825396818, 'fold_stability': 0.5308512040411186, 'recent_regime': 0.0, 'data_quantity': 1.0, 'data_freshness': 1.0, 'feature_completeness': 1.0}","σ 국면 계수 x0.98 (VIX 0.93)^0.23 | 최근 가중 학습: 반감기 4년 (fold 학습구간 끝 기준) | 앙상블 가중치: NNLS 스태킹 (elasticnet:0.08,extra_trees:0.50,gru:0.10,lightgbm:0.03,quantile_gbm:0.26,random_forest:0.03) | NNLS 가 제외한 모델(중복/무기여): catboost | 채점용 OOF: cross-fitted 스태킹 9/10 fold (첫 fold 는 균등가중) — 최종 가중치는 OOF 전체 NNLS | conformal 잔차 최근 가중 (반감기 250거래일) | drift 축소(실효표본 126.0개): 중앙값 x0.93 | 라이브 보정 x0.86 (최근 20앵커 80% 적중 91%) | sigma_h 0.1088 (GARCH, 학습과 동일 추정량)",본 출력은 통계 모델의 예측 분포이며 투자 조언이 아닙니다. 실제 투자 판단과 그 결과에 대한 책임은 이용자 본인에게 있습니다.
MRNA,모더나,US,USD,10,2026-10-06T02:00:29+09:00,189.18,169.6726350990071,184.76766876851508,202.62933803753424,225.59627014924558,262.79253762572216,0.0710928112778002,0.7681159420289855,0.23188405797101452,169.80232222287813,262.4582868626411,160.85879251373007,306.3888058054574,0.144001058027002,0.7228795741788386,40.4950104895946,LOW,"gru,quantile_gbm,extra_trees,elasticnet,catboost,huber",gru:0.450;quantile_gbm:0.292;extra_trees:0.111;elasticnet:0.073;catboost:0.039;huber:0.034,추세=상승추세(200MA 위);변동성=중간변동;거래량=축소/보통;위험선호=위험선호;금리=상승;GMM레짐=LOW_VOL,"benchmark,bond,earnings,fx,ohlcv,regime",,1,2026-10-05,2026-10-06T01:53:53+09:00,184.76766876851508,225.59627014924558,225.59627014924558,262.79253762572216,112.74256813098742,0.053535030926393834,1.0,0.0,1.0,,0,184.76766876851508,0.47641933093265765,0.0673410084478738,130.38,208.9032,0.18061677919979405,0.5507936507936508,0.205279511258972,0.18061677919979405,0.5507936507936508,0.205279511258972,0.17969628337988103,-0.1423692655067752,0.5047619047619047,0.5047619047619047,0.5047619047619047,0.04603174603174609,630.0,63.0,0.7142857142857143,0.6825396825396826,0.8253968253968254,0.7777777777777778,189.0,18.9,0.2195764374604779,1.15,"{'oos_evidence': 1.0, '_effective_oos_samples': 63.0, 'baseline_improvement': 0.0, '_baseline_skill': -0.1423692655067752, 'information_coefficient': 0.7168006205521782, 'directional_accuracy': 0.3363836386977118, '_direction_reference_accuracy': 0.5047619047619047, '_directional_edge': 0.04603174603174609, '_interval_effective_samples': 18.9, 'probability_calibration': 0.0, 'interval_coverage': 0.02057377999494537, 'fold_stability': 0.4783859096437748, 'recent_regime': 0.0, 'data_quantity': 1.0, 'data_freshness': 1.0, 'feature_completeness': 1.0}","σ 국면 계수 x0.99 (VIX 0.93)^0.15 | 최근 가중 학습: 반감기 4년 (fold 학습구간 끝 기준) | 앙상블 가중치: NNLS 스태킹 (catboost:0.04,elasticnet:0.07,extra_trees:0.11,gru:0.45,huber:0.03,quantile_gbm:0.29) | 채점용 OOF: cross-fitted 스태킹 9/10 fold (첫 fold 는 균등가중) — 최종 가중치는 OOF 전체 NNLS | 꼬리 이탈 보정(보정 전 80% 커버리지 68%) -> 상단 x1.15 / 하단 x1.00 | conformal 잔차 최근 가중 (반감기 250거래일) | drift 축소(실효표본 63.0개): 중앙값 x0.86 | 라이브 보정 x0.80 (최근 20앵커 80% 적중 95%) | sigma_h 0.1440 (GARCH, 학습과 동일 추정량)",본 출력은 통계 모델의 예측 분포이며 투자 조언이 아닙니다. 실제 투자 판단과 그 결과에 대한 책임은 이용자 본인에게 있습니다.
MRNA,모더나,US,USD,15,2026-10-06T02:00:29+09:00,189.18,155.1575331646028,174.46366170144643,201.99170744341313,246.60310580714864,298.17694875429,0.06772231442759868,0.5098039215686274,0.4901960784313726,155.42199732016363,297.0671331664402,145.40317688038735,394.66717107414087,0.22021403029279088,0.9026089305535054,25.143927702908027,LOW,"gru,huber,lgbm_linear,pls,quantile_gbm,ridge",gru:0.387;huber:0.056;lgbm_linear:0.021;pls:0.291;quantile_gbm:0.117;ridge:0.128,추세=상승추세(200MA 위);변동성=중간변동;거래량=축소/보통;위험선호=위험선호;금리=상승;GMM레짐=LOW_VOL,"benchmark,bond,earnings,fx,ohlcv,regime",,1,2026-10-05,2026-10-06T01:55:11+09:00,174.46366170144643,246.60310580714864,246.60310580714864,298.17694875429,112.74256813098742,0.06118917956582819,1.0,0.0,1.0,,0,174.46366170144643,0.7512432639750645,0.0673410084478738,130.38,208.9032,-0.0055352213271482415,0.46984126984126984,0.2461515293925403,-0.0055352213271482415,0.46984126984126984,0.2461515293925403,0.2181045227605353,-0.12859433760022854,0.5365079365079365,0.5365079365079365,0.5365079365079365,-0.06666666666666665,630.0,42.0,0.6878306878306878,0.6878306878306878,0.8042328042328042,0.8042328042328042,189.0,12.6,0.32030238193354144,1.0,"{'oos_evidence': 1.0, '_effective_oos_samples': 42.0, 'baseline_improvement': 0.0, '_baseline_skill': -0.12859433760022854, 'information_coefficient': 0.0, 'directional_accuracy': 0.0, '_direction_reference_accuracy': 0.5365079365079365, '_directional_edge': -0.06666666666666665, '_interval_effective_samples': 12.6, 'probability_calibration': 0.0, 'interval_coverage': 0.051795131486449084, 'fold_stability': 0.46259763880435334, 'recent_regime': 0.0, 'data_quantity': 1.0, 'data_freshness': 1.0, 'feature_completeness': 1.0, '_no_predictive_edge_cap': 1.0, '_predictive_edge_cap': 44.0}","σ 국면 계수 x0.99 (VIX 0.93)^0.1 | 최근 가중 학습: 반감기 4년 (fold 학습구간 끝 기준) | 앙상블 가중치: NNLS 스태킹 (gru:0.39,huber:0.06,lgbm_linear:0.02,pls:0.29,quantile_gbm:0.12,ridge:0.13) | NNLS 가 제외한 모델(중복/무기여): elasticnet,extra_trees,random_forest | baseline은 비교용으로만 유지하고, 최종 예측은 ML/DL 앙상블을 사용 | 채점용 OOF: cross-fitted 스태킹 9/10 fold (첫 fold 는 균등가중) — 최종 가중치는 OOF 전체 NNLS | conformal 잔차 최근 가중 (반감기 250거래일) | drift 축소(실효표본 42.0개): 중앙값 x0.81 | sigma_h 0.2202 (GARCH, 학습과 동일 추정량)",본 출력은 통계 모델의 예측 분포이며 투자 조언이 아닙니다. 실제 투자 판단과 그 결과에 대한 책임은 이용자 본인에게 있습니다.
MRNA,모더나,US,USD,20,2026-10-06T02:00:29+09:00,189.18,170.66364988002277,195.58363615494562,236.0243632677496,295.119761525339,382.1675123894082,0.24761794728697328,0.47479674796747967,0.5252032520325203,171.08552702350025,381.733517798962,160.20838611913177,612.825574604723,0.2548248919816821,0.9045386350100239,24.886396338513038,LOW,"lgbm_linear,pls,ridge,xgboost",lgbm_linear:0.069;pls:0.764;ridge:0.132;xgboost:0.036,추세=상승추세(200MA 위);변동성=중간변동;거래량=축소/보통;위험선호=위험선호;금리=상승;GMM레짐=LOW_VOL,"benchmark,bond,earnings,fx,ohlcv,regime",,1,2026-10-05,2026-10-06T01:56:29+09:00,195.58363615494562,295.119761525339,295.119761525339,382.1675123894082,112.74256813098742,0.19604916166525868,1.0,0.0,1.0,,0,195.58363615494562,1.3859670443518204,0.0673410084478738,130.38,208.9032,-0.10762601352701101,0.4111111111111111,0.2762002050987361,-0.10762601352701101,0.4111111111111111,0.2762002050987361,0.24942421578821464,-0.10735120175042212,0.526984126984127,0.526984126984127,0.526984126984127,-0.1158730158730159,630.0,31.5,0.671957671957672,0.671957671957672,0.7619047619047619,0.7619047619047619,189.0,9.45,0.2996264853584782,1.0,"{'oos_evidence': 1.0, '_effective_oos_samples': 31.5, 'baseline_improvement': 0.0, '_baseline_skill': -0.10735120175042212, 'information_coefficient': 0.0, 'directional_accuracy': 0.0, '_direction_reference_accuracy': 0.526984126984127, '_directional_edge': -0.1158730158730159, '_interval_effective_samples': 9.45, 'probability_calibration': 0.0, 'interval_coverage': 0.0, 'fold_stability': 0.48863963385130366, 'recent_regime': 0.0, 'data_quantity': 1.0, 'data_freshness': 1.0, 'feature_completeness': 1.0, '_no_predictive_edge_cap': 1.0, '_predictive_edge_cap': 44.0}","σ 국면 계수 x1.00 (VIX 0.93)^0.07 | 최근 가중 학습: 반감기 4년 (fold 학습구간 끝 기준) | 앙상블 가중치: NNLS 스태킹 (lgbm_linear:0.07,pls:0.76,ridge:0.13,xgboost:0.04) | NNLS 가 제외한 모델(중복/무기여): elasticnet,extra_trees,gru,quantile_gbm,random_forest | baseline은 비교용으로만 유지하고, 최종 예측은 ML/DL 앙상블을 사용 | 채점용 OOF: cross-fitted 스태킹 9/10 fold (첫 fold 는 균등가중) — 최종 가중치는 OOF 전체 NNLS | conformal 잔차 최근 가중 (반감기 250거래일) | drift 축소(실효표본 31.5개): 중앙값 x0.76 | sigma_h 0.2548 (GARCH, 학습과 동일 추정량)",본 출력은 통계 모델의 예측 분포이며 투자 조언이 아닙니다. 실제 투자 판단과 그 결과에 대한 책임은 이용자 본인에게 있습니다.
MRNA,모더나,US,USD,25,2026-10-06T02:00:29+09:00,189.18,131.7916370184086,160.77605783621706,194.79720028612113,271.172570071839,381.95562824001206,0.029692357998314378,0.6013071895424836,0.39869281045751637,132.14287993972474,381.0120890375162,124.16839377326744,697.1469326370536,0.331646075647552,1.0529436473447245,26.865813181125624,LOW,"gru,pls,ridge",gru:0.700;pls:0.162;ridge:0.138,추세=상승추세(200MA 위);변동성=중간변동;거래량=축소/보통;위험선호=위험선호;금리=상승;GMM레짐=LOW_VOL,"benchmark,bond,earnings,fx,ohlcv,regime",,1,2026-10-05,2026-10-06T01:57:47+09:00,160.77605783621706,271.172570071839,271.172570071839,381.95562824001206,112.74256813098742,0.06177582383847401,1.0,0.0,1.0,,0,163.70085604366247,1.0726756258942085,0.0673410084478738,130.38,208.9032,0.07077763216478608,0.42698412698412697,0.28477294111596574,0.07077763216478608,0.42698412698412697,0.28477294111596574,0.2798349668617136,-0.017646022974292297,0.526984126984127,0.526984126984127,0.526984126984127,-0.10000000000000003,630.0,25.2,0.5978835978835979,0.5978835978835979,0.6984126984126984,0.6984126984126984,189.0,7.56,0.30331666919396627,1.0,"{'oos_evidence': 0.916515138991168, '_effective_oos_samples': 25.2, 'baseline_improvement': 0.0, '_baseline_skill': -0.017646022974292297, 'information_coefficient': 0.1776504468150269, 'directional_accuracy': 0.0, '_direction_reference_accuracy': 0.526984126984127, '_directional_edge': -0.10000000000000003, '_interval_effective_samples': 7.56, 'probability_calibration': 0.0, 'interval_coverage': 0.0, 'fold_stability': 0.48582546421735145, 'recent_regime': 0.0, 'data_quantity': 1.0, 'data_freshness': 1.0, 'feature_completeness': 1.0}","σ 국면 계수 x1.00 (VIX 0.93)^0.05 | 최근 가중 학습: 반감기 4년 (fold 학습구간 끝 기준) | 앙상블 가중치: NNLS 스태킹 (gru:0.70,pls:0.16,ridge:0.14) | 채점용 OOF: cross-fitted 스태킹 9/10 fold (첫 fold 는 균등가중) — 최종 가중치는 OOF 전체 NNLS | conformal 잔차 최근 가중 (반감기 250거래일) | drift 축소(실효표본 25.2개): 중앙값 x0.72 | sigma_h 0.2853 (GARCH, 학습과 동일 추정량) | 실적 발표 11-05 예측기간 포함(추정) → 구간 ×1.16 (k=3.1)",본 출력은 통계 모델의 예측 분포이며 투자 조언이 아닙니다. 실제 투자 판단과 그 결과에 대한 책임은 이용자 본인에게 있습니다.
MRNA,모더나,US,USD,30,2026-10-06T02:00:29+09:00,189.18,114.07713539358362,139.20066723832292,174.46072794221834,269.97489035728364,493.2889141119164,-0.07780564572249538,0.5633802816901409,0.43661971830985913,114.72785906712308,489.30382834354447,101.65910803668505,850.0816188994753,0.35559703053049013,1.0306181078487122,36.94560384914121,LOW,"gru,pls,ridge",gru:0.705;pls:0.170;ridge:0.125,추세=상승추세(200MA 위);변동성=중간변동;거래량=축소/보통;위험선호=위험선호;금리=상승;GMM레짐=LOW_VOL,"benchmark,bond,earnings,fx,ohlcv,regime",,1,2026-10-05,2026-10-06T01:59:08+09:00,139.20066723832292,269.97489035728364,269.97489035728364,493.2889141119164,112.74256813098742,-0.12539707351815177,1.0,0.0,1.0,,0,163.70085604366247,1.0570068666846137,0.0673410084478738,130.38,208.9032,0.019529569655420315,0.44603174603174606,0.3007635829259044,0.019529569655420315,0.44603174603174606,0.3007635829259044,0.3098816727280297,0.029424424238628233,0.5317460317460317,0.5301587301587302,0.5317460317460317,-0.08571428571428569,630.0,21.0,0.5767195767195767,0.49206349206349204,0.6772486772486772,0.5714285714285714,189.0,6.3,0.3322125894282356,1.45,"{'oos_evidence': 0.8366600265340756, '_effective_oos_samples': 21.0, 'baseline_improvement': 0.8366600265340756, '_baseline_skill': 0.029424424238628233, 'information_coefficient': 0.017478131170338203, 'directional_accuracy': 0.0, '_direction_reference_accuracy': 0.5317460317460317, '_directional_edge': -0.08571428571428569, '_interval_effective_samples': 6.3, 'probability_calibration': 0.0, 'interval_coverage': 0.0, 'fold_stability': 0.4912793060529827, 'recent_regime': 0.0, 'data_quantity': 1.0, 'data_freshness': 1.0, 'feature_completeness': 1.0}","σ 국면 계수 x1.00 (VIX 0.93)^0.04 | 최근 가중 학습: 반감기 4년 (fold 학습구간 끝 기준) | 앙상블 가중치: NNLS 스태킹 (gru:0.71,pls:0.17,ridge:0.12) | 채점용 OOF: cross-fitted 스태킹 9/10 fold (첫 fold 는 균등가중) — 최종 가중치는 OOF 전체 NNLS | 꼬리 이탈 보정(보정 전 80% 커버리지 49%) -> 상단 x1.45 / 하단 x1.00 | conformal 잔차 최근 가중 (반감기 250거래일) | drift 축소(실효표본 21.0개): 중앙값 x0.68 | sigma_h 0.3128 (GARCH, 학습과 동일 추정량) | 실적 발표 11-05 예측기간 포함(추정) → 구간 ×1.14 (k=3.1)",본 출력은 통계 모델의 예측 분포이며 투자 조언이 아닙니다. 실제 투자 판단과 그 결과에 대한 책임은 이용자 본인에게 있습니다.
MRK,머크,US,USD,5,2026-10-06T02:10:55+09:00,144.26,138.51261585294384,140.87527103246336,143.72385853846527,146.76311116489967,150.50237449756918,-0.0037164942571379367,0.5232067510548523,0.47679324894514774,138.5447684011583,150.45314034083935,136.67597342581305,152.83686283661297,0.029246860847767536,0.20763211461672626,37.15700985860845,LOW,"pls,quantile_gbm,hist_gbm,huber,lightgbm,gru",pls:0.452;quantile_gbm:0.212;hist_gbm:0.125;huber:0.086;lightgbm:0.069;gru:0.057,추세=상승추세(200MA 위);변동성=중간변동;거래량=축소/보통;위험선호=위험선호;금리=상승;GMM레짐=LOW_VOL,"benchmark,bond,earnings,fx,ohlcv,regime",,1,2026-10-05,2026-10-06T02:00:33+09:00,140.87527103246336,146.76311116489967,146.76311116489967,150.50237449756918,129.47891638932708,-0.006898047076236232,1.0,0.0,1.0,,0,140.87527103246336,0.16934557917609427,0.022911068719376582,142.32,153.57,0.003028982220725487,0.46190476190476193,0.04074406572429727,0.003028982220725487,0.46190476190476193,0.04074406572429727,0.03979055406925955,-0.023963266592820887,0.4984126984126984,0.5015873015873016,0.5015873015873016,-0.03968253968253965,630.0,126.0,0.8465608465608465,0.8465608465608465,0.9259259259259259,0.9259259259259259,189.0,37.8,0.0788709794566637,1.0,"{'oos_evidence': 1.0, '_effective_oos_samples': 126.0, 'baseline_improvement': 0.0, '_baseline_skill': -0.023963266592820887, 'information_coefficient': 0.0010298612579759086, 'directional_accuracy': 0.0, '_direction_reference_accuracy': 0.5015873015873016, '_directional_edge': -0.03968253968253965, '_interval_effective_samples': 37.8, 'probability_calibration': 0.4741934702889087, 'interval_coverage': 0.6119929453262793, 'fold_stability': 0.7227054862906769, 'recent_regime': 0.0, 'data_quantity': 1.0, 'data_freshness': 1.0, 'feature_completeness': 1.0, '_no_predictive_edge_cap': 1.0, '_predictive_edge_cap': 44.0}","σ 국면 계수 x0.98 (VIX 0.93)^0.23 | 최근 가중 학습: 반감기 4년 (fold 학습구간 끝 기준) | 앙상블 가중치: NNLS 스태킹 (gru:0.06,hist_gbm:0.13,huber:0.09,lightgbm:0.07,pls:0.45,quantile_gbm:0.21) | 채점용 OOF: cross-fitted 스태킹 9/10 fold (첫 fold 는 균등가중) — 최종 가중치는 OOF 전체 NNLS | conformal 잔차 최근 가중 (반감기 250거래일) | drift 축소(실효표본 126.0개): 중앙값 x0.93 | 라이브 보정 x0.86 (최근 20앵커 80% 적중 91%) | sigma_h 0.0292 (GARCH, 학습과 동일 추정량)",본 출력은 통계 모델의 예측 분포이며 투자 조언이 아닙니다. 실제 투자 판단과 그 결과에 대한 책임은 이용자 본인에게 있습니다.
MRK,머크,US,USD,10,2026-10-06T02:10:56+09:00,144.26,140.73865112023256,144.47945089789545,148.08782841156474,151.86320917303985,156.98387149945316,0.026534232715685224,0.75,0.25,140.7658711316447,156.87166062032145,137.84956772358646,160.71994362249188,0.03888865138401027,0.19521948059292268,57.01199471544598,MEDIUM,"gru,hist_gbm,pls,random_forest",gru:0.027;hist_gbm:0.036;pls:0.819;random_forest:0.119,추세=상승추세(200MA 위);변동성=중간변동;거래량=축소/보통;위험선호=위험선호;금리=상승;GMM레짐=LOW_VOL,"benchmark,bond,earnings,fx,ohlcv,regime",,1,2026-10-05,2026-10-06T02:02:21+09:00,144.47945089789545,151.86320917303985,151.86320917303985,156.98387149945316,124.4290953592564,0.019098600739384484,1.0,0.0,1.0,,0,144.47945089789545,0.3834020338849636,0.022911068719376582,142.32,153.57,0.15482857039676284,0.5190476190476191,0.05375685262470545,0.15482857039676284,0.5190476190476191,0.05375685262470545,0.05436885868885404,0.01125655529484304,0.49523809523809526,0.5047619047619047,0.5047619047619047,0.014285714285714346,630.0,63.0,0.8412698412698413,0.8412698412698413,0.91005291005291,0.91005291005291,189.0,18.9,0.06094480480651967,1.0,"{'oos_evidence': 1.0, '_effective_oos_samples': 63.0, 'baseline_improvement': 0.562827764742152, '_baseline_skill': 0.01125655529484304, 'information_coefficient': 0.6144568396762373, 'directional_accuracy': 0.03239842417897125, '_direction_reference_accuracy': 0.5047619047619047, '_directional_edge': 0.014285714285714346, '_interval_effective_samples': 18.9, 'probability_calibration': 0.577143627895044, 'interval_coverage': 0.6377871798433135, 'fold_stability': 0.6791639133010612, 'recent_regime': 0.0, 'data_quantity': 1.0, 'data_freshness': 1.0, 'feature_completeness': 1.0}","σ 국면 계수 x0.99 (VIX 0.93)^0.15 | 최근 가중 학습: 반감기 4년 (fold 학습구간 끝 기준) | 앙상블 가중치: NNLS 스태킹 (gru:0.03,hist_gbm:0.04,pls:0.82,random_forest:0.12) | NNLS 가 제외한 모델(중복/무기여): lightgbm,ridge,xgboost | 채점용 OOF: cross-fitted 스태킹 9/10 fold (첫 fold 는 균등가중) — 최종 가중치는 OOF 전체 NNLS | conformal 잔차 최근 가중 (반감기 250거래일) | drift 축소(실효표본 63.0개): 중앙값 x0.86 | 라이브 보정 x0.80 (최근 20앵커 80% 적중 95%) | sigma_h 0.0389 (GARCH, 학습과 동일 추정량)",본 출력은 통계 모델의 예측 분포이며 투자 조언이 아닙니다. 실제 투자 판단과 그 결과에 대한 책임은 이용자 본인에게 있습니다.
MRK,머크,US,USD,15,2026-10-06T02:10:56+09:00,144.26,136.35950189767735,144.42867727257482,151.54017894027677,158.78460771221063,168.20330034853905,0.05046567960818504,0.5675675675675674,0.43243243243243257,136.37552123038384,167.88548693318478,129.85288982040439,177.8519081827677,0.07528656398494726,0.3085830857968087,36.89810724935539,LOW,"elasticnet,hist_gbm,huber,lightgbm,pls",elasticnet:0.026;hist_gbm:0.510;huber:0.036;lightgbm:0.119;pls:0.308,추세=상승추세(200MA 위);변동성=중간변동;거래량=축소/보통;위험선호=위험선호;금리=상승;GMM레짐=LOW_VOL,"benchmark,bond,earnings,fx,ohlcv,regime",,1,2026-10-05,2026-10-06T02:04:05+09:00,144.42867727257482,158.78460771221063,158.78460771221063,168.20330034853905,124.4290953592564,0.031613693604616314,1.0,0.0,1.0,,0,144.42867727257482,0.7324228508652649,0.022911068719376582,142.32,153.57,0.08022515983735339,0.49047619047619045,0.0652899529644572,0.08022515983735339,0.49047619047619045,0.0652899529644572,0.06421687867664404,-0.016710159539464753,0.5380952380952381,0.5380952380952381,0.5380952380952381,-0.047619047619047616,630.0,42.0,0.7724867724867724,0.7724867724867724,0.8783068783068783,0.8783068783068783,189.0,12.6,0.1668449346570403,1.0,"{'oos_evidence': 1.0, '_effective_oos_samples': 42.0, 'baseline_improvement': 0.0, '_baseline_skill': -0.016710159539464753, 'information_coefficient': 0.2599592291971059, 'directional_accuracy': 0.0, '_direction_reference_accuracy': 0.5380952380952381, '_directional_edge': -0.047619047619047616, '_interval_effective_samples': 12.6, 'probability_calibration': 0.0, 'interval_coverage': 0.6117424989075264, 'fold_stability': 0.6621334593126431, 'recent_regime': 0.0, 'data_quantity': 1.0, 'data_freshness': 1.0, 'feature_completeness': 1.0}","σ 국면 계수 x0.99 (VIX 0.93)^0.1 | 최근 가중 학습: 반감기 4년 (fold 학습구간 끝 기준) | 앙상블 가중치: NNLS 스태킹 (elasticnet:0.03,hist_gbm:0.51,huber:0.04,lightgbm:0.12,pls:0.31) | NNLS 가 제외한 모델(중복/무기여): catboost,lgbm_linear,xgboost | 채점용 OOF: cross-fitted 스태킹 8/10 fold (첫 fold 는 균등가중) — 최종 가중치는 OOF 전체 NNLS | conformal 잔차 최근 가중 (반감기 250거래일) | drift 축소(실효표본 42.0개): 중앙값 x0.81 | sigma_h 0.0597 (GARCH, 학습과 동일 추정량) | 실적 발표 10-27 예측기간 포함(추정) → 구간 ×1.26 (k=3.1)",본 출력은 통계 모델의 예측 분포이며 투자 조언이 아닙니다. 실제 투자 판단과 그 결과에 대한 책임은 이용자 본인에게 있습니다.
MRK,머크,US,USD,20,2026-10-06T02:10:56+09:00,144.26,137.71839186008148,145.74911529788164,154.48894747679603,162.68313371692122,173.95116329891601,0.07090633215580233,0.98,0.020000000000000018,137.83669711050885,173.7828978002139,131.18062396774394,179.65752880869073,0.08324870490058046,0.29550358801893,39.74926754524098,LOW,pls,pls:1.000,추세=상승추세(200MA 위);변동성=중간변동;거래량=축소/보통;위험선호=위험선호;금리=상승;GMM레짐=LOW_VOL,"benchmark,bond,earnings,fx,ohlcv,regime",,1,2026-10-05,2026-10-06T02:05:51+09:00,145.74911529788164,162.68313371692122,162.68313371692122,173.95116329891601,124.4290953592564,0.0467531714403142,1.0,0.0,1.0,,0,145.74911529788164,0.9290112604883374,0.022911068719376582,142.32,153.57,-0.0569024937254638,0.5126984126984127,0.07488187370106018,-0.0569024937254638,0.5126984126984127,0.07488187370106018,0.07137137094208784,-0.04918642745171353,0.553968253968254,0.553968253968254,0.553968253968254,-0.041269841269841345,630.0,31.5,0.8201058201058201,0.8201058201058201,0.9365079365079365,0.9365079365079365,189.0,9.45,0.2245375877329298,1.0,"{'oos_evidence': 1.0, '_effective_oos_samples': 31.5, 'baseline_improvement': 0.0, '_baseline_skill': -0.04918642745171353, 'information_coefficient': 0.0, 'directional_accuracy': 0.0, '_direction_reference_accuracy': 0.553968253968254, '_directional_edge': -0.041269841269841345, '_interval_effective_samples': 9.45, 'probability_calibration': 0.0, 'interval_coverage': 0.5722158010632691, 'fold_stability': 0.6027109534608295, 'recent_regime': 1.0, 'data_quantity': 1.0, 'data_freshness': 1.0, 'feature_completeness': 1.0, '_no_predictive_edge_cap': 1.0, '_predictive_edge_cap': 44.0}","σ 국면 계수 x1.00 (VIX 0.93)^0.07 | 최근 가중 학습: 반감기 4년 (fold 학습구간 끝 기준) | 앙상블 가중치: NNLS 스태킹 (pls:1.00) | 채점용 OOF: cross-fitted 스태킹 6/10 fold (첫 fold 는 균등가중) — 최종 가중치는 OOF 전체 NNLS | conformal 잔차 최근 가중 (반감기 250거래일) | drift 축소(실효표본 31.5개): 중앙값 x0.76 | sigma_h 0.0693 (GARCH, 학습과 동일 추정량) | 실적 발표 10-27 예측기간 포함(추정) → 구간 ×1.20 (k=3.1)",본 출력은 통계 모델의 예측 분포이며 투자 조언이 아닙니다. 실제 투자 판단과 그 결과에 대한 책임은 이용자 본인에게 있습니다.
MRK,머크,US,USD,25,2026-10-06T02:10:56+09:00,144.26,134.7087396728478,144.88652424207004,154.09652279643464,165.68311865018387,175.83807933314418,0.06818607234461838,0.5368043087971275,0.4631956912028725,134.85987592936522,175.7608557599899,127.12963586642675,181.1042695771356,0.09056080836268537,0.2875216529479728,28.924398330351615,LOW,"elasticnet,hist_gbm,pls",elasticnet:0.100;hist_gbm:0.100;pls:0.800,추세=상승추세(200MA 위);변동성=중간변동;거래량=축소/보통;위험선호=위험선호;금리=상승;GMM레짐=LOW_VOL,"benchmark,bond,earnings,fx,ohlcv,regime",,1,2026-10-05,2026-10-06T02:07:31+09:00,144.88652424207004,165.68311865018387,165.68311865018387,175.83807933314418,124.4290953592564,0.041863601557553684,1.0,0.0,1.0,,0,144.88652424207004,1.0802895298164563,0.022911068719376582,142.32,153.57,-0.29322904387694176,0.4142857142857143,0.08653947986275072,-0.29322904387694176,0.4142857142857143,0.08653947986275072,0.07791319337167647,-0.11071663370186191,0.46825396825396826,0.5317460317460317,0.5317460317460317,-0.11746031746031743,630.0,25.2,0.8465608465608465,0.8465608465608465,0.9682539682539683,0.9682539682539683,189.0,7.56,0.2520938899566462,1.0,"{'oos_evidence': 0.916515138991168, '_effective_oos_samples': 25.2, 'baseline_improvement': 0.0, '_baseline_skill': -0.11071663370186191, 'information_coefficient': 0.0, 'directional_accuracy': 0.0, '_direction_reference_accuracy': 0.5317460317460317, '_directional_edge': -0.11746031746031743, '_interval_effective_samples': 7.56, 'probability_calibration': 0.0, 'interval_coverage': 0.3762636947923793, 'fold_stability': 0.5996609992516141, 'recent_regime': 0.0, 'data_quantity': 1.0, 'data_freshness': 1.0, 'feature_completeness': 1.0, '_no_predictive_edge_cap': 1.0, '_predictive_edge_cap': 44.0}","σ 국면 계수 x1.00 (VIX 0.93)^0.05 | 최근 가중 학습: 반감기 4년 (fold 학습구간 끝 기준) | 앙상블 가중치: NNLS 스태킹 (elasticnet:0.10,hist_gbm:0.10,pls:0.80) | NNLS 가 제외한 모델(중복/무기여): extra_trees,quantile_gbm,random_forest,ridge | baseline은 비교용으로만 유지하고, 최종 예측은 ML/DL 앙상블을 사용 | 채점용 OOF: cross-fitted 스태킹 1/10 fold (첫 fold 는 균등가중) — 최종 가중치는 OOF 전체 NNLS | conformal 잔차 최근 가중 (반감기 250거래일) | drift 축소(실효표본 25.2개): 중앙값 x0.72 | sigma_h 0.0778 (GARCH, 학습과 동일 추정량) | 실적 발표 10-27 예측기간 포함(추정) → 구간 ×1.16 (k=3.1)",본 출력은 통계 모델의 예측 분포이며 투자 조언이 아닙니다. 실제 투자 판단과 그 결과에 대한 책임은 이용자 본인에게 있습니다.
MRK,머크,US,USD,30,2026-10-06T02:10:56+09:00,144.26,137.28982038665154,148.63333678679044,161.23199837699903,174.93322522348183,188.12592876015577,0.11764867861499395,0.5492063492063493,0.45079365079365075,137.40190211674445,188.0909234992678,130.85536490037944,195.0663904929175,0.09733295862986632,0.2820977146653327,24.566443118188854,LOW,"elasticnet,huber,pls",elasticnet:0.214;huber:0.167;pls:0.620,추세=상승추세(200MA 위);변동성=중간변동;거래량=축소/보통;위험선호=위험선호;금리=상승;GMM레짐=LOW_VOL,"benchmark,bond,earnings,fx,ohlcv,regime",,1,2026-10-05,2026-10-06T02:09:16+09:00,148.63333678679044,174.93322522348183,174.93322522348183,188.12592876015577,124.4290953592564,0.08230365318380364,1.0,0.0,1.0,,0,148.63333678679044,1.546738576941273,0.022911068719376582,142.32,153.57,-0.46165639597167524,0.35079365079365077,0.10044558100157373,-0.46165639597167524,0.35079365079365077,0.10044558100157373,0.08390246667609091,-0.19717077436290675,0.4507936507936508,0.5492063492063493,0.5492063492063493,-0.19841269841269848,630.0,21.0,0.9312169312169312,0.9312169312169312,0.9947089947089947,0.9947089947089947,189.0,6.3,0.2986599593949728,1.0,"{'oos_evidence': 0.8366600265340756, '_effective_oos_samples': 21.0, 'baseline_improvement': 0.0, '_baseline_skill': -0.19717077436290675, 'information_coefficient': 0.0, 'directional_accuracy': 0.0, '_direction_reference_accuracy': 0.5492063492063493, '_directional_edge': -0.19841269841269848, '_interval_effective_samples': 6.3, 'probability_calibration': 0.0, 'interval_coverage': 0.0, 'fold_stability': 0.6199842852848098, 'recent_regime': 0.0, 'data_quantity': 1.0, 'data_freshness': 1.0, 'feature_completeness': 1.0, '_no_predictive_edge_cap': 1.0, '_predictive_edge_cap': 44.0}","σ 국면 계수 x1.00 (VIX 0.93)^0.04 | 최근 가중 학습: 반감기 4년 (fold 학습구간 끝 기준) | 앙상블 가중치: NNLS 스태킹 (elasticnet:0.21,huber:0.17,pls:0.62) | NNLS 가 제외한 모델(중복/무기여): extra_trees,gru,random_forest,ridge | baseline은 비교용으로만 유지하고, 최종 예측은 ML/DL 앙상블을 사용 | 채점용 OOF: cross-fitted 스태킹 2/10 fold (첫 fold 는 균등가중) — 최종 가중치는 OOF 전체 NNLS | conformal 잔차 최근 가중 (반감기 250거래일) | drift 축소(실효표본 21.0개): 중앙값 x0.68 | sigma_h 0.0855 (GARCH, 학습과 동일 추정량) | 실적 발표 10-27 예측기간 포함(추정) → 구간 ×1.14 (k=3.1)",본 출력은 통계 모델의 예측 분포이며 투자 조언이 아닙니다. 실제 투자 판단과 그 결과에 대한 책임은 이용자 본인에게 있습니다.
006400,삼성SDI,KR,KRW,5,2026-10-06T02:21:22+09:00,529000.0,489372.32008969114,507854.99365486635,527082.0204951086,548604.8072860241,570601.4463490712,-0.0036256701415716686,0.4570383912248629,0.5429616087751371,489579.03852335573,570232.5119748105,479007.7182215101,599375.4859191877,0.0588679028531422,0.4179206519315361,37.99896364760125,LOW,"catboost,elasticnet,extra_trees,gru,huber",catboost:0.132;elasticnet:0.061;extra_trees:0.104;gru:0.452;huber:0.251,추세=상승추세(200MA 위);변동성=중간변동;거래량=축소/보통;위험선호=위험회피;금리=상승;GMM레짐=LOW_VOL,"benchmark,bond,credit_trades,earnings,fx,investor_trading,market_investor,ohlcv,program_trades,regime,securities_lending,short_selling",,1,2026-10-02,2026-10-06T02:11:00+09:00,507854.99365486635,548604.8072860241,548604.8072860241,570601.4463490712,413530.2818719292,-0.00018069312667544447,1.0,0.0,1.0,,0,507854.99365486635,0.16978310507591118,0.04880872194274218,503000.0,574000.0,0.011125663888310641,0.5,0.08175378071738228,0.011125663888310641,0.5,0.08175378071738228,0.08006975361534739,-0.021032000549482177,0.5412698412698412,0.5095238095238095,0.5412698412698412,-0.041269841269841234,630.0,126.0,0.8042328042328042,0.8042328042328042,0.8941798941798942,0.8941798941798942,189.0,37.8,0.11810444472612734,1.0,"{'oos_evidence': 1.0, '_effective_oos_samples': 126.0, 'baseline_improvement': 0.0, '_baseline_skill': -0.021032000549482177, 'information_coefficient': 0.013894315098208617, 'directional_accuracy': 0.0, '_direction_reference_accuracy': 0.5412698412698412, '_directional_edge': -0.041269841269841234, '_interval_effective_samples': 37.8, 'probability_calibration': 0.212637035159151, 'interval_coverage': 0.9647266313932988, 'fold_stability': 0.6428292010823717, 'recent_regime': 0.0, 'data_quantity': 1.0, 'data_freshness': 1.0, 'feature_completeness': 1.0, '_no_predictive_edge_cap': 1.0, '_predictive_edge_cap': 44.0}","σ 국면 계수 x0.98 (VIX 0.93)^0.23 | 최근 가중 학습: 반감기 4년 (fold 학습구간 끝 기준) | 앙상블 가중치: NNLS 스태킹 (catboost:0.13,elasticnet:0.06,extra_trees:0.10,gru:0.45,huber:0.25) | NNLS 가 제외한 모델(중복/무기여): pls,random_forest,ridge | baseline은 비교용으로만 유지하고, 최종 예측은 ML/DL 앙상블을 사용 | 채점용 OOF: cross-fitted 스태킹 9/10 fold (첫 fold 는 균등가중) — 최종 가중치는 OOF 전체 NNLS | conformal 잔차 최근 가중 (반감기 250거래일) | drift 축소(실효표본 126.0개): 중앙값 x0.93 | 라이브 보정 x0.86 (최근 20앵커 80% 적중 91%) | sigma_h 0.0589 (GARCH, 학습과 동일 추정량)",본 출력은 통계 모델의 예측 분포이며 투자 조언이 아닙니다. 실제 투자 판단과 그 결과에 대한 책임은 이용자 본인에게 있습니다.
006400,삼성SDI,KR,KRW,10,2026-10-06T02:21:22+09:00,529000.0,477534.2845237006,497323.76308010786,525420.9327135449,551976.9939828813,610319.7028249382,-0.006765722658705231,0.44594594594594594,0.5540540540540541,478037.0070946083,609472.3940855642,467314.0591611807,649682.9782171588,0.07822760962891329,0.39269948368694335,30.921175654021766,LOW,"elasticnet,extra_trees,catboost,huber,gru,pls",elasticnet:0.323;extra_trees:0.218;catboost:0.207;huber:0.153;gru:0.053;pls:0.044,추세=상승추세(200MA 위);변동성=중간변동;거래량=축소/보통;위험선호=위험회피;금리=상승;GMM레짐=LOW_VOL,"benchmark,bond,credit_trades,earnings,fx,investor_trading,market_investor,ohlcv,program_trades,regime,securities_lending,short_selling",,1,2026-10-02,2026-10-06T02:12:48+09:00,497323.76308010786,551976.9939828813,551976.9939828813,610319.7028249382,374081.1165537363,-0.0006767425596309501,1.0,0.0,1.0,,0,497323.76308010786,0.14831628960746596,0.04880872194274218,503000.0,574000.0,-0.00539724704815144,0.4714285714285714,0.11959941302960705,-0.00539724704815144,0.4714285714285714,0.11959941302960705,0.11541994625102617,-0.03621095758865622,0.4666666666666667,0.5301587301587302,0.5301587301587302,-0.058730158730158744,630.0,63.0,0.7354497354497355,0.7354497354497355,0.873015873015873,0.873015873015873,189.0,18.9,0.17843284488185307,1.0,"{'oos_evidence': 1.0, '_effective_oos_samples': 63.0, 'baseline_improvement': 0.0, '_baseline_skill': -0.03621095758865622, 'information_coefficient': 0.0, 'directional_accuracy': 0.0, '_direction_reference_accuracy': 0.5301587301587302, '_directional_edge': -0.058730158730158744, '_interval_effective_samples': 18.9, 'probability_calibration': 0.0, 'interval_coverage': 0.44919419655631176, 'fold_stability': 0.6429233688458644, 'recent_regime': 0.0, 'data_quantity': 1.0, 'data_freshness': 1.0, 'feature_completeness': 1.0, '_no_predictive_edge_cap': 1.0, '_predictive_edge_cap': 44.0}","σ 국면 계수 x0.99 (VIX 0.93)^0.15 | 최근 가중 학습: 반감기 4년 (fold 학습구간 끝 기준) | 앙상블 가중치: NNLS 스태킹 (catboost:0.21,elasticnet:0.32,extra_trees:0.22,gru:0.05,huber:0.15,pls:0.04) | NNLS 가 제외한 모델(중복/무기여): random_forest,ridge | baseline은 비교용으로만 유지하고, 최종 예측은 ML/DL 앙상블을 사용 | 채점용 OOF: cross-fitted 스태킹 9/10 fold (첫 fold 는 균등가중) — 최종 가중치는 OOF 전체 NNLS | conformal 잔차 최근 가중 (반감기 250거래일) | drift 축소(실효표본 63.0개): 중앙값 x0.86 | 라이브 보정 x0.80 (최근 20앵커 80% 적중 95%) | sigma_h 0.0782 (GARCH, 학습과 동일 추정량)",본 출력은 통계 모델의 예측 분포이며 투자 조언이 아닙니다. 실제 투자 판단과 그 결과에 대한 책임은 이용자 본인에게 있습니다.
006400,삼성SDI,KR,KRW,15,2026-10-06T02:21:22+09:00,529000.0,464768.5240095438,494924.81976531004,539782.2647251423,598072.5289404914,713861.6339481464,0.020382352977584617,0.44521739130434784,0.5547826086956522,465366.25071690575,711326.7205518249,449955.24177711725,756183.9634222192,0.12005017401117903,0.4920592890149736,29.745623563133748,LOW,"catboost,elasticnet,ridge,extra_trees,pls,huber",catboost:0.554;elasticnet:0.161;ridge:0.107;extra_trees:0.101;pls:0.040;huber:0.037,추세=상승추세(200MA 위);변동성=중간변동;거래량=축소/보통;위험선호=위험회피;금리=상승;GMM레짐=LOW_VOL,"benchmark,bond,credit_trades,earnings,fx,investor_trading,market_investor,ohlcv,program_trades,regime,securities_lending,short_selling",,1,2026-10-02,2026-10-06T02:14:28+09:00,494924.81976531004,598072.5289404914,598072.5289404914,713861.6339481464,374081.1165537363,0.03615432454671666,1.0,0.0,1.0,,0,494924.81976531004,0.4458625533823344,0.04880872194274218,503000.0,574000.0,-0.05994134671056667,0.4142857142857143,0.1543645927854002,-0.05994134671056667,0.4142857142857143,0.1543645927854002,0.1440596763474287,-0.07153227536843243,0.45396825396825397,0.5396825396825397,0.5396825396825397,-0.12539682539682534,630.0,42.0,0.7248677248677249,0.7248677248677249,0.8624338624338624,0.8624338624338624,189.0,12.6,0.1341650192359309,1.0,"{'oos_evidence': 1.0, '_effective_oos_samples': 42.0, 'baseline_improvement': 0.0, '_baseline_skill': -0.07153227536843243, 'information_coefficient': 0.0, 'directional_accuracy': 0.0, '_direction_reference_accuracy': 0.5396825396825397, '_directional_edge': -0.12539682539682534, '_interval_effective_samples': 12.6, 'probability_calibration': 0.08379084223443674, 'interval_coverage': 0.29677210473317084, 'fold_stability': 0.6107575777926544, 'recent_regime': 0.0, 'data_quantity': 1.0, 'data_freshness': 1.0, 'feature_completeness': 1.0, '_no_predictive_edge_cap': 1.0, '_predictive_edge_cap': 44.0}","σ 국면 계수 x0.99 (VIX 0.93)^0.1 | 최근 가중 학습: 반감기 4년 (fold 학습구간 끝 기준) | 앙상블 가중치: NNLS 스태킹 (catboost:0.55,elasticnet:0.16,extra_trees:0.10,huber:0.04,pls:0.04,ridge:0.11) | NNLS 가 제외한 모델(중복/무기여): gru,random_forest | baseline은 비교용으로만 유지하고, 최종 예측은 ML/DL 앙상블을 사용 | 채점용 OOF: cross-fitted 스태킹 9/10 fold (첫 fold 는 균등가중) — 최종 가중치는 OOF 전체 NNLS | conformal 잔차 최근 가중 (반감기 250거래일) | drift 축소(실효표본 42.0개): 중앙값 x0.81 | sigma_h 0.1201 (GARCH, 학습과 동일 추정량)",본 출력은 통계 모델의 예측 분포이며 투자 조언이 아닙니다. 실제 투자 판단과 그 결과에 대한 책임은 이용자 본인에게 있습니다.
006400,삼성SDI,KR,KRW,20,2026-10-06T02:21:22+09:00,529000.0,456578.5692321692,502325.38675587357,559013.029836179,648405.685834998,748903.0590431694,0.05673540611754069,0.5275590551181102,0.4724409448818898,456758.27208390285,748316.70536397,428216.7121997063,801432.0411949188,0.1459114451928375,0.5179342506169162,34.13076889852184,LOW,"catboost,elasticnet,gru,hist_gbm,pls",catboost:0.321;elasticnet:0.029;gru:0.036;hist_gbm:0.589;pls:0.025,추세=상승추세(200MA 위);변동성=중간변동;거래량=축소/보통;위험선호=위험회피;금리=상승;GMM레짐=LOW_VOL,"benchmark,bond,credit_trades,earnings,fx,investor_trading,market_investor,ohlcv,program_trades,regime,securities_lending,short_selling",,1,2026-10-02,2026-10-06T02:16:08+09:00,502325.38675587357,648405.685834998,648405.685834998,748903.0590431694,374081.1165537363,0.07342680510016394,1.0,0.0,1.0,,0,502325.38675587357,0.7707626286657042,0.04880872194274218,503000.0,574000.0,0.09436432357000803,0.5301587301587302,0.1828813698605616,0.09436432357000803,0.5301587301587302,0.1828813698605616,0.16840565612463965,-0.08595740825479314,0.44126984126984126,0.5555555555555556,0.5555555555555556,-0.025396825396825418,630.0,31.5,0.8571428571428571,0.8571428571428571,0.91005291005291,0.91005291005291,189.0,9.45,0.14352834392600675,1.0,"{'oos_evidence': 1.0, '_effective_oos_samples': 31.5, 'baseline_improvement': 0.0, '_baseline_skill': -0.08595740825479314, 'information_coefficient': 0.2648092262502352, 'directional_accuracy': 0.0, '_direction_reference_accuracy': 0.5555555555555556, '_directional_edge': -0.025396825396825418, '_interval_effective_samples': 9.45, 'probability_calibration': 0.029656853830794767, 'interval_coverage': 0.360059518889388, 'fold_stability': 0.6055971258977837, 'recent_regime': 0.0, 'data_quantity': 1.0, 'data_freshness': 1.0, 'feature_completeness': 1.0}","σ 국면 계수 x1.00 (VIX 0.93)^0.07 | 최근 가중 학습: 반감기 4년 (fold 학습구간 끝 기준) | 앙상블 가중치: NNLS 스태킹 (catboost:0.32,elasticnet:0.03,gru:0.04,hist_gbm:0.59,pls:0.03) | NNLS 가 제외한 모델(중복/무기여): extra_trees,random_forest | baseline은 비교용으로만 유지하고, 최종 예측은 ML/DL 앙상블을 사용 | 채점용 OOF: cross-fitted 스태킹 9/10 fold (첫 fold 는 균등가중) — 최종 가중치는 OOF 전체 NNLS | conformal 잔차 최근 가중 (반감기 250거래일) | drift 축소(실효표본 31.5개): 중앙값 x0.76 | sigma_h 0.1394 (GARCH, 학습과 동일 추정량) | 실적 발표 10-27 예측기간 포함(추정) → 구간 ×1.05 (k=1.7)",본 출력은 통계 모델의 예측 분포이며 투자 조언이 아닙니다. 실제 투자 판단과 그 결과에 대한 책임은 이용자 본인에게 있습니다.
006400,삼성SDI,KR,KRW,25,2026-10-06T02:21:22+09:00,529000.0,461954.5834169319,526414.4555576603,595642.4940868176,712914.6967672893,874720.7531112513,0.1259782496915267,0.5487804878048781,0.4512195121951219,463334.24522222014,874411.0978928967,432318.0963588993,935955.7616013736,0.16245410742328692,0.5157758012435871,30.61312031520888,LOW,"catboost,extra_trees,gru,hist_gbm,huber,pls",catboost:0.083;extra_trees:0.198;gru:0.579;hist_gbm:0.087;huber:0.024;pls:0.028,추세=상승추세(200MA 위);변동성=중간변동;거래량=축소/보통;위험선호=위험회피;금리=상승;GMM레짐=LOW_VOL,"benchmark,bond,credit_trades,earnings,fx,investor_trading,market_investor,ohlcv,program_trades,regime,securities_lending,short_selling",,1,2026-10-02,2026-10-06T02:17:52+09:00,526414.4555576603,712914.6967672893,712914.6967672893,874720.7531112513,374081.1165537363,0.12201861771925773,1.0,0.0,1.0,,0,526414.4555576603,1.1871677143289208,0.04880872194274218,503000.0,574000.0,-0.08373940502002976,0.46825396825396826,0.21718241005513805,-0.08373940502002976,0.46825396825396826,0.21718241005513805,0.19039561371285887,-0.14069019669054517,0.5428571428571428,0.5412698412698412,0.5428571428571428,-0.07460317460317456,630.0,25.2,0.7936507936507936,0.7936507936507936,0.9153439153439153,0.9153439153439153,189.0,7.56,0.1627442679051134,1.0,"{'oos_evidence': 0.916515138991168, '_effective_oos_samples': 25.2, 'baseline_improvement': 0.0, '_baseline_skill': -0.14069019669054517, 'information_coefficient': 0.0, 'directional_accuracy': 0.0, '_direction_reference_accuracy': 0.5428571428571428, '_directional_edge': -0.07460317460317456, '_interval_effective_samples': 7.56, 'probability_calibration': 0.0, 'interval_coverage': 0.5822870435259576, 'fold_stability': 0.5625098490037622, 'recent_regime': 0.0, 'data_quantity': 1.0, 'data_freshness': 1.0, 'feature_completeness': 1.0, '_no_predictive_edge_cap': 1.0, '_predictive_edge_cap': 44.0}","σ 국면 계수 x1.00 (VIX 0.93)^0.05 | 최근 가중 학습: 반감기 4년 (fold 학습구간 끝 기준) | 앙상블 가중치: NNLS 스태킹 (catboost:0.08,extra_trees:0.20,gru:0.58,hist_gbm:0.09,huber:0.02,pls:0.03) | 채점용 OOF: cross-fitted 스태킹 8/10 fold (첫 fold 는 균등가중) — 최종 가중치는 OOF 전체 NNLS | conformal 잔차 최근 가중 (반감기 250거래일) | drift 축소(실효표본 25.2개): 중앙값 x0.72 | sigma_h 0.1566 (GARCH, 학습과 동일 추정량) | 실적 발표 10-27 예측기간 포함(추정) → 구간 ×1.04 (k=1.7)",본 출력은 통계 모델의 예측 분포이며 투자 조언이 아닙니다. 실제 투자 판단과 그 결과에 대한 책임은 이용자 본인에게 있습니다.
006400,삼성SDI,KR,KRW,30,2026-10-06T02:21:22+09:00,529000.0,442553.6878920795,508466.7572147422,597044.3960549784,737586.1966221555,870413.1662127702,0.12862834793001587,0.5624999999999999,0.4375000000000001,443388.02608353173,867989.5913486951,400323.9015721594,951351.7052719321,0.17757430232195026,0.5146592230778246,27.87662224350431,LOW,"catboost,extra_trees,gru,hist_gbm,pls,xgboost",catboost:0.055;extra_trees:0.206;gru:0.439;hist_gbm:0.189;pls:0.022;xgboost:0.089,추세=상승추세(200MA 위);변동성=중간변동;거래량=축소/보통;위험선호=위험회피;금리=상승;GMM레짐=LOW_VOL,"benchmark,bond,credit_trades,earnings,fx,investor_trading,market_investor,ohlcv,program_trades,regime,securities_lending,short_selling",,1,2026-10-02,2026-10-06T02:19:36+09:00,508466.7572147422,737586.1966221555,737586.1966221555,870413.1662127702,374081.1165537363,0.10506799117784324,1.0,0.0,1.0,,0,508466.7572147422,1.346422024107263,0.04880872194274218,503000.0,574000.0,-0.007965538551909393,0.45396825396825397,0.22942932499933982,-0.007965538551909393,0.45396825396825397,0.22942932499933982,0.20931929528811855,-0.09607346366965697,0.5444444444444444,0.5428571428571428,0.5444444444444444,-0.09047619047619043,630.0,21.0,0.8412698412698413,0.8412698412698413,0.8994708994708994,0.8994708994708994,189.0,6.3,0.22262481161785905,1.0,"{'oos_evidence': 0.8366600265340756, '_effective_oos_samples': 21.0, 'baseline_improvement': 0.0, '_baseline_skill': -0.09607346366965697, 'information_coefficient': 0.0, 'directional_accuracy': 0.0, '_direction_reference_accuracy': 0.5444444444444444, '_directional_edge': -0.09047619047619043, '_interval_effective_samples': 6.3, 'probability_calibration': 0.0, 'interval_coverage': 0.3682265999682293, 'fold_stability': 0.582775597848126, 'recent_regime': 0.0, 'data_quantity': 1.0, 'data_freshness': 1.0, 'feature_completeness': 1.0, '_no_predictive_edge_cap': 1.0, '_predictive_edge_cap': 44.0}","σ 국면 계수 x1.00 (VIX 0.93)^0.04 | 최근 가중 학습: 반감기 4년 (fold 학습구간 끝 기준) | 앙상블 가중치: NNLS 스태킹 (catboost:0.06,extra_trees:0.21,gru:0.44,hist_gbm:0.19,pls:0.02,xgboost:0.09) | NNLS 가 제외한 모델(중복/무기여): elasticnet,random_forest | baseline은 비교용으로만 유지하고, 최종 예측은 ML/DL 앙상블을 사용 | 채점용 OOF: cross-fitted 스태킹 8/10 fold (첫 fold 는 균등가중) — 최종 가중치는 OOF 전체 NNLS | conformal 잔차 최근 가중 (반감기 250거래일) | drift 축소(실효표본 21.0개): 중앙값 x0.68 | sigma_h 0.1722 (GARCH, 학습과 동일 추정량) | 실적 발표 10-27 예측기간 포함(추정) → 구간 ×1.03 (k=1.7)",본 출력은 통계 모델의 예측 분포이며 투자 조언이 아닙니다. 실제 투자 판단과 그 결과에 대한 책임은 이용자 본인에게 있습니다.
373220,LG에너지솔루션,KR,KRW,5,2026-10-06T02:27:12+09:00,369000.0,344459.19432534947,355972.47003149026,367437.7999835378,380928.7507702212,392633.0658381594,-0.004233604380656342,0.44642857142857145,0.5535714285714286,344712.5078393723,392613.9308055552,338715.3402349523,406924.5442436219,0.0479122103070523,0.340142950513403,46.12365537256578,MEDIUM,"elasticnet,quantile_gbm",elasticnet:0.971;quantile_gbm:0.029,추세=하락추세(200MA 아래);변동성=중간변동;거래량=축소/보통;위험선호=위험회피;금리=상승;GMM레짐=LOW_VOL,"benchmark,bond,credit_trades,earnings,fx,investor_trading,market_investor,ohlcv,program_trades,regime,securities_lending,short_selling",,1,2026-10-02,2026-10-06T02:21:23+09:00,355972.47003149026,380928.7507702212,380928.7507702212,392633.0658381594,299908.4493329593,-0.0009727514056340934,1.0,0.0,1.0,,0,355972.47003149026,0.1726513684387698,0.041868131155114896,347000.0,376000.0,0.07848308344440859,0.5317460317460317,0.06512075969178101,0.07848308344440859,0.5317460317460317,0.06512075969178101,0.06050999994396643,-0.07619831023110635,0.5,0.5,0.5,0.031746031746031744,630.0,126.0,0.8095238095238095,0.8095238095238095,0.9047619047619048,0.9047619047619048,189.0,37.8,0.1428107381498412,1.0,"{'oos_evidence': 1.0, '_effective_oos_samples': 126.0, 'baseline_improvement': 0.0, '_baseline_skill': -0.07619831023110635, 'information_coefficient': 0.4404852133598505, 'directional_accuracy': 0.2262529032062852, '_direction_reference_accuracy': 0.5, '_directional_edge': 0.031746031746031744, '_interval_effective_samples': 37.8, 'probability_calibration': 0.047928412334392045, 'interval_coverage': 0.9206349206349209, 'fold_stability': 0.6771080615308397, 'recent_regime': 0.0, 'data_quantity': 1.0, 'data_freshness': 1.0, 'feature_completeness': 1.0}","σ 국면 계수 x0.98 (VIX 0.93)^0.23 | 최근 가중 학습: 반감기 4년 (fold 학습구간 끝 기준) | 앙상블 가중치: NNLS 스태킹 (elasticnet:0.97,quantile_gbm:0.03) | NNLS 가 제외한 모델(중복/무기여): extra_trees,ridge | 채점용 OOF: cross-fitted 스태킹 2/10 fold (첫 fold 는 균등가중) — 최종 가중치는 OOF 전체 NNLS | conformal 잔차 최근 가중 (반감기 250거래일) | drift 축소(실효표본 126.0개): 중앙값 x0.93 | 라이브 보정 x0.86 (최근 20앵커 80% 적중 91%) | sigma_h 0.0479 (GARCH, 학습과 동일 추정량)",본 출력은 통계 모델의 예측 분포이며 투자 조언이 아닙니다. 실제 투자 판단과 그 결과에 대한 책임은 이용자 본인에게 있습니다.
373220,LG에너지솔루션,KR,KRW,10,2026-10-06T02:27:12+09:00,369000.0,332638.04036649404,346590.9553657508,363874.23156332213,384630.25981666375,411320.23096271435,-0.013890971373110794,0.45925925925925926,0.5407407407407407,333214.3095368727,411025.8915278025,322778.1725322084,428908.7331672021,0.07460812825763782,0.37452983140615786,34.5863526151749,LOW,"elasticnet,extra_trees,gru,huber,lgbm_linear,ridge",elasticnet:0.697;extra_trees:0.051;gru:0.169;huber:0.030;lgbm_linear:0.023;ridge:0.030,추세=하락추세(200MA 아래);변동성=중간변동;거래량=축소/보통;위험선호=위험회피;금리=상승;GMM레짐=LOW_VOL,"benchmark,bond,credit_trades,earnings,fx,investor_trading,market_investor,ohlcv,program_trades,regime,securities_lending,short_selling",,1,2026-10-02,2026-10-06T02:22:20+09:00,346590.9553657508,384630.25981666375,384630.25981666375,411320.23096271435,276303.95762257563,-0.0014411728387757506,1.0,0.0,1.0,,0,346590.9553657508,0.16861841580056944,0.041868131155114896,347000.0,376000.0,0.010123266943843292,0.5190476190476191,0.09453438995656764,0.010123266943843292,0.5190476190476191,0.09453438995656764,0.0817705993151234,-0.15609266347988715,0.5142857142857142,0.5142857142857142,0.5142857142857142,0.004761904761904856,630.0,63.0,0.8465608465608465,0.8465608465608465,0.9047619047619048,0.9047619047619048,189.0,18.9,0.11574759725873336,1.0,"{'oos_evidence': 1.0, '_effective_oos_samples': 63.0, 'baseline_improvement': 0.0, '_baseline_skill': -0.15609266347988715, 'information_coefficient': 0.008134140185218554, 'directional_accuracy': 0.0036011317975121675, '_direction_reference_accuracy': 0.5142857142857142, '_directional_edge': 0.004761904761904856, '_interval_effective_samples': 18.9, 'probability_calibration': 0.22198094046358366, 'interval_coverage': 0.5949251381871773, 'fold_stability': 0.6687893885060817, 'recent_regime': 0.0, 'data_quantity': 1.0, 'data_freshness': 1.0, 'feature_completeness': 1.0, '_weak_predictive_edge_cap': 1.0, '_predictive_edge_cap': 69.0}","σ 국면 계수 x0.99 (VIX 0.93)^0.15 | 최근 가중 학습: 반감기 4년 (fold 학습구간 끝 기준) | 앙상블 가중치: NNLS 스태킹 (elasticnet:0.70,extra_trees:0.05,gru:0.17,huber:0.03,lgbm_linear:0.02,ridge:0.03) | NNLS 가 제외한 모델(중복/무기여): quantile_gbm,random_forest | baseline은 비교용으로만 유지하고, 최종 예측은 ML/DL 앙상블을 사용 | 채점용 OOF: cross-fitted 스태킹 2/10 fold (첫 fold 는 균등가중) — 최종 가중치는 OOF 전체 NNLS | conformal 잔차 최근 가중 (반감기 250거래일) | drift 축소(실효표본 63.0개): 중앙값 x0.86 | 라이브 보정 x0.80 (최근 20앵커 80% 적중 95%) | sigma_h 0.0640 (GARCH, 학습과 동일 추정량) | 실적 발표 10-11 예측기간 포함(추정) → 구간 ×1.17 (k=2.1)",본 출력은 통계 모델의 예측 분포이며 투자 조언이 아닙니다. 실제 투자 판단과 그 결과에 대한 책임은 이용자 본인에게 있습니다.
373220,LG에너지솔루션,KR,KRW,15,2026-10-06T02:27:12+09:00,369000.0,327066.85786496324,350033.7242249349,374372.844355148,406871.4028736372,458606.15797506325,0.014560553807989152,0.45161290322580644,0.5483870967741935,327122.23107313074,457469.3467933284,316671.4219224666,510896.5941264259,0.10981956541265246,0.4501262719690117,33.82716952445152,LOW,"elasticnet,gru,huber,lgbm_linear,pls,ridge",elasticnet:0.083;gru:0.440;huber:0.101;lgbm_linear:0.038;pls:0.231;ridge:0.107,추세=하락추세(200MA 아래);변동성=중간변동;거래량=축소/보통;위험선호=위험회피;금리=상승;GMM레짐=LOW_VOL,"benchmark,bond,credit_trades,earnings,fx,investor_trading,market_investor,ohlcv,program_trades,regime,securities_lending,short_selling",,1,2026-10-02,2026-10-06T02:23:17+09:00,350033.7242249349,406871.4028736372,406871.4028736372,458606.15797506325,276303.95762257563,0.034007570622435174,1.0,0.0,1.0,,0,350033.7242249349,0.4085546901715471,0.041868131155114896,347000.0,376000.0,-0.062064516574891704,0.4888888888888889,0.11965718573047557,-0.062064516574891704,0.4888888888888889,0.11965718573047557,0.09973398214354091,-0.19976344229653265,0.5253968253968254,0.5158730158730159,0.5253968253968254,-0.036507936507936545,630.0,42.0,0.7883597883597884,0.7883597883597884,0.8624338624338624,0.8624338624338624,189.0,12.6,0.2082205295534116,1.0,"{'oos_evidence': 1.0, '_effective_oos_samples': 42.0, 'baseline_improvement': 0.0, '_baseline_skill': -0.19976344229653265, 'information_coefficient': 0.0, 'directional_accuracy': 0.0, '_direction_reference_accuracy': 0.5253968253968254, '_directional_edge': -0.036507936507936545, '_interval_effective_samples': 12.6, 'probability_calibration': 0.0, 'interval_coverage': 0.7167326302989788, 'fold_stability': 0.6659843221461726, 'recent_regime': 0.0, 'data_quantity': 1.0, 'data_freshness': 1.0, 'feature_completeness': 1.0, '_no_predictive_edge_cap': 1.0, '_predictive_edge_cap': 44.0}","σ 국면 계수 x0.99 (VIX 0.93)^0.1 | 최근 가중 학습: 반감기 4년 (fold 학습구간 끝 기준) | 앙상블 가중치: NNLS 스태킹 (elasticnet:0.08,gru:0.44,huber:0.10,lgbm_linear:0.04,pls:0.23,ridge:0.11) | 채점용 OOF: cross-fitted 스태킹 2/10 fold (첫 fold 는 균등가중) — 최종 가중치는 OOF 전체 NNLS | conformal 잔차 최근 가중 (반감기 250거래일) | drift 축소(실효표본 42.0개): 중앙값 x0.81 | sigma_h 0.0987 (GARCH, 학습과 동일 추정량) | 실적 발표 10-11 예측기간 포함(추정) → 구간 ×1.11 (k=2.1)",본 출력은 통계 모델의 예측 분포이며 투자 조언이 아닙니다. 실제 투자 판단과 그 결과에 대한 책임은 이용자 본인에게 있습니다.
373220,LG에너지솔루션,KR,KRW,20,2026-10-06T02:27:13+09:00,369000.0,314944.1463395021,341349.35815155576,372478.77420513897,405354.4866458691,477202.7407893997,0.009427572371650372,0.45020746887966806,0.549792531120332,315856.858203309,476855.4854319676,304397.305308843,527305.5957234134,0.12480941800241653,0.44302948475071546,31.178143691335425,LOW,"elasticnet,extra_trees,gru,huber,ridge",elasticnet:0.162;extra_trees:0.046;gru:0.310;huber:0.161;ridge:0.322,추세=하락추세(200MA 아래);변동성=중간변동;거래량=축소/보통;위험선호=위험회피;금리=상승;GMM레짐=LOW_VOL,"benchmark,bond,credit_trades,earnings,fx,investor_trading,market_investor,ohlcv,program_trades,regime,securities_lending,short_selling",,1,2026-10-02,2026-10-06T02:24:18+09:00,341349.35815155576,405354.4866458691,405354.4866458691,477202.7407893997,276303.95762257563,0.03224766689193482,1.0,0.0,1.0,,0,341349.35815155576,0.39219027817656904,0.041868131155114896,347000.0,376000.0,-0.15276524460017807,0.49047619047619045,0.13515136191957805,-0.15276524460017807,0.49047619047619045,0.13515136191957805,0.11209952084859565,-0.2056372845885468,0.5396825396825397,0.5333333333333333,0.5396825396825397,-0.0492063492063492,630.0,31.5,0.7619047619047619,0.7619047619047619,0.8518518518518519,0.8518518518518519,189.0,9.45,0.2124934915187408,1.0,"{'oos_evidence': 1.0, '_effective_oos_samples': 31.5, 'baseline_improvement': 0.0, '_baseline_skill': -0.2056372845885468, 'information_coefficient': 0.0, 'directional_accuracy': 0.0, '_direction_reference_accuracy': 0.5396825396825397, '_directional_edge': -0.0492063492063492, '_interval_effective_samples': 9.45, 'probability_calibration': 0.0, 'interval_coverage': 0.4691684640073831, 'fold_stability': 0.6486459051261594, 'recent_regime': 0.0, 'data_quantity': 1.0, 'data_freshness': 1.0, 'feature_completeness': 1.0, '_no_predictive_edge_cap': 1.0, '_predictive_edge_cap': 44.0}","σ 국면 계수 x1.00 (VIX 0.93)^0.07 | 최근 가중 학습: 반감기 4년 (fold 학습구간 끝 기준) | 앙상블 가중치: NNLS 스태킹 (elasticnet:0.16,extra_trees:0.05,gru:0.31,huber:0.16,ridge:0.32) | NNLS 가 제외한 모델(중복/무기여): quantile_gbm,random_forest | baseline은 비교용으로만 유지하고, 최종 예측은 ML/DL 앙상블을 사용 | 채점용 OOF: cross-fitted 스태킹 1/10 fold (첫 fold 는 균등가중) — 최종 가중치는 OOF 전체 NNLS | conformal 잔차 최근 가중 (반감기 250거래일) | drift 축소(실효표본 31.5개): 중앙값 x0.76 | sigma_h 0.1149 (GARCH, 학습과 동일 추정량) | 실적 발표 10-11 예측기간 포함(추정) → 구간 ×1.09 (k=2.1)",본 출력은 통계 모델의 예측 분포이며 투자 조언이 아닙니다. 실제 투자 판단과 그 결과에 대한 책임은 이용자 본인에게 있습니다.
373220,LG에너지솔루션,KR,KRW,25,2026-10-06T02:27:13+09:00,369000.0,339220.4196895139,363801.55713854934,400381.11992799747,439008.48084065097,535547.1414840926,0.08504368544172758,0.47619047619047616,0.5238095238095238,340111.273421336,534064.2098459555,326236.1133930794,569351.7861449992,0.13839029824196497,0.43937557561475826,29.765834022841464,LOW,"elasticnet,extra_trees,gru,pls,ridge",elasticnet:0.160;extra_trees:0.074;gru:0.494;pls:0.202;ridge:0.069,추세=하락추세(200MA 아래);변동성=중간변동;거래량=축소/보통;위험선호=위험회피;금리=상승;GMM레짐=LOW_VOL,"benchmark,bond,credit_trades,earnings,fx,investor_trading,market_investor,ohlcv,program_trades,regime,securities_lending,short_selling",,1,2026-10-02,2026-10-06T02:25:16+09:00,363801.55713854934,439008.48084065097,439008.48084065097,535547.1414840926,276303.95762257563,0.11083567402580372,1.0,0.0,1.0,,0,363801.55713854934,0.7552477866919286,0.041868131155114896,347000.0,376000.0,-0.1287823150016013,0.4777777777777778,0.14617028199847149,-0.1287823150016013,0.4777777777777778,0.14617028199847149,0.1235718784635323,-0.18287658823288244,0.5793650793650794,0.5777777777777777,0.5793650793650794,-0.10158730158730161,630.0,25.2,0.7566137566137566,0.7566137566137566,0.8042328042328042,0.8042328042328042,189.0,7.56,0.20619076568282202,1.0,"{'oos_evidence': 0.916515138991168, '_effective_oos_samples': 25.2, 'baseline_improvement': 0.0, '_baseline_skill': -0.18287658823288244, 'information_coefficient': 0.0, 'directional_accuracy': 0.0, '_direction_reference_accuracy': 0.5793650793650794, '_directional_edge': -0.10158730158730161, '_interval_effective_samples': 7.56, 'probability_calibration': 0.0, 'interval_coverage': 0.3925286960081876, 'fold_stability': 0.6675395672847909, 'recent_regime': 0.0, 'data_quantity': 1.0, 'data_freshness': 1.0, 'feature_completeness': 1.0, '_no_predictive_edge_cap': 1.0, '_predictive_edge_cap': 44.0}","σ 국면 계수 x1.00 (VIX 0.93)^0.05 | 최근 가중 학습: 반감기 4년 (fold 학습구간 끝 기준) | 앙상블 가중치: NNLS 스태킹 (elasticnet:0.16,extra_trees:0.07,gru:0.49,pls:0.20,ridge:0.07) | NNLS 가 제외한 모델(중복/무기여): catboost,quantile_gbm | baseline은 비교용으로만 유지하고, 최종 예측은 ML/DL 앙상블을 사용 | 채점용 OOF: cross-fitted 스태킹 1/10 fold (첫 fold 는 균등가중) — 최종 가중치는 OOF 전체 NNLS | conformal 잔차 최근 가중 (반감기 250거래일) | drift 축소(실효표본 25.2개): 중앙값 x0.72 | sigma_h 0.1294 (GARCH, 학습과 동일 추정량) | 실적 발표 10-11 예측기간 포함(추정) → 구간 ×1.07 (k=2.1)",본 출력은 통계 모델의 예측 분포이며 투자 조언이 아닙니다. 실제 투자 판단과 그 결과에 대한 책임은 이용자 본인에게 있습니다.
373220,LG에너지솔루션,KR,KRW,30,2026-10-06T02:27:13+09:00,369000.0,346020.4430777998,384202.39470409846,419918.86459903786,476912.5369336483,575116.3127052764,0.13799150297842244,0.5645161290322581,0.4354838709677419,346087.79466709896,572593.8377113274,336202.6271298897,638120.639178986,0.15085623751762697,0.43722291447611406,28.02942131528884,LOW,"extra_trees,gru,huber,pls",extra_trees:0.022;gru:0.048;huber:0.115;pls:0.814,추세=하락추세(200MA 아래);변동성=중간변동;거래량=축소/보통;위험선호=위험회피;금리=상승;GMM레짐=LOW_VOL,"benchmark,bond,credit_trades,earnings,fx,investor_trading,market_investor,ohlcv,program_trades,regime,securities_lending,short_selling",,1,2026-10-02,2026-10-06T02:26:13+09:00,384202.39470409846,476912.5369336483,476912.5369336483,575116.3127052764,276303.95762257563,0.17541689651939416,1.0,0.0,1.0,,0,384202.39470409846,1.1641547380660322,0.041868131155114896,347000.0,376000.0,-0.11541576760837027,0.45555555555555555,0.1646756264070434,-0.11541576760837027,0.45555555555555555,0.1646756264070434,0.1331710902195698,-0.23657188760360492,0.5936507936507937,0.5904761904761905,0.5936507936507937,-0.1380952380952381,630.0,21.0,0.7566137566137566,0.7566137566137566,0.8306878306878307,0.8306878306878307,189.0,6.3,0.30228881789127726,1.0,"{'oos_evidence': 0.8366600265340756, '_effective_oos_samples': 21.0, 'baseline_improvement': 0.0, '_baseline_skill': -0.23657188760360492, 'information_coefficient': 0.0, 'directional_accuracy': 0.0, '_direction_reference_accuracy': 0.5936507936507937, '_directional_edge': -0.1380952380952381, '_interval_effective_samples': 6.3, 'probability_calibration': 0.0, 'interval_coverage': 0.35832803545295405, 'fold_stability': 0.6079540695418542, 'recent_regime': 0.0, 'data_quantity': 1.0, 'data_freshness': 1.0, 'feature_completeness': 1.0, '_no_predictive_edge_cap': 1.0, '_predictive_edge_cap': 44.0}","σ 국면 계수 x1.00 (VIX 0.93)^0.04 | 최근 가중 학습: 반감기 4년 (fold 학습구간 끝 기준) | 앙상블 가중치: NNLS 스태킹 (extra_trees:0.02,gru:0.05,huber:0.12,pls:0.81) | NNLS 가 제외한 모델(중복/무기여): catboost,elasticnet,quantile_gbm,ridge,xgboost | baseline은 비교용으로만 유지하고, 최종 예측은 ML/DL 앙상블을 사용 | 채점용 OOF: cross-fitted 스태킹 1/10 fold (첫 fold 는 균등가중) — 최종 가중치는 OOF 전체 NNLS | conformal 잔차 최근 가중 (반감기 250거래일) | drift 축소(실효표본 21.0개): 중앙값 x0.68 | sigma_h 0.1426 (GARCH, 학습과 동일 추정량) | 실적 발표 10-11 예측기간 포함(추정) → 구간 ×1.06 (k=2.1)",본 출력은 통계 모델의 예측 분포이며 투자 조언이 아닙니다. 실제 투자 판단과 그 결과에 대한 책임은 이용자 본인에게 있습니다.
096770,SK이노베이션,KR,KRW,5,2026-10-06T02:37:12+09:00,151200.0,133796.79843006658,142104.73900323064,150053.09054086253,159874.00313513767,172239.02667291247,-0.007585380020750487,0.48036951501154734,0.5196304849884527,133840.79321316513,172181.6054226009,129482.36432042635,178550.9154246161,0.09146961499786034,0.6493698480680964,40.726485878169946,LOW,"elasticnet,gru,hist_gbm,huber,pls",elasticnet:0.105;gru:0.737;hist_gbm:0.036;huber:0.098;pls:0.024,추세=상승추세(200MA 위);변동성=고변동;거래량=축소/보통;위험선호=위험회피;금리=상승;GMM레짐=HIGH_VOL,"benchmark,bond,credit_trades,earnings,fx,investor_trading,market_investor,ohlcv,program_trades,regime,securities_lending,short_selling",,1,2026-10-02,2026-10-06T02:27:16+09:00,142104.73900323064,159874.00313513767,159874.00313513767,172239.02667291247,103022.85278986572,-0.0009958780394324534,1.0,0.0,1.0,,0,142104.73900323064,0.18004393446760691,0.07124826463219218,126100.0,164700.0,0.035646773346934925,0.4857142857142857,0.06902953458020775,0.035646773346934925,0.4857142857142857,0.06902953458020775,0.06720625378031612,-0.02712963001704516,0.5253968253968254,0.5158730158730159,0.5253968253968254,-0.03968253968253971,630.0,126.0,0.8042328042328042,0.8042328042328042,0.9206349206349206,0.9206349206349206,189.0,37.8,0.11358807763974978,1.0,"{'oos_evidence': 1.0, '_effective_oos_samples': 126.0, 'baseline_improvement': 0.0, '_baseline_skill': -0.02712963001704516, 'information_coefficient': 0.14263487376117126, 'directional_accuracy': 0.0, '_direction_reference_accuracy': 0.5253968253968254, '_directional_edge': -0.03968253968253971, '_interval_effective_samples': 37.8, 'probability_calibration': 0.2427461490683348, 'interval_coverage': 0.9647266313932988, 'fold_stability': 0.685509239151154, 'recent_regime': 0.0, 'data_quantity': 1.0, 'data_freshness': 1.0, 'feature_completeness': 1.0}","σ 국면 계수 x0.98 (VIX 0.93)^0.23 | 최근 가중 학습: 반감기 4년 (fold 학습구간 끝 기준) | 앙상블 가중치: NNLS 스태킹 (elasticnet:0.10,gru:0.74,hist_gbm:0.04,huber:0.10,pls:0.02) | 채점용 OOF: cross-fitted 스태킹 9/10 fold (첫 fold 는 균등가중) — 최종 가중치는 OOF 전체 NNLS | conformal 잔차 최근 가중 (반감기 250거래일) | drift 축소(실효표본 126.0개): 중앙값 x0.93 | 라이브 보정 x0.86 (최근 20앵커 80% 적중 91%) | sigma_h 0.0915 (GARCH, 학습과 동일 추정량)",본 출력은 통계 모델의 예측 분포이며 투자 조언이 아닙니다. 실제 투자 판단과 그 결과에 대한 책임은 이용자 본인에게 있습니다.
096770,SK이노베이션,KR,KRW,10,2026-10-06T02:37:13+09:00,151200.0,129753.54784519797,141138.5506206843,152602.55395107355,165395.8006619678,178590.49419702718,0.009276150470063138,0.4967532467532468,0.5032467532467533,129788.8213780695,178280.85009686064,125768.11535182664,189257.14493686243,0.11876864877430326,0.5962138850095492,37.10440405752553,LOW,"gru,extra_trees,pls,hist_gbm,random_forest,quantile_gbm",gru:0.498;extra_trees:0.159;pls:0.107;hist_gbm:0.090;random_forest:0.076;quantile_gbm:0.069,추세=상승추세(200MA 위);변동성=고변동;거래량=축소/보통;위험선호=위험회피;금리=상승;GMM레짐=HIGH_VOL,"benchmark,bond,credit_trades,earnings,fx,investor_trading,market_investor,ohlcv,program_trades,regime,securities_lending,short_selling",,1,2026-10-02,2026-10-06T02:28:56+09:00,141138.5506206843,165395.8006619678,165395.8006619678,178590.49419702718,86563.57432567525,0.007697173635926261,1.0,0.0,1.0,,0,141138.5506206843,0.21962539719467722,0.07124826463219218,126100.0,164700.0,-0.01276215333523691,0.5095238095238095,0.09907867732174794,-0.01276215333523691,0.5095238095238095,0.09907867732174794,0.09207006663234714,-0.07612257648718201,0.526984126984127,0.5253968253968254,0.526984126984127,-0.01746031746031751,630.0,63.0,0.7724867724867724,0.7724867724867724,0.9365079365079365,0.9365079365079365,189.0,18.9,0.09424628432339749,1.0,"{'oos_evidence': 1.0, '_effective_oos_samples': 63.0, 'baseline_improvement': 0.0, '_baseline_skill': -0.07612257648718201, 'information_coefficient': 0.0, 'directional_accuracy': 0.0, '_direction_reference_accuracy': 0.526984126984127, '_directional_edge': -0.01746031746031751, '_interval_effective_samples': 18.9, 'probability_calibration': 0.3613253742728182, 'interval_coverage': 0.7492284881492678, 'fold_stability': 0.6721516181850303, 'recent_regime': 0.0, 'data_quantity': 1.0, 'data_freshness': 1.0, 'feature_completeness': 1.0, '_no_predictive_edge_cap': 1.0, '_predictive_edge_cap': 44.0}","σ 국면 계수 x0.99 (VIX 0.93)^0.15 | 최근 가중 학습: 반감기 4년 (fold 학습구간 끝 기준) | 앙상블 가중치: NNLS 스태킹 (extra_trees:0.16,gru:0.50,hist_gbm:0.09,pls:0.11,quantile_gbm:0.07,random_forest:0.08) | NNLS 가 제외한 모델(중복/무기여): ridge | 채점용 OOF: cross-fitted 스태킹 9/10 fold (첫 fold 는 균등가중) — 최종 가중치는 OOF 전체 NNLS | conformal 잔차 최근 가중 (반감기 250거래일) | drift 축소(실효표본 63.0개): 중앙값 x0.86 | 라이브 보정 x0.80 (최근 20앵커 80% 적중 95%) | sigma_h 0.1188 (GARCH, 학습과 동일 추정량)",본 출력은 통계 모델의 예측 분포이며 투자 조언이 아닙니다. 실제 투자 판단과 그 결과에 대한 책임은 이용자 본인에게 있습니다.
096770,SK이노베이션,KR,KRW,15,2026-10-06T02:37:13+09:00,151200.0,119538.70082560273,136734.90492011438,156247.86525536666,174845.4898364633,195163.83612510134,0.033385352218033404,0.5115606936416185,0.4884393063583815,120208.8702559928,194845.39305885666,112729.77964381636,203637.43458521488,0.17845919659052994,0.7314650404783462,37.921950022056066,LOW,"gru,hist_gbm,pls,quantile_gbm,random_forest",gru:0.665;hist_gbm:0.031;pls:0.126;quantile_gbm:0.074;random_forest:0.104,추세=상승추세(200MA 위);변동성=고변동;거래량=축소/보통;위험선호=위험회피;금리=상승;GMM레짐=HIGH_VOL,"benchmark,bond,credit_trades,earnings,fx,investor_trading,market_investor,ohlcv,program_trades,regime,securities_lending,short_selling",,1,2026-10-02,2026-10-06T02:30:38+09:00,136734.90492011438,174845.4898364633,174845.4898364633,195163.83612510134,86563.57432567525,0.01726405786121437,1.0,0.0,1.0,,0,136734.90492011438,0.3658229796864509,0.07124826463219218,126100.0,164700.0,0.05386528171393109,0.5111111111111111,0.11719038845248836,0.05386528171393109,0.5111111111111111,0.11719038845248836,0.10749837336137961,-0.09015964416993438,0.48412698412698413,0.5158730158730159,0.5158730158730159,-0.004761904761904856,630.0,42.0,0.8095238095238095,0.8095238095238095,0.9629629629629629,0.9629629629629629,189.0,12.6,0.12320475918258961,1.0,"{'oos_evidence': 1.0, '_effective_oos_samples': 42.0, 'baseline_improvement': 0.0, '_baseline_skill': -0.09015964416993438, 'information_coefficient': 0.17454346171733895, 'directional_accuracy': 0.0, '_direction_reference_accuracy': 0.5158730158730159, '_directional_edge': -0.004761904761904856, '_interval_effective_samples': 12.6, 'probability_calibration': 0.14178708704590995, 'interval_coverage': 0.7307313144845062, 'fold_stability': 0.6687644793366301, 'recent_regime': 0.0, 'data_quantity': 1.0, 'data_freshness': 1.0, 'feature_completeness': 1.0}","σ 국면 계수 x0.99 (VIX 0.93)^0.1 | 최근 가중 학습: 반감기 4년 (fold 학습구간 끝 기준) | 앙상블 가중치: NNLS 스태킹 (gru:0.66,hist_gbm:0.03,pls:0.13,quantile_gbm:0.07,random_forest:0.10) | NNLS 가 제외한 모델(중복/무기여): extra_trees,ridge | 채점용 OOF: cross-fitted 스태킹 9/10 fold (첫 fold 는 균등가중) — 최종 가중치는 OOF 전체 NNLS | conformal 잔차 최근 가중 (반감기 250거래일) | drift 축소(실효표본 42.0개): 중앙값 x0.81 | sigma_h 0.1785 (GARCH, 학습과 동일 추정량)",본 출력은 통계 모델의 예측 분포이며 투자 조언이 아닙니다. 실제 투자 판단과 그 결과에 대한 책임은 이용자 본인에게 있습니다.
096770,SK이노베이션,KR,KRW,20,2026-10-06T02:37:13+09:00,151200.0,104519.70556874249,128633.57150377127,149199.40481483896,169987.76901041082,193023.82646753822,-0.01323144963730849,0.5168539325842697,0.4831460674157303,104654.07146676454,192924.0494868924,95014.00368877912,202025.57024683428,0.2139037250107343,0.7592829018394229,36.81425781837932,LOW,"elasticnet,gru,hist_gbm,huber,lgbm_linear,quantile_gbm",elasticnet:0.056;gru:0.427;hist_gbm:0.283;huber:0.058;lgbm_linear:0.034;quantile_gbm:0.142,추세=상승추세(200MA 위);변동성=고변동;거래량=축소/보통;위험선호=위험회피;금리=상승;GMM레짐=HIGH_VOL,"benchmark,bond,credit_trades,earnings,fx,investor_trading,market_investor,ohlcv,program_trades,regime,securities_lending,short_selling",,1,2026-10-02,2026-10-06T02:32:18+09:00,128633.57150377127,169987.76901041082,169987.76901041082,193023.82646753822,86563.57432567525,-0.0036394135753413798,1.0,0.0,1.0,,0,129654.52477522509,0.29066843988363983,0.07124826463219218,126100.0,164700.0,0.118861672668654,0.5523809523809524,0.14451173442729345,0.118861672668654,0.5523809523809524,0.14451173442729345,0.12215971397278019,-0.18297374582502512,0.49682539682539684,0.5031746031746032,0.5031746031746032,0.049206349206349254,630.0,31.5,0.8941798941798942,0.8941798941798942,0.9841269841269841,0.9841269841269841,189.0,9.45,0.13315149042253055,1.0,"{'oos_evidence': 1.0, '_effective_oos_samples': 31.5, 'baseline_improvement': 0.0, '_baseline_skill': -0.18297374582502512, 'information_coefficient': 0.33355474165873167, 'directional_accuracy': 0.27179177832409457, '_direction_reference_accuracy': 0.5031746031746032, '_directional_edge': 0.049206349206349254, '_interval_effective_samples': 9.45, 'probability_calibration': 0.0772095704859422, 'interval_coverage': 0.14790323671550618, 'fold_stability': 0.6119171680907871, 'recent_regime': 0.0, 'data_quantity': 1.0, 'data_freshness': 1.0, 'feature_completeness': 1.0}","σ 국면 계수 x1.00 (VIX 0.93)^0.07 | 최근 가중 학습: 반감기 4년 (fold 학습구간 끝 기준) | 앙상블 가중치: NNLS 스태킹 (elasticnet:0.06,gru:0.43,hist_gbm:0.28,huber:0.06,lgbm_linear:0.03,quantile_gbm:0.14) | NNLS 가 제외한 모델(중복/무기여): extra_trees,ridge | 채점용 OOF: cross-fitted 스태킹 9/10 fold (첫 fold 는 균등가중) — 최종 가중치는 OOF 전체 NNLS | conformal 잔차 최근 가중 (반감기 250거래일) | drift 축소(실효표본 31.5개): 중앙값 x0.76 | sigma_h 0.2033 (GARCH, 학습과 동일 추정량) | 실적 발표 10-30 예측기간 포함(추정) → 구간 ×1.05 (k=1.8)",본 출력은 통계 모델의 예측 분포이며 투자 조언이 아닙니다. 실제 투자 판단과 그 결과에 대한 책임은 이용자 본인에게 있습니다.
096770,SK이노베이션,KR,KRW,25,2026-10-06T02:37:13+09:00,151200.0,98503.14484727112,127050.4801557965,146090.62734472967,167035.67374944108,192262.9145706993,-0.03379214719094137,0.44642857142857145,0.5535714285714286,98611.44665192548,191651.3465631457,90883.93454625098,204173.14563550166,0.2337865500983848,0.7422492857184831,35.64921840220116,LOW,"gru,xgboost,extra_trees,elasticnet,pls,huber",gru:0.447;xgboost:0.147;extra_trees:0.135;elasticnet:0.111;pls:0.085;huber:0.075,추세=상승추세(200MA 위);변동성=고변동;거래량=축소/보통;위험선호=위험회피;금리=상승;GMM레짐=HIGH_VOL,"benchmark,bond,credit_trades,earnings,fx,investor_trading,market_investor,ohlcv,program_trades,regime,securities_lending,short_selling",,1,2026-10-02,2026-10-06T02:33:59+09:00,127050.4801557965,167035.67374944108,167035.67374944108,192262.9145706993,86563.57432567525,-0.01734615345842549,1.0,0.0,1.0,,0,129654.52477522509,0.24499612384555808,0.07124826463219218,126100.0,164700.0,0.15561144918840455,0.5507936507936508,0.15135097130616482,0.15561144918840455,0.5507936507936508,0.15135097130616482,0.13479914554374073,-0.12278880326472996,0.49047619047619045,0.5095238095238095,0.5095238095238095,0.041269841269841345,630.0,25.2,0.9259259259259259,0.9259259259259259,0.9788359788359788,0.9788359788359788,189.0,7.56,0.07839141077291138,1.0,"{'oos_evidence': 0.916515138991168, '_effective_oos_samples': 25.2, 'baseline_improvement': 0.0, '_baseline_skill': -0.12278880326472996, 'information_coefficient': 0.3905816376209295, 'directional_accuracy': 0.17103093146044085, '_direction_reference_accuracy': 0.5095238095238095, '_directional_edge': 0.041269841269841345, '_interval_effective_samples': 7.56, 'probability_calibration': 0.2935078752919208, 'interval_coverage': 0.0, 'fold_stability': 0.5834326630493946, 'recent_regime': 0.0, 'data_quantity': 1.0, 'data_freshness': 1.0, 'feature_completeness': 1.0}","σ 국면 계수 x1.00 (VIX 0.93)^0.05 | 최근 가중 학습: 반감기 4년 (fold 학습구간 끝 기준) | 앙상블 가중치: NNLS 스태킹 (elasticnet:0.11,extra_trees:0.13,gru:0.45,huber:0.07,pls:0.09,xgboost:0.15) | NNLS 가 제외한 모델(중복/무기여): ridge | 채점용 OOF: cross-fitted 스태킹 9/10 fold (첫 fold 는 균등가중) — 최종 가중치는 OOF 전체 NNLS | conformal 잔차 최근 가중 (반감기 250거래일) | drift 축소(실효표본 25.2개): 중앙값 x0.72 | sigma_h 0.2243 (GARCH, 학습과 동일 추정량) | 실적 발표 10-30 예측기간 포함(추정) → 구간 ×1.04 (k=1.8)",본 출력은 통계 모델의 예측 분포이며 투자 조언이 아닙니다. 실제 투자 판단과 그 결과에 대한 책임은 이용자 본인에게 있습니다.
096770,SK이노베이션,KR,KRW,30,2026-10-06T02:37:13+09:00,151200.0,90163.82827569146,121344.61876494253,139367.44213793633,163954.10480011872,186692.86379599923,-0.07825765781788141,0.5376623376623377,0.46233766233766227,90466.76466973643,186515.3677240487,83925.14942558485,195048.07752488885,0.25132245917724483,0.7284016881432541,30.524253648093087,LOW,"gru,catboost,extra_trees,elasticnet,ridge,quantile_gbm",gru:0.486;catboost:0.156;extra_trees:0.118;elasticnet:0.100;ridge:0.079;quantile_gbm:0.060,추세=상승추세(200MA 위);변동성=고변동;거래량=축소/보통;위험선호=위험회피;금리=상승;GMM레짐=HIGH_VOL,"benchmark,bond,credit_trades,earnings,fx,investor_trading,market_investor,ohlcv,program_trades,regime,securities_lending,short_selling",,1,2026-10-02,2026-10-06T02:35:36+09:00,121344.61876494253,163954.10480011872,163954.10480011872,186692.86379599923,86563.57432567525,-0.06548313201260457,1.0,0.0,1.0,,0,129654.52477522509,0.1973207006275561,0.07124826463219218,126100.0,164700.0,0.131184130264357,0.5428571428571428,0.16021995054847743,0.131184130264357,0.5428571428571428,0.16021995054847743,0.143619724602573,-0.11558458277120964,0.48095238095238096,0.5190476190476191,0.5190476190476191,0.023809523809523725,630.0,21.0,0.9047619047619048,0.9047619047619048,0.9735449735449735,0.9735449735449735,189.0,6.3,0.20891698669736547,1.0,"{'oos_evidence': 0.8366600265340756, '_effective_oos_samples': 21.0, 'baseline_improvement': 0.0, '_baseline_skill': -0.11558458277120964, 'information_coefficient': 0.3005806034566816, 'directional_accuracy': 0.05199438258078264, '_direction_reference_accuracy': 0.5190476190476191, '_directional_edge': 0.023809523809523725, '_interval_effective_samples': 6.3, 'probability_calibration': 0.0, 'interval_coverage': 0.07126966450998003, 'fold_stability': 0.6011734491376232, 'recent_regime': 0.0, 'data_quantity': 1.0, 'data_freshness': 1.0, 'feature_completeness': 1.0}","σ 국면 계수 x1.00 (VIX 0.93)^0.04 | 최근 가중 학습: 반감기 4년 (fold 학습구간 끝 기준) | 앙상블 가중치: NNLS 스태킹 (catboost:0.16,elasticnet:0.10,extra_trees:0.12,gru:0.49,quantile_gbm:0.06,ridge:0.08) | 채점용 OOF: cross-fitted 스태킹 9/10 fold (첫 fold 는 균등가중) — 최종 가중치는 OOF 전체 NNLS | conformal 잔차 최근 가중 (반감기 250거래일) | drift 축소(실효표본 21.0개): 중앙값 x0.68 | sigma_h 0.2428 (GARCH, 학습과 동일 추정량) | 실적 발표 10-30 예측기간 포함(추정) → 구간 ×1.04 (k=1.8)",본 출력은 통계 모델의 예측 분포이며 투자 조언이 아닙니다. 실제 투자 판단과 그 결과에 대한 책임은 이용자 본인에게 있습니다.
247540,에코프로비엠,KR,KRW,5,2026-10-06T02:45:02+09:00,115600.0,101498.34473183806,106027.59138718036,111141.11855264976,116444.40622067108,122419.8324134974,-0.038571638817908704,0.3684210526315789,0.631578947368421,101531.11082531814,122303.0180950216,98501.48405274196,126227.13908031961,0.07235867270627362,0.5136956168754089,39.81303680048703,LOW,"catboost,extra_trees,hist_gbm,lightgbm,quantile_gbm,xgboost",catboost:0.063;extra_trees:0.075;hist_gbm:0.108;lightgbm:0.074;quantile_gbm:0.660;xgboost:0.021,추세=하락추세(200MA 아래);변동성=중간변동;거래량=축소/보통;위험선호=위험회피;금리=상승;GMM레짐=LOW_VOL,"benchmark,bond,credit_trades,earnings,fx,investor_trading,market_investor,ohlcv,program_trades,regime,securities_lending,short_selling",,1,2026-10-02,2026-10-06T02:37:14+09:00,106027.59138718036,116444.40622067108,116444.40622067108,122419.8324134974,87303.47281625343,-0.026673174702674652,1.0,0.0,1.0,,0,106027.59138718036,0.029841337602591198,0.054734393001754346,102200.0,120000.0,0.00023738797497571297,0.49206349206349204,0.09758714861451288,0.00023738797497571297,0.49206349206349204,0.09758714861451288,0.0912690217514913,-0.06922531590427994,0.5476190476190477,0.546031746031746,0.5476190476190477,-0.055555555555555636,630.0,126.0,0.783068783068783,0.783068783068783,0.8783068783068783,0.8783068783068783,189.0,37.8,0.07878610597910987,1.0,"{'oos_evidence': 1.0, '_effective_oos_samples': 126.0, 'baseline_improvement': 0.0, '_baseline_skill': -0.06922531590427994, 'information_coefficient': 6.3256142484216285e-06, 'directional_accuracy': 0.0, '_direction_reference_accuracy': 0.5476190476190477, '_directional_edge': -0.055555555555555636, '_interval_effective_samples': 37.8, 'probability_calibration': 0.4747592934726008, 'interval_coverage': 0.8589065255731915, 'fold_stability': 0.7425795987146334, 'recent_regime': 0.0, 'data_quantity': 1.0, 'data_freshness': 1.0, 'feature_completeness': 1.0, '_no_predictive_edge_cap': 1.0, '_predictive_edge_cap': 44.0}","σ 국면 계수 x0.98 (VIX 0.93)^0.23 | 최근 가중 학습: 반감기 4년 (fold 학습구간 끝 기준) | 앙상블 가중치: NNLS 스태킹 (catboost:0.06,extra_trees:0.08,hist_gbm:0.11,lightgbm:0.07,quantile_gbm:0.66,xgboost:0.02) | NNLS 가 제외한 모델(중복/무기여): elasticnet,random_forest,ridge | baseline은 비교용으로만 유지하고, 최종 예측은 ML/DL 앙상블을 사용 | 채점용 OOF: cross-fitted 스태킹 9/10 fold (첫 fold 는 균등가중) — 최종 가중치는 OOF 전체 NNLS | conformal 잔차 최근 가중 (반감기 250거래일) | drift 축소(실효표본 126.0개): 중앙값 x0.93 | 라이브 보정 x0.86 (최근 20앵커 80% 적중 91%) | sigma_h 0.0724 (GARCH, 학습과 동일 추정량)",본 출력은 통계 모델의 예측 분포이며 투자 조언이 아닙니다. 실제 투자 판단과 그 결과에 대한 책임은 이용자 본인에게 있습니다.
247540,에코프로비엠,KR,KRW,10,2026-10-06T02:45:02+09:00,115600.0,97597.83181163657,102505.40377074199,108101.01869034013,114446.7584338058,123483.00220506334,-0.06487008053338983,0.2727272727272727,0.7272727272727273,97696.98966250372,123188.05451739058,92729.08828427404,131523.18664712473,0.097249912354542,0.4881906855059258,38.83963936521649,LOW,"catboost,extra_trees,gru,hist_gbm,pls,quantile_gbm",catboost:0.134;extra_trees:0.196;gru:0.032;hist_gbm:0.214;pls:0.033;quantile_gbm:0.391,추세=하락추세(200MA 아래);변동성=중간변동;거래량=축소/보통;위험선호=위험회피;금리=상승;GMM레짐=LOW_VOL,"benchmark,bond,credit_trades,earnings,fx,investor_trading,market_investor,ohlcv,program_trades,regime,securities_lending,short_selling",,1,2026-10-02,2026-10-06T02:38:33+09:00,102505.40377074199,114446.7584338058,114446.7584338058,123483.00220506334,77636.22501398319,-0.041756076959573965,1.0,0.0,1.0,,0,102945.40833799439,-0.030377420754890156,0.054734393001754346,102200.0,120000.0,0.012962660307973788,0.4984126984126984,0.13625695353413,0.012962660307973788,0.4984126984126984,0.13625695353413,0.12424786148528999,-0.09665431585928586,0.5396825396825397,0.5349206349206349,0.5396825396825397,-0.041269841269841234,630.0,63.0,0.8042328042328042,0.8042328042328042,0.8624338624338624,0.8624338624338624,189.0,18.9,0.11191105765155163,1.0,"{'oos_evidence': 1.0, '_effective_oos_samples': 63.0, 'baseline_improvement': 0.0, '_baseline_skill': -0.09665431585928586, 'information_coefficient': 0.013337012411943036, 'directional_accuracy': 0.0, '_direction_reference_accuracy': 0.5396825396825397, '_directional_edge': -0.041269841269841234, '_interval_effective_samples': 18.9, 'probability_calibration': 0.24684455883689996, 'interval_coverage': 0.9378214714362705, 'fold_stability': 0.7273275981567493, 'recent_regime': 0.0, 'data_quantity': 1.0, 'data_freshness': 1.0, 'feature_completeness': 1.0, '_no_predictive_edge_cap': 1.0, '_predictive_edge_cap': 44.0}","σ 국면 계수 x0.99 (VIX 0.93)^0.15 | 최근 가중 학습: 반감기 4년 (fold 학습구간 끝 기준) | 앙상블 가중치: NNLS 스태킹 (catboost:0.13,extra_trees:0.20,gru:0.03,hist_gbm:0.21,pls:0.03,quantile_gbm:0.39) | 채점용 OOF: cross-fitted 스태킹 9/10 fold (첫 fold 는 균등가중) — 최종 가중치는 OOF 전체 NNLS | conformal 잔차 최근 가중 (반감기 250거래일) | drift 축소(실효표본 63.0개): 중앙값 x0.86 | 라이브 보정 x0.80 (최근 20앵커 80% 적중 95%) | sigma_h 0.0972 (GARCH, 학습과 동일 추정량)",본 출력은 통계 모델의 예측 분포이며 투자 조언이 아닙니다. 실제 투자 판단과 그 결과에 대한 책임은 이용자 본인에게 있습니다.
247540,에코프로비엠,KR,KRW,15,2026-10-06T02:45:02+09:00,115600.0,82984.36522125968,88807.41496375983,98581.93147811272,107127.19027025577,123733.98820583863,-0.14721512562186234,0.02,0.98,83079.82706020279,123349.78329648756,77737.0537021292,136562.42959066783,0.15659432852356342,0.6418457498437828,27.865474052921645,LOW,"extra_trees,lgbm_linear,pls,quantile_gbm",extra_trees:0.172;lgbm_linear:0.190;pls:0.059;quantile_gbm:0.580,추세=하락추세(200MA 아래);변동성=중간변동;거래량=축소/보통;위험선호=위험회피;금리=상승;GMM레짐=LOW_VOL,"benchmark,bond,credit_trades,earnings,fx,investor_trading,market_investor,ohlcv,program_trades,regime,securities_lending,short_selling",,1,2026-10-02,2026-10-06T02:39:53+09:00,88807.41496375983,107127.19027025577,107127.19027025577,123733.98820583863,77636.22501398319,-0.11833174737501531,1.0,0.0,1.0,,0,102945.40833799439,-0.2231814336921188,0.054734393001754346,102200.0,120000.0,-0.07744705297934268,0.47619047619047616,0.1668520503747042,-0.07744705297934268,0.47619047619047616,0.1668520503747042,0.14545850151671297,-0.14707664821868915,0.5714285714285714,0.5698412698412698,0.5714285714285714,-0.09523809523809523,630.0,42.0,0.7037037037037037,0.7037037037037037,0.8042328042328042,0.8042328042328042,189.0,12.6,0.17637036206570111,1.0,"{'oos_evidence': 1.0, '_effective_oos_samples': 42.0, 'baseline_improvement': 0.0, '_baseline_skill': -0.14707664821868915, 'information_coefficient': 0.0, 'directional_accuracy': 0.0, '_direction_reference_accuracy': 0.5714285714285714, '_directional_edge': -0.09523809523809523, '_interval_effective_samples': 12.6, 'probability_calibration': 0.0, 'interval_coverage': 0.15678526287790148, 'fold_stability': 0.6297621424142632, 'recent_regime': 0.0, 'data_quantity': 1.0, 'data_freshness': 1.0, 'feature_completeness': 1.0, '_no_predictive_edge_cap': 1.0, '_predictive_edge_cap': 44.0}","σ 국면 계수 x0.99 (VIX 0.93)^0.1 | 최근 가중 학습: 반감기 4년 (fold 학습구간 끝 기준) | 앙상블 가중치: NNLS 스태킹 (extra_trees:0.17,lgbm_linear:0.19,pls:0.06,quantile_gbm:0.58) | NNLS 가 제외한 모델(중복/무기여): elasticnet,random_forest,ridge | baseline은 비교용으로만 유지하고, 최종 예측은 ML/DL 앙상블을 사용 | 채점용 OOF: cross-fitted 스태킹 9/10 fold (첫 fold 는 균등가중) — 최종 가중치는 OOF 전체 NNLS | conformal 잔차 최근 가중 (반감기 250거래일) | drift 축소(실효표본 42.0개): 중앙값 x0.81 | sigma_h 0.1506 (GARCH, 학습과 동일 추정량) | 실적 발표 10-24 예측기간 포함(추정) → 구간 ×1.04 (k=1.5)",본 출력은 통계 모델의 예측 분포이며 투자 조언이 아닙니다. 실제 투자 판단과 그 결과에 대한 책임은 이용자 본인에게 있습니다.
247540,에코프로비엠,KR,KRW,20,2026-10-06T02:45:02+09:00,115600.0,76015.0558350198,84271.4730882358,92673.49000646958,104914.09312123554,122139.99761150716,-0.19832621101669912,0.18181818181818182,0.8181818181818181,76139.51988434479,122135.48060196331,67593.9508135936,132273.22957566156,0.18151271449880096,0.6443062203731333,26.205071684933458,LOW,"hist_gbm,quantile_gbm,random_forest",hist_gbm:0.036;quantile_gbm:0.739;random_forest:0.225,추세=하락추세(200MA 아래);변동성=중간변동;거래량=축소/보통;위험선호=위험회피;금리=상승;GMM레짐=LOW_VOL,"benchmark,bond,credit_trades,earnings,fx,investor_trading,market_investor,ohlcv,program_trades,regime,securities_lending,short_selling",,1,2026-10-02,2026-10-06T02:41:08+09:00,84271.4730882358,104914.09312123554,104914.09312123554,122139.99761150716,76015.0558350198,-0.16918576402971786,1.0,0.0,1.0,,0,102945.40833799439,-0.26994876724413863,0.054734393001754346,102200.0,120000.0,-0.08879102117237749,0.43333333333333335,0.19003649434287484,-0.08879102117237749,0.43333333333333335,0.19003649434287484,0.1641616564222596,-0.15761803629746218,0.5984126984126984,0.5968253968253968,0.5984126984126984,-0.16507936507936505,630.0,31.5,0.6772486772486772,0.6772486772486772,0.8148148148148148,0.8148148148148148,189.0,9.45,0.18633153181046738,1.0,"{'oos_evidence': 1.0, '_effective_oos_samples': 31.5, 'baseline_improvement': 0.0, '_baseline_skill': -0.15761803629746218, 'information_coefficient': 0.0, 'directional_accuracy': 0.0, '_direction_reference_accuracy': 0.5984126984126984, '_directional_edge': -0.16507936507936505, '_interval_effective_samples': 9.45, 'probability_calibration': 0.0, 'interval_coverage': 0.0, 'fold_stability': 0.6205071684933458, 'recent_regime': 0.0, 'data_quantity': 1.0, 'data_freshness': 1.0, 'feature_completeness': 1.0, '_no_predictive_edge_cap': 1.0, '_predictive_edge_cap': 44.0}","σ 국면 계수 x1.00 (VIX 0.93)^0.07 | 최근 가중 학습: 반감기 4년 (fold 학습구간 끝 기준) | 앙상블 가중치: NNLS 스태킹 (hist_gbm:0.04,quantile_gbm:0.74,random_forest:0.23) | NNLS 가 제외한 모델(중복/무기여): catboost,elasticnet,extra_trees,ridge | baseline은 비교용으로만 유지하고, 최종 예측은 ML/DL 앙상블을 사용 | 채점용 OOF: cross-fitted 스태킹 8/10 fold (첫 fold 는 균등가중) — 최종 가중치는 OOF 전체 NNLS | conformal 잔차 최근 가중 (반감기 250거래일) | drift 축소(실효표본 31.5개): 중앙값 x0.76 | sigma_h 0.1763 (GARCH, 학습과 동일 추정량) | 실적 발표 10-24 예측기간 포함(추정) → 구간 ×1.03 (k=1.5)",본 출력은 통계 모델의 예측 분포이며 투자 조언이 아닙니다. 실제 투자 판단과 그 결과에 대한 책임은 이용자 본인에게 있습니다.
247540,에코프로비엠,KR,KRW,25,2026-10-06T02:45:02+09:00,115600.0,74385.82197016584,86147.85322596027,96001.6281513589,109487.93778262407,134739.20423208154,-0.16953608865606484,0.3333333333333333,0.6666666666666667,74431.22576414226,134404.11489885426,63025.81314365896,144105.4973547169,0.20402102229477134,0.6477466646653552,29.577573381273986,LOW,"extra_trees,quantile_gbm,catboost,random_forest,ridge,elasticnet",extra_trees:0.188;quantile_gbm:0.179;catboost:0.166;random_forest:0.164;ridge:0.156;elasticnet:0.147,추세=하락추세(200MA 아래);변동성=중간변동;거래량=축소/보통;위험선호=위험회피;금리=상승;GMM레짐=LOW_VOL,"benchmark,bond,credit_trades,earnings,fx,investor_trading,market_investor,ohlcv,program_trades,regime,securities_lending,short_selling",,1,2026-10-02,2026-10-06T02:42:28+09:00,86147.85322596027,109487.93778262407,109487.93778262407,134739.20423208154,74385.82197016584,-0.12803669085079564,1.0,0.0,1.0,,0,102945.40833799439,-0.14829999067193642,0.054734393001754346,102200.0,120000.0,-0.07436388787844297,0.45396825396825397,0.22225822002484963,-0.07436388787844297,0.45396825396825397,0.22225822002484963,0.18185497768130976,-0.22217287015560383,0.5888888888888889,0.5857142857142857,0.5888888888888889,-0.13492063492063494,630.0,25.2,0.7619047619047619,0.7619047619047619,0.8412698412698413,0.8412698412698413,189.0,7.56,0.19879956184259162,1.0,"{'oos_evidence': 0.916515138991168, '_effective_oos_samples': 25.2, 'baseline_improvement': 0.0, '_baseline_skill': -0.22217287015560383, 'information_coefficient': 0.0, 'directional_accuracy': 0.0, '_direction_reference_accuracy': 0.5888888888888889, '_directional_edge': -0.13492063492063494, '_interval_effective_samples': 7.56, 'probability_calibration': 0.0, 'interval_coverage': 0.4196370313678688, 'fold_stability': 0.6216051677683619, 'recent_regime': 0.0, 'data_quantity': 1.0, 'data_freshness': 1.0, 'feature_completeness': 1.0, '_no_predictive_edge_cap': 1.0, '_predictive_edge_cap': 44.0}","σ 국면 계수 x1.00 (VIX 0.93)^0.05 | 최근 가중 학습: 반감기 4년 (fold 학습구간 끝 기준) | NNLS 가 유효한 조합을 찾지 못해 기존 softmax 가중치를 유지합니다. | baseline은 비교용으로만 유지하고, 최종 예측은 ML/DL 앙상블을 사용 | 채점용 OOF: cross-fitted 스태킹 8/10 fold (첫 fold 는 균등가중) — 최종 가중치는 OOF 전체 NNLS | conformal 잔차 최근 가중 (반감기 250거래일) | drift 축소(실효표본 25.2개): 중앙값 x0.72 | sigma_h 0.1993 (GARCH, 학습과 동일 추정량) | 실적 발표 10-24 예측기간 포함(추정) → 구간 ×1.02 (k=1.5)",본 출력은 통계 모델의 예측 분포이며 투자 조언이 아닙니다. 실제 투자 판단과 그 결과에 대한 책임은 이용자 본인에게 있습니다.
247540,에코프로비엠,KR,KRW,30,2026-10-06T02:45:03+09:00,115600.0,66113.67307266076,82141.80707444204,92395.80029950904,108385.32947289215,129238.63050652598,-0.20072837111151354,0.3992248062015504,0.6007751937984496,66206.79276710279,129043.51354147313,58507.18920509763,136032.19257514385,0.22467185572425974,0.6511609011131532,23.784904721666734,LOW,"catboost,hist_gbm,quantile_gbm",catboost:0.614;hist_gbm:0.109;quantile_gbm:0.278,추세=하락추세(200MA 아래);변동성=중간변동;거래량=축소/보통;위험선호=위험회피;금리=상승;GMM레짐=LOW_VOL,"benchmark,bond,credit_trades,earnings,fx,investor_trading,market_investor,ohlcv,program_trades,regime,securities_lending,short_selling",,1,2026-10-02,2026-10-06T02:43:43+09:00,82141.80707444204,108385.32947289215,108385.32947289215,129238.63050652598,66113.67307266076,-0.15832797762878298,1.0,0.0,1.0,,0,102945.40833799439,-0.1457911907202398,0.054734393001754346,102200.0,120000.0,-0.08149572515084774,0.44761904761904764,0.2421181050817464,-0.08149572515084774,0.44761904761904764,0.2421181050817464,0.19846376258783105,-0.2199612761780423,0.5952380952380952,0.5920634920634921,0.5952380952380952,-0.1476190476190476,630.0,21.0,0.6825396825396826,0.6825396825396826,0.7724867724867724,0.7724867724867724,189.0,6.3,0.2228895191339707,1.0,"{'oos_evidence': 0.8366600265340756, '_effective_oos_samples': 21.0, 'baseline_improvement': 0.0, '_baseline_skill': -0.2199612761780423, 'information_coefficient': 0.0, 'directional_accuracy': 0.0, '_direction_reference_accuracy': 0.5952380952380952, '_directional_edge': -0.1476190476190476, '_interval_effective_samples': 6.3, 'probability_calibration': 0.0, 'interval_coverage': 0.011878277418329848, 'fold_stability': 0.5299521682142678, 'recent_regime': 0.0, 'data_quantity': 1.0, 'data_freshness': 1.0, 'feature_completeness': 1.0, '_no_predictive_edge_cap': 1.0, '_predictive_edge_cap': 44.0}","σ 국면 계수 x1.00 (VIX 0.93)^0.04 | 최근 가중 학습: 반감기 4년 (fold 학습구간 끝 기준) | 앙상블 가중치: NNLS 스태킹 (catboost:0.61,hist_gbm:0.11,quantile_gbm:0.28) | NNLS 가 제외한 모델(중복/무기여): extra_trees,gru,random_forest,ridge | baseline은 비교용으로만 유지하고, 최종 예측은 ML/DL 앙상블을 사용 | 채점용 OOF: cross-fitted 스태킹 7/10 fold (첫 fold 는 균등가중) — 최종 가중치는 OOF 전체 NNLS | conformal 잔차 최근 가중 (반감기 250거래일) | drift 축소(실효표본 21.0개): 중앙값 x0.68 | sigma_h 0.2203 (GARCH, 학습과 동일 추정량) | 실적 발표 10-24 예측기간 포함(추정) → 구간 ×1.02 (k=1.5)",본 출력은 통계 모델의 예측 분포이며 투자 조언이 아닙니다. 실제 투자 판단과 그 결과에 대한 책임은 이용자 본인에게 있습니다.
TSLA,테슬라,US,USD,5,2026-10-06T02:54:50+09:00,367.85,337.2388121422339,351.9235866077842,368.55147216967896,386.7575009966818,409.88943350716715,0.0019069516642080675,0.4681647940074906,0.5318352059925093,337.50830407147805,409.48441006566355,326.51548645173364,427.9506187776999,0.09472803789596905,0.6725023558668441,42.77289761153204,LOW,"elasticnet,gru,huber,pls",elasticnet:0.026;gru:0.166;huber:0.049;pls:0.759,추세=하락추세(200MA 아래);변동성=저변동;거래량=축소/보통;위험선호=위험선호;금리=상승;GMM레짐=LOW_VOL,"benchmark,bond,earnings,fx,ohlcv,regime",,1,2026-10-05,2026-10-06T02:45:06+09:00,351.9235866077842,386.7575009966818,386.7575009966818,409.88943350716715,314.7358010166661,-0.005868085393852499,1.0,0.0,1.0,,0,351.9235866077842,0.3559782762160179,0.03228679067478181,345.88,386.83,-0.07899150065645824,0.5222222222222223,0.08546588701238654,-0.07899150065645824,0.5222222222222223,0.08546588701238654,0.08114821334484536,-0.05320725484358979,0.4888888888888889,0.5111111111111111,0.5111111111111111,0.011111111111111183,630.0,126.0,0.8412698412698413,0.8412698412698413,0.9576719576719577,0.9576719576719577,189.0,37.8,0.11734024544284932,1.0,"{'oos_evidence': 1.0, '_effective_oos_samples': 126.0, 'baseline_improvement': 0.0, '_baseline_skill': -0.05320725484358979, 'information_coefficient': 0.0, 'directional_accuracy': 0.02772282663043621, '_direction_reference_accuracy': 0.5111111111111111, '_directional_edge': 0.011111111111111183, '_interval_effective_samples': 37.8, 'probability_calibration': 0.21773169704767115, 'interval_coverage': 0.6560846560846564, 'fold_stability': 0.6137523554738868, 'recent_regime': 1.0, 'data_quantity': 1.0, 'data_freshness': 1.0, 'feature_completeness': 1.0, '_weak_predictive_edge_cap': 1.0, '_predictive_edge_cap': 69.0}","σ 국면 계수 x0.98 (VIX 0.93)^0.23 | 최근 가중 학습: 반감기 4년 (fold 학습구간 끝 기준) | 앙상블 가중치: NNLS 스태킹 (elasticnet:0.03,gru:0.17,huber:0.05,pls:0.76) | 채점용 OOF: cross-fitted 스태킹 9/10 fold (첫 fold 는 균등가중) — 최종 가중치는 OOF 전체 NNLS | conformal 잔차 최근 가중 (반감기 250거래일) | drift 축소(실효표본 126.0개): 중앙값 x0.93 | 라이브 보정 x0.86 (최근 20앵커 80% 적중 91%) | sigma_h 0.0598 (GARCH, 학습과 동일 추정량) | 실적 발표 10-13 예측기간 포함(추정) → 구간 ×1.59 (k=2.9)",본 출력은 통계 모델의 예측 분포이며 투자 조언이 아닙니다. 실제 투자 판단과 그 결과에 대한 책임은 이용자 본인에게 있습니다.
TSLA,테슬라,US,USD,10,2026-10-06T02:54:51+09:00,367.85,326.52180065892054,345.10798521277957,363.3259703435224,380.6761089659673,401.64175500399693,-0.012298571853955775,0.4704370179948586,0.5295629820051414,326.6356204540004,401.335631947527,312.49787633772814,421.64418804177717,0.10636057927200918,0.5339258704553931,41.52967785448948,LOW,"elasticnet,gru,random_forest,ridge",elasticnet:0.107;gru:0.801;random_forest:0.056;ridge:0.036,추세=하락추세(200MA 아래);변동성=저변동;거래량=축소/보통;위험선호=위험선호;금리=상승;GMM레짐=LOW_VOL,"benchmark,bond,earnings,fx,ohlcv,regime",,1,2026-10-05,2026-10-06T02:46:42+09:00,345.10798521277957,380.6761089659673,380.6761089659673,401.64175500399693,296.5898243016891,-0.02236731403176148,1.0,0.0,1.0,,0,345.10798521277957,0.1799898588556422,0.03228679067478181,345.88,386.83,0.01278912387330398,0.5650793650793651,0.11930368387154781,0.01278912387330398,0.5650793650793651,0.11930368387154781,0.11172063684936082,-0.06787507873242471,0.5238095238095238,0.5238095238095238,0.5238095238095238,0.041269841269841234,630.0,63.0,0.8677248677248677,0.8677248677248677,0.9523809523809523,0.9523809523809523,189.0,18.9,0.21407093920331047,1.0,"{'oos_evidence': 1.0, '_effective_oos_samples': 63.0, 'baseline_improvement': 0.0, '_baseline_skill': -0.06787507873242471, 'information_coefficient': 0.012982306628807472, 'directional_accuracy': 0.27068165545875417, '_direction_reference_accuracy': 0.5238095238095238, '_directional_edge': 0.041269841269841234, '_interval_effective_samples': 18.9, 'probability_calibration': 0.0, 'interval_coverage': 0.4234769715626307, 'fold_stability': 0.5839011367297198, 'recent_regime': 1.0, 'data_quantity': 1.0, 'data_freshness': 1.0, 'feature_completeness': 1.0}","σ 국면 계수 x0.99 (VIX 0.93)^0.15 | 최근 가중 학습: 반감기 4년 (fold 학습구간 끝 기준) | 앙상블 가중치: NNLS 스태킹 (elasticnet:0.11,gru:0.80,random_forest:0.06,ridge:0.04) | 채점용 OOF: cross-fitted 스태킹 9/10 fold (첫 fold 는 균등가중) — 최종 가중치는 OOF 전체 NNLS | conformal 잔차 최근 가중 (반감기 250거래일) | drift 축소(실효표본 63.0개): 중앙값 x0.86 | 라이브 보정 x0.80 (최근 20앵커 80% 적중 95%) | sigma_h 0.0803 (GARCH, 학습과 동일 추정량) | 실적 발표 10-13 예측기간 포함(추정) → 구간 ×1.33 (k=2.9)",본 출력은 통계 모델의 예측 분포이며 투자 조언이 아닙니다. 실제 투자 판단과 그 결과에 대한 책임은 이용자 본인에게 있습니다.
TSLA,테슬라,US,USD,15,2026-10-06T02:54:51+09:00,367.85,337.90337258700026,367.0784991218553,392.9099218114067,426.17246370100065,460.3894952116512,0.06812538211609809,0.5771812080536913,0.42281879194630867,338.01356288277765,459.92331193260395,316.23706281522425,491.8378033037996,0.1525347091324146,0.6252062618319282,36.26387527390441,LOW,"gru,huber,pls,random_forest,ridge",gru:0.053;huber:0.506;pls:0.284;random_forest:0.116;ridge:0.041,추세=하락추세(200MA 아래);변동성=저변동;거래량=축소/보통;위험선호=위험선호;금리=상승;GMM레짐=LOW_VOL,"benchmark,bond,earnings,fx,ohlcv,regime",,1,2026-10-05,2026-10-06T02:48:19+09:00,367.0784991218553,426.17246370100065,426.17246370100065,460.3894952116512,296.5898243016891,0.044606439778451,1.0,0.0,1.0,,0,367.0784991218553,0.8184440064800882,0.03228679067478181,345.88,386.83,-0.042009176138009925,0.5206349206349207,0.15103770251937146,-0.042009176138009925,0.5206349206349207,0.15103770251937146,0.1375632658234833,-0.09795083458674303,0.5412698412698412,0.5412698412698412,0.5412698412698412,-0.02063492063492056,630.0,42.0,0.8941798941798942,0.8941798941798942,0.9735449735449735,0.9735449735449735,189.0,12.6,0.12287422988123817,1.0,"{'oos_evidence': 1.0, '_effective_oos_samples': 42.0, 'baseline_improvement': 0.0, '_baseline_skill': -0.09795083458674303, 'information_coefficient': 0.0, 'directional_accuracy': 0.0, '_direction_reference_accuracy': 0.5412698412698412, '_directional_edge': -0.02063492063492056, '_interval_effective_samples': 12.6, 'probability_calibration': 0.14353608371070156, 'interval_coverage': 0.17078394706342886, 'fold_stability': 0.540774713358451, 'recent_regime': 1.0, 'data_quantity': 1.0, 'data_freshness': 1.0, 'feature_completeness': 1.0, '_no_predictive_edge_cap': 1.0, '_predictive_edge_cap': 44.0}","σ 국면 계수 x0.99 (VIX 0.93)^0.1 | 최근 가중 학습: 반감기 4년 (fold 학습구간 끝 기준) | 앙상블 가중치: NNLS 스태킹 (gru:0.05,huber:0.51,pls:0.28,random_forest:0.12,ridge:0.04) | NNLS 가 제외한 모델(중복/무기여): elasticnet,extra_trees | baseline은 비교용으로만 유지하고, 최종 예측은 ML/DL 앙상블을 사용 | 채점용 OOF: cross-fitted 스태킹 7/10 fold (첫 fold 는 균등가중) — 최종 가중치는 OOF 전체 NNLS | conformal 잔차 최근 가중 (반감기 250거래일) | drift 축소(실효표본 42.0개): 중앙값 x0.81 | sigma_h 0.1244 (GARCH, 학습과 동일 추정량) | 실적 발표 10-13 예측기간 포함(추정) → 구간 ×1.23 (k=2.9)",본 출력은 통계 모델의 예측 분포이며 투자 조언이 아닙니다. 실제 투자 판단과 그 결과에 대한 책임은 이용자 본인에게 있습니다.
TSLA,테슬라,US,USD,20,2026-10-06T02:54:51+09:00,367.85,323.58226393989935,352.0770039584103,378.03221840292406,409.16390252278,457.33148945069064,0.02768035450026929,0.5206611570247933,0.4793388429752067,323.8383091747224,457.2560958619989,303.63136856799923,497.4146174925524,0.17105563600132903,0.6071872739596258,34.430687282327206,LOW,"pls,random_forest,ridge,extra_trees,gru,lgbm_linear",pls:0.354;random_forest:0.184;ridge:0.137;extra_trees:0.120;gru:0.114;lgbm_linear:0.091,추세=하락추세(200MA 아래);변동성=저변동;거래량=축소/보통;위험선호=위험선호;금리=상승;GMM레짐=LOW_VOL,"benchmark,bond,earnings,fx,ohlcv,regime",,1,2026-10-05,2026-10-06T02:49:57+09:00,352.0770039584103,409.16390252278,409.16390252278,457.33148945069064,296.5898243016891,0.014065380357709352,1.0,0.0,1.0,,0,352.0770039584103,0.5797614462485704,0.03228679067478181,345.88,386.83,-0.08146179446636238,0.49047619047619045,0.1752834826653009,-0.08146179446636238,0.49047619047619045,0.1752834826653009,0.1562670250277061,-0.1216920692911585,0.5444444444444444,0.5444444444444444,0.5444444444444444,-0.05396825396825394,630.0,31.5,0.8994708994708994,0.8994708994708994,0.9841269841269841,0.9841269841269841,189.0,9.45,0.25587481417201674,1.0,"{'oos_evidence': 1.0, '_effective_oos_samples': 31.5, 'baseline_improvement': 0.0, '_baseline_skill': -0.1216920692911585, 'information_coefficient': 0.0, 'directional_accuracy': 0.0, '_direction_reference_accuracy': 0.5444444444444444, '_directional_edge': -0.05396825396825394, '_interval_effective_samples': 9.45, 'probability_calibration': 0.0, 'interval_coverage': 0.11759519640495195, 'fold_stability': 0.5254735318277687, 'recent_regime': 1.0, 'data_quantity': 1.0, 'data_freshness': 1.0, 'feature_completeness': 1.0, '_no_predictive_edge_cap': 1.0, '_predictive_edge_cap': 44.0}","σ 국면 계수 x1.00 (VIX 0.93)^0.07 | 최근 가중 학습: 반감기 4년 (fold 학습구간 끝 기준) | 앙상블 가중치: NNLS 스태킹 (extra_trees:0.12,gru:0.11,lgbm_linear:0.09,pls:0.35,random_forest:0.18,ridge:0.14) | 채점용 OOF: cross-fitted 스태킹 9/10 fold (첫 fold 는 균등가중) — 최종 가중치는 OOF 전체 NNLS | conformal 잔차 최근 가중 (반감기 250거래일) | drift 축소(실효표본 31.5개): 중앙값 x0.76 | sigma_h 0.1457 (GARCH, 학습과 동일 추정량) | 실적 발표 10-13 예측기간 포함(추정) → 구간 ×1.17 (k=2.9)",본 출력은 통계 모델의 예측 분포이며 투자 조언이 아닙니다. 실제 투자 판단과 그 결과에 대한 책임은 이용자 본인에게 있습니다.
TSLA,테슬라,US,USD,25,2026-10-06T02:54:51+09:00,367.85,312.7133812630372,337.6616393716689,371.5137235397207,400.6483212233011,455.7112659452224,0.009959830201768716,0.4484536082474227,0.5515463917525774,313.3604837802379,454.8221672217721,297.8775178588199,491.15948877347694,0.18835917727013265,0.5980218482562014,31.717391137069562,LOW,"pls,hist_gbm,extra_trees,lightgbm,quantile_gbm,huber",pls:0.509;hist_gbm:0.168;extra_trees:0.163;lightgbm:0.065;quantile_gbm:0.051;huber:0.045,추세=하락추세(200MA 아래);변동성=저변동;거래량=축소/보통;위험선호=위험선호;금리=상승;GMM레짐=LOW_VOL,"benchmark,bond,earnings,fx,ohlcv,regime",,1,2026-10-05,2026-10-06T02:51:34+09:00,337.6616393716689,400.6483212233011,400.6483212233011,455.7112659452224,296.5898243016891,-0.0054051139884435774,1.0,0.0,1.0,,0,344.09660810056306,0.46026158231993336,0.03228679067478181,345.88,386.83,-0.020663839271091996,0.5380952380952381,0.1968244829406342,-0.020663839271091996,0.5380952380952381,0.1968244829406342,0.17398978083226244,-0.13124162809530704,0.5285714285714286,0.5285714285714286,0.5285714285714286,0.00952380952380949,630.0,25.2,0.9206349206349206,0.9206349206349206,1.0,1.0,189.0,7.56,0.26970898294308204,1.0,"{'oos_evidence': 0.916515138991168, '_effective_oos_samples': 25.2, 'baseline_improvement': 0.0, '_baseline_skill': -0.13124162809530704, 'information_coefficient': 0.0, 'directional_accuracy': 0.00912140796149816, '_direction_reference_accuracy': 0.5285714285714286, '_directional_edge': 0.00952380952380949, '_interval_effective_samples': 7.56, 'probability_calibration': 0.0, 'interval_coverage': 0.0, 'fold_stability': 0.5110661739690557, 'recent_regime': 0.916515138991168, 'data_quantity': 1.0, 'data_freshness': 1.0, 'feature_completeness': 1.0, '_weak_predictive_edge_cap': 1.0, '_predictive_edge_cap': 69.0}","σ 국면 계수 x1.00 (VIX 0.93)^0.05 | 최근 가중 학습: 반감기 4년 (fold 학습구간 끝 기준) | 앙상블 가중치: NNLS 스태킹 (extra_trees:0.16,hist_gbm:0.17,huber:0.04,lightgbm:0.06,pls:0.51,quantile_gbm:0.05) | NNLS 가 제외한 모델(중복/무기여): ridge | 채점용 OOF: cross-fitted 스태킹 9/10 fold (첫 fold 는 균등가중) — 최종 가중치는 OOF 전체 NNLS | conformal 잔차 최근 가중 (반감기 250거래일) | drift 축소(실효표본 25.2개): 중앙값 x0.72 | sigma_h 0.1650 (GARCH, 학습과 동일 추정량) | 실적 발표 10-13 예측기간 포함(추정) → 구간 ×1.14 (k=2.9)",본 출력은 통계 모델의 예측 분포이며 투자 조언이 아닙니다. 실제 투자 판단과 그 결과에 대한 책임은 이용자 본인에게 있습니다.
TSLA,테슬라,US,USD,30,2026-10-06T02:54:51+09:00,367.85,253.58190303315607,274.34231358879435,312.29297861285045,343.3267650263306,392.8760750017677,-0.1510317286588272,0.5223214285714285,0.4776785714285715,254.08247787672198,390.00371469691913,240.56789311812062,430.3206521408487,0.20465956402309807,0.5931597693939185,30.416198768263126,LOW,"huber,pls,ridge,elasticnet,quantile_gbm,catboost",huber:0.410;pls:0.254;ridge:0.208;elasticnet:0.068;quantile_gbm:0.034;catboost:0.027,추세=하락추세(200MA 아래);변동성=저변동;거래량=축소/보통;위험선호=위험선호;금리=상승;GMM레짐=LOW_VOL,"benchmark,bond,earnings,fx,ohlcv,regime",,1,2026-10-05,2026-10-06T02:53:15+09:00,274.34231358879435,343.3267650263306,343.3267650263306,392.8760750017677,253.58190303315607,-0.17970921680391588,1.0,0.0,1.0,,0,344.09660810056306,-0.2146113886957014,0.03228679067478181,345.88,386.83,-0.04840207038398518,0.49047619047619045,0.22056757770926308,-0.04840207038398518,0.49047619047619045,0.22056757770926308,0.19157860864371073,-0.15131631485780717,0.5619047619047619,0.5619047619047619,0.5619047619047619,-0.07142857142857145,630.0,21.0,0.9576719576719577,0.9576719576719577,0.9947089947089947,0.9947089947089947,189.0,6.3,0.24428007484236217,1.0,"{'oos_evidence': 0.8366600265340756, '_effective_oos_samples': 21.0, 'baseline_improvement': 0.0, '_baseline_skill': -0.15131631485780717, 'information_coefficient': 0.0, 'directional_accuracy': 0.0, '_direction_reference_accuracy': 0.5619047619047619, '_directional_edge': -0.07142857142857145, '_interval_effective_samples': 6.3, 'probability_calibration': 0.0, 'interval_coverage': 0.0, 'fold_stability': 0.5356318290649763, 'recent_regime': 0.8366600265340756, 'data_quantity': 1.0, 'data_freshness': 1.0, 'feature_completeness': 1.0, '_no_predictive_edge_cap': 1.0, '_predictive_edge_cap': 44.0}","σ 국면 계수 x1.00 (VIX 0.93)^0.04 | 최근 가중 학습: 반감기 4년 (fold 학습구간 끝 기준) | 앙상블 가중치: NNLS 스태킹 (catboost:0.03,elasticnet:0.07,huber:0.41,pls:0.25,quantile_gbm:0.03,ridge:0.21) | 채점용 OOF: cross-fitted 스태킹 9/10 fold (첫 fold 는 균등가중) — 최종 가중치는 OOF 전체 NNLS | conformal 잔차 최근 가중 (반감기 250거래일) | drift 축소(실효표본 21.0개): 중앙값 x0.68 | sigma_h 0.1829 (GARCH, 학습과 동일 추정량) | 실적 발표 10-13 예측기간 포함(추정) → 구간 ×1.12 (k=2.9)",본 출력은 통계 모델의 예측 분포이며 투자 조언이 아닙니다. 실제 투자 판단과 그 결과에 대한 책임은 이용자 본인에게 있습니다.
005380,현대차,KR,KRW,5,2026-10-06T03:04:48+09:00,347000.0,324134.72337075794,331284.10912144993,340302.70800353616,349994.99189395015,361627.8317243595,-0.019300553303930434,0.5063829787234042,0.4936170212765958,324183.096289266,361146.9188773848,318840.9668617783,376842.2346625477,0.04204298718654889,0.2984755998185497,31.7438657456282,LOW,"elasticnet,huber,lgbm_linear,pls,ridge,xgboost",elasticnet:0.201;huber:0.642;lgbm_linear:0.025;pls:0.077;ridge:0.022;xgboost:0.033,추세=하락추세(200MA 아래);변동성=저변동;거래량=축소/보통;위험선호=위험회피;금리=상승;GMM레짐=LOW_VOL,"benchmark,bond,credit_trades,earnings,fx,investor_trading,market_investor,ohlcv,program_trades,regime,securities_lending,short_selling",,1,2026-10-02,2026-10-06T02:54:55+09:00,331284.10912144993,349994.99189395015,349994.99189395015,361627.8317243595,288442.7086750107,-0.01693471283281072,1.0,0.0,1.0,,0,331284.10912144993,0.051146353019099436,0.03773431815012529,343000.0,395000.0,-0.04531532906094945,0.5,0.0717801061569963,-0.04531532906094945,0.5,0.0717801061569963,0.06869593205770382,-0.044896022324899976,0.5158730158730159,0.5158730158730159,0.5158730158730159,-0.015873015873015928,630.0,126.0,0.7513227513227513,0.7513227513227513,0.8624338624338624,0.8624338624338624,189.0,37.8,0.1427569508915322,1.0,"{'oos_evidence': 1.0, '_effective_oos_samples': 126.0, 'baseline_improvement': 0.0, '_baseline_skill': -0.044896022324899976, 'information_coefficient': 0.0, 'directional_accuracy': 0.0, '_direction_reference_accuracy': 0.5158730158730159, '_directional_edge': -0.015873015873015928, '_interval_effective_samples': 37.8, 'probability_calibration': 0.04828699405645198, 'interval_coverage': 0.5943562610229269, 'fold_stability': 0.5414007182947311, 'recent_regime': 0.0, 'data_quantity': 1.0, 'data_freshness': 1.0, 'feature_completeness': 1.0, '_no_predictive_edge_cap': 1.0, '_predictive_edge_cap': 44.0}","σ 국면 계수 x0.98 (VIX 0.93)^0.23 | 최근 가중 학습: 반감기 4년 (fold 학습구간 끝 기준) | 앙상블 가중치: NNLS 스태킹 (elasticnet:0.20,huber:0.64,lgbm_linear:0.03,pls:0.08,ridge:0.02,xgboost:0.03) | NNLS 가 제외한 모델(중복/무기여): extra_trees,gru,random_forest | baseline은 비교용으로만 유지하고, 최종 예측은 ML/DL 앙상블을 사용 | 채점용 OOF: cross-fitted 스태킹 9/10 fold (첫 fold 는 균등가중) — 최종 가중치는 OOF 전체 NNLS | conformal 잔차 최근 가중 (반감기 250거래일) | drift 축소(실효표본 126.0개): 중앙값 x0.93 | 라이브 보정 x0.86 (최근 20앵커 80% 적중 91%) | sigma_h 0.0420 (GARCH, 학습과 동일 추정량)",본 출력은 통계 모델의 예측 분포이며 투자 조언이 아닙니다. 실제 투자 판단과 그 결과에 대한 책임은 이용자 본인에게 있습니다.
005380,현대차,KR,KRW,10,2026-10-06T03:04:48+09:00,347000.0,331700.4206129529,341317.2365461825,356919.83521111216,372040.7535212229,396131.1009658328,0.028587421357672005,0.5064456721915285,0.4935543278084715,331715.8965837501,395796.9195021266,328557.96051186277,414914.89609677484,0.056370257225978083,0.28297644543851697,27.917630589731914,LOW,"catboost,huber,lightgbm,pls,ridge",catboost:0.426;huber:0.377;lightgbm:0.076;pls:0.045;ridge:0.075,추세=하락추세(200MA 아래);변동성=저변동;거래량=축소/보통;위험선호=위험회피;금리=상승;GMM레짐=LOW_VOL,"benchmark,bond,credit_trades,earnings,fx,investor_trading,market_investor,ohlcv,program_trades,regime,securities_lending,short_selling",,1,2026-10-02,2026-10-06T02:56:33+09:00,341317.2365461825,372040.7535212229,372040.7535212229,396131.1009658328,268437.14961143915,0.03313475029294505,1.0,0.0,1.0,,0,341317.2365461825,0.3187352978841126,0.03773431815012529,343000.0,395000.0,-0.05387397957766269,0.4857142857142857,0.10806402260385777,-0.05387397957766269,0.4857142857142857,0.10806402260385777,0.09834442093977237,-0.09883226289001001,0.4984126984126984,0.5015873015873016,0.5015873015873016,-0.015873015873015872,630.0,63.0,0.7142857142857143,0.7142857142857143,0.8518518518518519,0.8518518518518519,189.0,18.9,0.2060875666883329,1.0,"{'oos_evidence': 1.0, '_effective_oos_samples': 63.0, 'baseline_improvement': 0.0, '_baseline_skill': -0.09883226289001001, 'information_coefficient': 0.0, 'directional_accuracy': 0.0, '_direction_reference_accuracy': 0.5015873015873016, '_directional_edge': -0.015873015873015872, '_interval_effective_samples': 18.9, 'probability_calibration': 0.0, 'interval_coverage': 0.2777460299317652, 'fold_stability': 0.5140170290414262, 'recent_regime': 0.0, 'data_quantity': 1.0, 'data_freshness': 1.0, 'feature_completeness': 1.0, '_no_predictive_edge_cap': 1.0, '_predictive_edge_cap': 44.0}","σ 국면 계수 x0.99 (VIX 0.93)^0.15 | 최근 가중 학습: 반감기 4년 (fold 학습구간 끝 기준) | 앙상블 가중치: NNLS 스태킹 (catboost:0.43,huber:0.38,lightgbm:0.08,pls:0.05,ridge:0.08) | NNLS 가 제외한 모델(중복/무기여): elasticnet,extra_trees,gru,random_forest | baseline은 비교용으로만 유지하고, 최종 예측은 ML/DL 앙상블을 사용 | 채점용 OOF: cross-fitted 스태킹 9/10 fold (첫 fold 는 균등가중) — 최종 가중치는 OOF 전체 NNLS | conformal 잔차 최근 가중 (반감기 250거래일) | drift 축소(실효표본 63.0개): 중앙값 x0.86 | 라이브 보정 x0.80 (최근 20앵커 80% 적중 95%) | sigma_h 0.0564 (GARCH, 학습과 동일 추정량)",본 출력은 통계 모델의 예측 분포이며 투자 조언이 아닙니다. 실제 투자 판단과 그 결과에 대한 책임은 이용자 본인에게 있습니다.
005380,현대차,KR,KRW,15,2026-10-06T03:04:48+09:00,347000.0,293939.5406985727,308602.2208646337,328280.3412678826,350534.2660822902,373291.4087875772,-0.05394714332022299,0.45454545454545453,0.5454545454545454,294008.42539746675,373098.44166390324,285347.3082627042,410738.01989863307,0.08724271220512311,0.35758871066187164,25.981805354836784,LOW,"gru,huber,lightgbm,random_forest",gru:0.156;huber:0.766;lightgbm:0.021;random_forest:0.057,추세=하락추세(200MA 아래);변동성=저변동;거래량=축소/보통;위험선호=위험회피;금리=상승;GMM레짐=LOW_VOL,"benchmark,bond,credit_trades,earnings,fx,investor_trading,market_investor,ohlcv,program_trades,regime,securities_lending,short_selling",,1,2026-10-02,2026-10-06T02:58:12+09:00,308602.2208646337,350534.2660822902,350534.2660822902,373291.4087875772,268437.14961143915,-0.046314225808037526,1.0,0.0,1.0,,0,320812.38320381305,0.04498647980324321,0.03773431815012529,343000.0,395000.0,-0.11199640891934871,0.46190476190476193,0.13124687133246196,-0.11199640891934871,0.46190476190476193,0.13124687133246196,0.12446750518444026,-0.054466956158362834,0.4936507936507937,0.5063492063492063,0.5063492063492063,-0.0444444444444444,630.0,42.0,0.6666666666666666,0.6666666666666666,0.8835978835978836,0.8835978835978836,189.0,12.6,0.12701614935337527,1.0,"{'oos_evidence': 1.0, '_effective_oos_samples': 42.0, 'baseline_improvement': 0.0, '_baseline_skill': -0.054466956158362834, 'information_coefficient': 0.0, 'directional_accuracy': 0.0, '_direction_reference_accuracy': 0.5063492063492063, '_directional_edge': -0.0444444444444444, '_interval_effective_samples': 12.6, 'probability_calibration': 0.12161910596324021, 'interval_coverage': 0.0, 'fold_stability': 0.500885250713086, 'recent_regime': 0.0, 'data_quantity': 1.0, 'data_freshness': 1.0, 'feature_completeness': 1.0, '_no_predictive_edge_cap': 1.0, '_predictive_edge_cap': 44.0}","σ 국면 계수 x0.99 (VIX 0.93)^0.1 | 최근 가중 학습: 반감기 4년 (fold 학습구간 끝 기준) | 앙상블 가중치: NNLS 스태킹 (gru:0.16,huber:0.77,lightgbm:0.02,random_forest:0.06) | NNLS 가 제외한 모델(중복/무기여): elasticnet,extra_trees,ridge | baseline은 비교용으로만 유지하고, 최종 예측은 ML/DL 앙상블을 사용 | 채점용 OOF: cross-fitted 스태킹 9/10 fold (첫 fold 는 균등가중) — 최종 가중치는 OOF 전체 NNLS | conformal 잔차 최근 가중 (반감기 250거래일) | drift 축소(실효표본 42.0개): 중앙값 x0.81 | sigma_h 0.0872 (GARCH, 학습과 동일 추정량)",본 출력은 통계 모델의 예측 분포이며 투자 조언이 아닙니다. 실제 투자 판단과 그 결과에 대한 책임은 이용자 본인에게 있습니다.
005380,현대차,KR,KRW,20,2026-10-06T03:04:48+09:00,347000.0,281752.8230571865,302124.4338032237,326959.3931313433,353264.71620691614,389522.9010131175,-0.057753910284313315,0.3783783783783784,0.6216216216216216,282234.6980452217,388735.8955749133,275309.0269776615,444370.0330594547,0.10946927788180309,0.3885773890482296,26.01426875226825,LOW,"elasticnet,huber,pls,ridge",elasticnet:0.068;huber:0.868;pls:0.027;ridge:0.038,추세=하락추세(200MA 아래);변동성=저변동;거래량=축소/보통;위험선호=위험회피;금리=상승;GMM레짐=LOW_VOL,"benchmark,bond,credit_trades,earnings,fx,investor_trading,market_investor,ohlcv,program_trades,regime,securities_lending,short_selling",,1,2026-10-02,2026-10-06T02:59:52+09:00,302124.4338032237,353264.71620691614,353264.71620691614,389522.9010131175,268437.14961143915,-0.04982395187172172,1.0,0.0,1.0,,0,320812.38320381305,0.07974145764737066,0.03773431815012529,343000.0,395000.0,-0.19359791472744695,0.4507936507936508,0.15581522791555338,-0.19359791472744695,0.4507936507936508,0.15581522791555338,0.146750142704263,-0.0617722412001922,0.5396825396825397,0.5396825396825397,0.5396825396825397,-0.08888888888888885,630.0,31.5,0.6666666666666666,0.6666666666666666,0.8095238095238095,0.8095238095238095,189.0,9.45,0.12288144216601377,1.0,"{'oos_evidence': 1.0, '_effective_oos_samples': 31.5, 'baseline_improvement': 0.0, '_baseline_skill': -0.0617722412001922, 'information_coefficient': 0.0, 'directional_accuracy': 0.0, '_direction_reference_accuracy': 0.5396825396825397, '_directional_edge': -0.08888888888888885, '_interval_effective_samples': 9.45, 'probability_calibration': 0.12427284401227962, 'interval_coverage': 0.0, 'fold_stability': 0.5020086000170011, 'recent_regime': 0.0, 'data_quantity': 1.0, 'data_freshness': 1.0, 'feature_completeness': 1.0, '_no_predictive_edge_cap': 1.0, '_predictive_edge_cap': 44.0}","σ 국면 계수 x1.00 (VIX 0.93)^0.07 | 최근 가중 학습: 반감기 4년 (fold 학습구간 끝 기준) | 앙상블 가중치: NNLS 스태킹 (elasticnet:0.07,huber:0.87,pls:0.03,ridge:0.04) | NNLS 가 제외한 모델(중복/무기여): gru,random_forest | baseline은 비교용으로만 유지하고, 최종 예측은 ML/DL 앙상블을 사용 | 채점용 OOF: cross-fitted 스태킹 9/10 fold (첫 fold 는 균등가중) — 최종 가중치는 OOF 전체 NNLS | conformal 잔차 최근 가중 (반감기 250거래일) | drift 축소(실효표본 31.5개): 중앙값 x0.76 | sigma_h 0.1021 (GARCH, 학습과 동일 추정량) | 실적 발표 10-25 예측기간 포함(추정) → 구간 ×1.07 (k=2.0)",본 출력은 통계 모델의 예측 분포이며 투자 조언이 아닙니다. 실제 투자 판단과 그 결과에 대한 책임은 이용자 본인에게 있습니다.
005380,현대차,KR,KRW,25,2026-10-06T03:04:48+09:00,347000.0,300516.6740346103,323232.5892596777,352287.0429596039,387793.83416986535,456994.35066940315,0.01523643504208616,0.5318021201413428,0.46819787985865724,300618.63342768257,451627.3463225144,288854.92254491255,515650.8568996809,0.12228514814543402,0.3882433092354117,24.241169679083587,LOW,"elasticnet,huber,pls,ridge",elasticnet:0.167;huber:0.040;pls:0.028;ridge:0.765,추세=하락추세(200MA 아래);변동성=저변동;거래량=축소/보통;위험선호=위험회피;금리=상승;GMM레짐=LOW_VOL,"benchmark,bond,credit_trades,earnings,fx,investor_trading,market_investor,ohlcv,program_trades,regime,securities_lending,short_selling",,1,2026-10-02,2026-10-06T03:01:32+09:00,323232.5892596777,387793.83416986535,387793.83416986535,456994.35066940315,268437.14961143915,0.0325199069704959,1.0,0.0,1.0,,0,323232.5892596777,0.5192509432652299,0.03773431815012529,343000.0,395000.0,-0.2369420420128392,0.4492063492063492,0.17876544912044087,-0.2369420420128392,0.4492063492063492,0.17876544912044087,0.1665041518731115,-0.07363958861922804,0.5349206349206349,0.5349206349206349,0.5349206349206349,-0.08571428571428569,630.0,25.2,0.6613756613756614,0.6613756613756614,0.7566137566137566,0.7566137566137566,189.0,7.56,0.14234266045726185,1.0,"{'oos_evidence': 0.916515138991168, '_effective_oos_samples': 25.2, 'baseline_improvement': 0.0, '_baseline_skill': -0.07363958861922804, 'information_coefficient': 0.0, 'directional_accuracy': 0.0, '_direction_reference_accuracy': 0.5349206349206349, '_directional_edge': -0.08571428571428569, '_interval_effective_samples': 7.56, 'probability_calibration': 0.03138575251706934, 'interval_coverage': 0.0, 'fold_stability': 0.4824932269035353, 'recent_regime': 0.0, 'data_quantity': 1.0, 'data_freshness': 1.0, 'feature_completeness': 1.0, '_no_predictive_edge_cap': 1.0, '_predictive_edge_cap': 44.0}","σ 국면 계수 x1.00 (VIX 0.93)^0.05 | 최근 가중 학습: 반감기 4년 (fold 학습구간 끝 기준) | 앙상블 가중치: NNLS 스태킹 (elasticnet:0.17,huber:0.04,pls:0.03,ridge:0.77) | NNLS 가 제외한 모델(중복/무기여): extra_trees,gru,quantile_gbm | baseline은 비교용으로만 유지하고, 최종 예측은 ML/DL 앙상블을 사용 | 채점용 OOF: cross-fitted 스태킹 9/10 fold (첫 fold 는 균등가중) — 최종 가중치는 OOF 전체 NNLS | conformal 잔차 최근 가중 (반감기 250거래일) | drift 축소(실효표본 25.2개): 중앙값 x0.72 | sigma_h 0.1156 (GARCH, 학습과 동일 추정량) | 실적 발표 10-25 예측기간 포함(추정) → 구간 ×1.06 (k=2.0)",본 출력은 통계 모델의 예측 분포이며 투자 조언이 아닙니다. 실제 투자 판단과 그 결과에 대한 책임은 이용자 본인에게 있습니다.
005380,현대차,KR,KRW,30,2026-10-06T03:04:48+09:00,347000.0,299939.4452197096,326137.8015333906,360470.8984437697,399626.3712073523,488389.3507988976,0.038821032979163395,0.5422297297297297,0.4577702702702703,300158.6919109684,487396.07499429485,284905.41724521364,550869.7082176988,0.13424178069550344,0.3890696438275762,23.034608854967303,LOW,"elasticnet,huber,ridge",elasticnet:0.185;huber:0.073;ridge:0.742,추세=하락추세(200MA 아래);변동성=저변동;거래량=축소/보통;위험선호=위험회피;금리=상승;GMM레짐=LOW_VOL,"benchmark,bond,credit_trades,earnings,fx,investor_trading,market_investor,ohlcv,program_trades,regime,securities_lending,short_selling",,1,2026-10-02,2026-10-06T03:03:11+09:00,326137.8015333906,399626.3712073523,399626.3712073523,488389.3507988976,268437.14961143915,0.04663827936938448,1.0,0.0,1.0,,0,326137.8015333906,0.6698633125843788,0.03773431815012529,343000.0,395000.0,-0.29377321562091785,0.44285714285714284,0.19848645289041644,-0.29377321562091785,0.44285714285714284,0.19848645289041644,0.18838302383598357,-0.053632375405702426,0.5365079365079365,0.5365079365079365,0.5365079365079365,-0.09365079365079365,630.0,21.0,0.6190476190476191,0.6190476190476191,0.6825396825396826,0.6825396825396826,189.0,6.3,0.2317309156646016,1.0,"{'oos_evidence': 0.8366600265340756, '_effective_oos_samples': 21.0, 'baseline_improvement': 0.0, '_baseline_skill': -0.053632375405702426, 'information_coefficient': 0.0, 'directional_accuracy': 0.0, '_direction_reference_accuracy': 0.5365079365079365, '_directional_edge': -0.09365079365079365, '_interval_effective_samples': 6.3, 'probability_calibration': 0.0, 'interval_coverage': 0.0, 'fold_stability': 0.4668008589626545, 'recent_regime': 0.0, 'data_quantity': 1.0, 'data_freshness': 1.0, 'feature_completeness': 1.0, '_no_predictive_edge_cap': 1.0, '_predictive_edge_cap': 44.0}","σ 국면 계수 x1.00 (VIX 0.93)^0.04 | 최근 가중 학습: 반감기 4년 (fold 학습구간 끝 기준) | 앙상블 가중치: NNLS 스태킹 (elasticnet:0.19,huber:0.07,ridge:0.74) | NNLS 가 제외한 모델(중복/무기여): extra_trees,gru,pls,quantile_gbm | baseline은 비교용으로만 유지하고, 최종 예측은 ML/DL 앙상블을 사용 | 채점용 OOF: cross-fitted 스태킹 9/10 fold (첫 fold 는 균등가중) — 최종 가중치는 OOF 전체 NNLS | conformal 잔차 최근 가중 (반감기 250거래일) | drift 축소(실효표본 21.0개): 중앙값 x0.68 | sigma_h 0.1280 (GARCH, 학습과 동일 추정량) | 실적 발표 10-25 예측기간 포함(추정) → 구간 ×1.05 (k=2.0)",본 출력은 통계 모델의 예측 분포이며 투자 조언이 아닙니다. 실제 투자 판단과 그 결과에 대한 책임은 이용자 본인에게 있습니다.
ETHA,ETHA,US,USD,5,2026-10-06T03:06:16+09:00,20.47,18.788522694794466,19.71524998104919,20.29326372580231,20.744132575724283,21.399969881173153,-0.008633916668182251,0.5240963855421686,0.47590361445783136,18.81042630897236,21.354855789816597,18.58801696533584,21.945979252762378,0.053307739948962894,0.37844741111374935,31.562974536172977,LOW,"catboost,elasticnet,huber,lgbm_linear,ridge",catboost:0.199;elasticnet:0.035;huber:0.029;lgbm_linear:0.701;ridge:0.036,추세=상승추세(200MA 위);변동성=저변동;거래량=축소/보통;위험선호=위험선호;금리=상승;GMM레짐=LOW_VOL,"benchmark,bond,fx,ohlcv,regime",earnings,1,2026-10-05,2026-10-06T03:04:48+09:00,19.71524998104919,20.744132575724283,20.744132575724283,21.399969881173153,17.533966354428642,-0.01314152837863376,1.0,0.0,1.0,,0,19.71524998104919,0.09336833593095199,0.03207215835722558,17.75,20.955,0.0170048336710302,0.5198412698412699,0.09119257466377372,0.0170048336710302,0.5198412698412699,0.09119257466377372,0.08835248131359176,-0.03214503212537445,0.5158730158730159,0.503968253968254,0.5158730158730159,0.003968253968253954,252.0,50.4,0.75,0.75,0.8289473684210527,0.8289473684210527,76.0,15.2,0.23577182922267778,1.0,"{'oos_evidence': 1.0, '_effective_oos_samples': 50.4, 'baseline_improvement': 0.0, '_baseline_skill': -0.03214503212537445, 'information_coefficient': 0.020528633670947243, 'directional_accuracy': 0.0022369853295806457, '_direction_reference_accuracy': 0.5158730158730159, '_directional_edge': 0.003968253968253954, '_interval_effective_samples': 15.2, 'probability_calibration': 0.0, 'interval_coverage': 0.5085382100797449, 'fold_stability': 0.7930290472685403, 'recent_regime': 0.0, 'data_quantity': 0.548, 'data_freshness': 1.0, 'feature_completeness': 1.0, '_weak_predictive_edge_cap': 1.0, '_predictive_edge_cap': 69.0}","σ 국면 계수 x0.98 (VIX 0.93)^0.23 | 최근 가중 학습: 반감기 4년 (fold 학습구간 끝 기준) | 앙상블 가중치: NNLS 스태킹 (catboost:0.20,elasticnet:0.03,huber:0.03,lgbm_linear:0.70,ridge:0.04) | NNLS 가 제외한 모델(중복/무기여): quantile_gbm | 채점용 OOF: cross-fitted 스태킹 1/4 fold (첫 fold 는 균등가중) — 최종 가중치는 OOF 전체 NNLS | conformal 잔차 최근 가중 (반감기 250거래일) | drift 축소(실효표본 50.4개): 중앙값 x0.83 | 라이브 보정 x0.86 (최근 20앵커 80% 적중 91%) | sigma_h 0.0533 (GARCH, 학습과 동일 추정량)",본 출력은 통계 모델의 예측 분포이며 투자 조언이 아닙니다. 실제 투자 판단과 그 결과에 대한 책임은 이용자 본인에게 있습니다.
ETHA,ETHA,US,USD,10,2026-10-06T03:06:16+09:00,20.47,20.156500029982418,21.37544321287861,22.243919404987384,23.233165041421945,23.87308182479707,0.0866594726422758,0.98,0.020000000000000018,20.255140532328866,23.861078636391923,19.109460149579075,24.822846445922945,0.07057989951655444,0.35430828361375694,24.880963114712056,LOW,"catboost,extra_trees,lgbm_linear,quantile_gbm",catboost:0.625;extra_trees:0.056;lgbm_linear:0.286;quantile_gbm:0.032,추세=상승추세(200MA 위);변동성=저변동;거래량=축소/보통;위험선호=위험선호;금리=상승;GMM레짐=LOW_VOL,"benchmark,bond,fx,ohlcv,regime",earnings,1,2026-10-05,2026-10-06T03:05:06+09:00,21.37544321287861,23.233165041421945,23.233165041421945,23.87308182479707,16.530897510565552,0.06262712335924031,1.0,0.0,1.0,,0,21.37544321287861,0.7014707154315918,0.03207215835722558,17.75,20.955,0.028675441031927953,0.5119047619047619,0.13691045451509212,0.028675441031927953,0.5119047619047619,0.13691045451509212,0.12809422709963814,-0.06882611039603126,0.5158730158730159,0.5158730158730159,0.5158730158730159,-0.003968253968254065,252.0,25.2,0.6842105263157895,0.6842105263157895,0.75,0.75,76.0,7.6,0.3209465733228486,1.0,"{'oos_evidence': 0.916515138991168, '_effective_oos_samples': 25.2, 'baseline_improvement': 0.0, '_baseline_skill': -0.06882611039603126, 'information_coefficient': 0.041278174499194464, 'directional_accuracy': 0.0, '_direction_reference_accuracy': 0.5158730158730159, '_directional_edge': -0.003968253968254065, '_interval_effective_samples': 7.6, 'probability_calibration': 0.0, 'interval_coverage': 0.021629522817434868, 'fold_stability': 0.6667065704638918, 'recent_regime': 0.0, 'data_quantity': 0.543, 'data_freshness': 1.0, 'feature_completeness': 1.0, '_weak_predictive_edge_cap': 1.0, '_predictive_edge_cap': 69.0}","σ 국면 계수 x0.99 (VIX 0.93)^0.15 | 최근 가중 학습: 반감기 4년 (fold 학습구간 끝 기준) | 앙상블 가중치: NNLS 스태킹 (catboost:0.63,extra_trees:0.06,lgbm_linear:0.29,quantile_gbm:0.03) | 채점용 OOF: cross-fitted 스태킹 1/4 fold (첫 fold 는 균등가중) — 최종 가중치는 OOF 전체 NNLS | conformal 잔차 최근 가중 (반감기 250거래일) | drift 축소(실효표본 25.2개): 중앙값 x0.72 | 라이브 보정 x0.80 (최근 20앵커 80% 적중 95%) | sigma_h 0.0706 (GARCH, 학습과 동일 추정량)",본 출력은 통계 모델의 예측 분포이며 투자 조언이 아닙니다. 실제 투자 판단과 그 결과에 대한 책임은 이용자 본인에게 있습니다.
ETHA,ETHA,US,USD,15,2026-10-06T03:06:16+09:00,20.47,17.814594623684652,19.959967504161252,21.73532966718699,23.01171435785617,24.596034440202903,0.06181385770332137,0.4765957446808511,0.5234042553191489,17.945972147698633,24.506316881586436,16.48156580455789,30.143576971536987,0.107934513420632,0.44239985798760867,22.042905474904224,LOW,"elasticnet,ridge,catboost,quantile_gbm,extra_trees,pls",elasticnet:0.201;ridge:0.190;catboost:0.176;quantile_gbm:0.150;extra_trees:0.148;pls:0.135,추세=상승추세(200MA 위);변동성=저변동;거래량=축소/보통;위험선호=위험선호;금리=상승;GMM레짐=LOW_VOL,"benchmark,bond,fx,ohlcv,regime",earnings,1,2026-10-05,2026-10-06T03:05:24+09:00,19.959967504161252,23.01171435785617,23.01171435785617,24.596034440202903,16.530897510565552,0.014367773369420059,1.0,0.0,1.0,,0,19.959967504161252,0.6452521518984636,0.03207215835722558,17.75,20.955,-0.243544549451357,0.49206349206349204,0.1862909507497404,-0.243544549451357,0.49206349206349204,0.1862909507497404,0.16140603421278277,-0.15417587488799622,0.5396825396825397,0.5357142857142857,0.5396825396825397,-0.047619047619047616,252.0,16.8,0.5526315789473685,0.4342105263157895,0.6447368421052632,0.5789473684210527,76.0,5.066666666666666,0.4611820078920289,1.1,"{'oos_evidence': 0.7483314773547883, '_effective_oos_samples': 16.8, 'baseline_improvement': 0.0, '_baseline_skill': -0.15417587488799622, 'information_coefficient': 0.0, 'directional_accuracy': 0.0, '_direction_reference_accuracy': 0.5396825396825397, '_directional_edge': -0.047619047619047616, '_interval_effective_samples': 5.066666666666666, 'probability_calibration': 0.0, 'interval_coverage': 0.0, 'fold_stability': 0.640759070135634, 'recent_regime': 0.0, 'data_quantity': 0.538, 'data_freshness': 1.0, 'feature_completeness': 1.0, '_no_predictive_edge_cap': 1.0, '_predictive_edge_cap': 44.0}","σ 국면 계수 x0.99 (VIX 0.93)^0.1 | 최근 가중 학습: 반감기 4년 (fold 학습구간 끝 기준) | NNLS 가 유효한 조합을 찾지 못해 기존 softmax 가중치를 유지합니다. | baseline은 비교용으로만 유지하고, 최종 예측은 ML/DL 앙상블을 사용 | 채점용 OOF: cross-fitted 스태킹 0/4 fold (첫 fold 는 균등가중) — 최종 가중치는 OOF 전체 NNLS | 꼬리 이탈 보정(보정 전 80% 커버리지 43%) -> 상단 x1.10 / 하단 x1.00 | conformal 잔차 최근 가중 (반감기 250거래일) | drift 축소(실효표본 16.8개): 중앙값 x0.63 | sigma_h 0.1079 (GARCH, 학습과 동일 추정량)",본 출력은 통계 모델의 예측 분포이며 투자 조언이 아닙니다. 실제 투자 판단과 그 결과에 대한 책임은 이용자 본인에게 있습니다.
ETHA,ETHA,US,USD,20,2026-10-06T03:06:16+09:00,20.47,15.672651208653217,18.806499654579508,19.969656218230387,20.90490963060941,23.176442820362883,-0.02444278367218422,0.6666666666666666,0.33333333333333337,15.74988092832084,22.83078214186588,14.338936395478319,24.284786274154563,0.12489849391947837,0.4433456728899698,37.724128754784,LOW,huber,huber:1.000,추세=상승추세(200MA 위);변동성=저변동;거래량=축소/보통;위험선호=위험선호;금리=상승;GMM레짐=LOW_VOL,"benchmark,bond,fx,ohlcv,regime",earnings,1,2026-10-05,2026-10-06T03:05:40+09:00,18.806499654579508,20.90490963060941,20.90490963060941,23.176442820362883,15.672651208653217,-0.059980238687681924,1.0,0.0,1.0,,0,19.156965836855186,0.0906562456734185,0.03207215835722558,17.75,20.955,0.3915068129514691,0.5634920634920635,0.18225260538925706,0.3915068129514691,0.5634920634920635,0.18225260538925706,0.1910117498350347,0.04585657402407117,0.5198412698412699,0.5158730158730159,0.5198412698412699,0.04365079365079361,252.0,12.6,0.5394736842105263,0.5394736842105263,0.5921052631578947,0.5921052631578947,76.0,3.8,0.2705013970813661,1.0,"{'oos_evidence': 0.648074069840786, '_effective_oos_samples': 12.6, 'baseline_improvement': 0.648074069840786, '_baseline_skill': 0.04585657402407117, 'information_coefficient': 0.6948556623143848, 'directional_accuracy': 0.1353760284911173, '_direction_reference_accuracy': 0.5198412698412699, '_directional_edge': 0.04365079365079361, '_interval_effective_samples': 3.8, 'probability_calibration': 0.0, 'interval_coverage': 0.0, 'fold_stability': 0.0, 'recent_regime': 0.0, 'data_quantity': 0.533, 'data_freshness': 1.0, 'feature_completeness': 1.0}","σ 국면 계수 x1.00 (VIX 0.93)^0.07 | 최근 가중 학습: 반감기 4년 (fold 학습구간 끝 기준) | 앙상블 가중치: NNLS 스태킹 (huber:1.00) | NNLS 가 제외한 모델(중복/무기여): catboost,extra_trees,ridge,xgboost | 채점용 OOF: cross-fitted 스태킹 0/4 fold (첫 fold 는 균등가중) — 최종 가중치는 OOF 전체 NNLS | conformal 잔차 최근 가중 (반감기 250거래일) | drift 축소(실효표본 12.6개): 중앙값 x0.56 | sigma_h 0.1249 (GARCH, 학습과 동일 추정량)",본 출력은 통계 모델의 예측 분포이며 투자 조언이 아닙니다. 실제 투자 판단과 그 결과에 대한 책임은 이용자 본인에게 있습니다.
ETHA,ETHA,US,USD,25,2026-10-06T03:06:16+09:00,20.47,13.576612779955084,15.713751270059731,18.279790260809662,19.297970854482525,21.986306873486416,-0.10699607910065156,0.2631578947368421,0.736842105263158,13.597608581144849,21.958193223464686,13.097890179721224,22.299008110433682,0.13983971755332006,0.44397733926671834,21.901338094439524,LOW,huber,huber:1.000,추세=상승추세(200MA 위);변동성=저변동;거래량=축소/보통;위험선호=위험선호;금리=상승;GMM레짐=LOW_VOL,"benchmark,bond,fx,ohlcv,regime",earnings,1,2026-10-05,2026-10-06T03:05:53+09:00,15.713751270059731,19.297970854482525,19.297970854482525,21.986306873486416,13.576612779955084,-0.12582265401690745,1.0,0.0,1.0,,0,19.156965836855186,-0.1700222413314303,0.03207215835722558,17.75,20.955,0.39867398993938746,0.6931216931216931,0.21753432597284542,0.39867398993938746,0.6931216931216931,0.21753432597284542,0.21188769320977052,-0.02664917757863683,0.6984126984126984,0.5925925925925926,0.6984126984126984,-0.005291005291005235,189.0,7.56,0.5263157894736842,0.5263157894736842,0.5263157894736842,0.5263157894736842,57.0,2.28,0.5005033137655338,1.0,"{'oos_evidence': 0.5019960159204453, '_effective_oos_samples': 7.56, 'baseline_improvement': 0.0, '_baseline_skill': -0.02664917757863683, 'information_coefficient': 0.5480861209521919, 'directional_accuracy': 0.0, '_direction_reference_accuracy': 0.6984126984126984, '_directional_edge': -0.005291005291005235, '_interval_effective_samples': 2.28, 'probability_calibration': 0.0, 'interval_coverage': 0.0, 'fold_stability': 0.0, 'recent_regime': 0.0, 'data_quantity': 0.528, 'data_freshness': 1.0, 'feature_completeness': 1.0}","σ 국면 계수 x1.00 (VIX 0.93)^0.05 | 최근 가중 학습: 반감기 4년 (fold 학습구간 끝 기준) | 앙상블 가중치: NNLS 스태킹 (huber:1.00) | NNLS 가 제외한 모델(중복/무기여): catboost | 채점용 OOF: cross-fitted 스태킹 0/3 fold (첫 fold 는 균등가중) — 최종 가중치는 OOF 전체 NNLS | conformal 잔차 최근 가중 (반감기 250거래일) | drift 축소(실효표본 7.6개): 중앙값 x0.43 | sigma_h 0.1398 (GARCH, 학습과 동일 추정량)",본 출력은 통계 모델의 예측 분포이며 투자 조언이 아닙니다. 실제 투자 판단과 그 결과에 대한 책임은 이용자 본인에게 있습니다.
ETHA,ETHA,US,USD,30,2026-10-06T03:06:16+09:00,20.47,15.234145224851268,16.98927578554495,21.454581773512615,24.197409339476486,25.89448156997443,0.048098767636180595,0.75,0.25,15.281845659147413,25.768132026299977,14.68321206046326,28.225707256273363,0.15329582469949532,0.4442935098676398,14.431571299006823,LOW,"huber,quantile_gbm",huber:0.075;quantile_gbm:0.925,추세=상승추세(200MA 위);변동성=저변동;거래량=축소/보통;위험선호=위험선호;금리=상승;GMM레짐=LOW_VOL,"benchmark,bond,fx,ohlcv,regime",earnings,1,2026-10-05,2026-10-06T03:06:05+09:00,16.98927578554495,24.197409339476486,24.197409339476486,25.89448156997443,15.234145224851268,0.05987127610143653,1.0,0.0,1.0,,0,19.156965836855186,0.7119008260443217,0.03207215835722558,17.75,20.955,0.08665635720506942,0.5555555555555556,0.27472608445084595,0.08665635720506942,0.5555555555555556,0.27472608445084595,0.24259999592642845,-0.13242410990872466,0.4497354497354497,0.5502645502645502,0.5502645502645502,0.005291005291005346,189.0,6.3,0.43859649122807015,0.43859649122807015,0.5087719298245614,0.5087719298245614,57.0,1.9,0.5019372721551001,1.0,"{'oos_evidence': 0.458257569495584, '_effective_oos_samples': 6.3, 'baseline_improvement': 0.0, '_baseline_skill': -0.13242410990872466, 'information_coefficient': 0.10875286517780958, 'directional_accuracy': 0.0014124801005025891, '_direction_reference_accuracy': 0.5502645502645502, '_directional_edge': 0.005291005291005346, '_interval_effective_samples': 1.9, 'probability_calibration': 0.0, 'interval_coverage': 0.0, 'fold_stability': 0.0, 'recent_regime': 0.0, 'data_quantity': 0.523, 'data_freshness': 1.0, 'feature_completeness': 1.0}","σ 국면 계수 x1.00 (VIX 0.93)^0.04 | 최근 가중 학습: 반감기 4년 (fold 학습구간 끝 기준) | 앙상블 가중치: NNLS 스태킹 (huber:0.07,quantile_gbm:0.93) | 채점용 OOF: cross-fitted 스태킹 0/3 fold (첫 fold 는 균등가중) — 최종 가중치는 OOF 전체 NNLS | conformal 잔차 최근 가중 (반감기 250거래일) | drift 축소(실효표본 6.3개): 중앙값 x0.39 | sigma_h 0.1533 (GARCH, 학습과 동일 추정량)",본 출력은 통계 모델의 예측 분포이며 투자 조언이 아닙니다. 실제 투자 판단과 그 결과에 대한 책임은 이용자 본인에게 있습니다.
IBIT,IBIT,US,USD,5,2026-10-06T03:08:48+09:00,48.7581,49.78005169332364,51.258646219036386,53.277149449995285,54.85925085006827,56.371580081016354,0.09268305061098125,0.75,0.25,49.8764227760313,56.34098197970836,48.34120142390577,57.68843335650909,0.04776626276227431,0.3391068257305381,31.050955072669474,LOW,"catboost,extra_trees,huber",catboost:0.062;extra_trees:0.061;huber:0.877,추세=상승추세(200MA 위);변동성=저변동;거래량=축소/보통;위험선호=위험선호;금리=상승;GMM레짐=LOW_VOL,"benchmark,bond,fx,ohlcv,regime",earnings,1,2026-10-05,2026-10-06T03:06:16+09:00,51.258646219036386,54.85925085006827,54.85925085006827,56.371580081016354,41.946299999999994,0.08661468135420272,1.0,0.0,1.0,,0,51.258646219036386,0.8956738086949511,0.027847268135632784,42.37,49.39,-0.11429398580490203,0.42857142857142855,0.0699766979446771,-0.11429398580490203,0.42857142857142855,0.0699766979446771,0.05956548398119906,-0.17478602149466593,0.48412698412698413,0.5158730158730159,0.5158730158730159,-0.08730158730158738,378.0,75.6,0.8596491228070176,0.8596491228070176,0.8771929824561403,0.8771929824561403,114.0,22.8,0.13433416012684146,1.0,"{'oos_evidence': 1.0, '_effective_oos_samples': 75.6, 'baseline_improvement': 0.0, '_baseline_skill': -0.17478602149466593, 'information_coefficient': 0.0, 'directional_accuracy': 0.0, '_direction_reference_accuracy': 0.5158730158730159, '_directional_edge': -0.08730158730158738, '_interval_effective_samples': 22.8, 'probability_calibration': 0.10443893248772351, 'interval_coverage': 0.5029239766081874, 'fold_stability': 0.6466203846685808, 'recent_regime': 0.0, 'data_quantity': 0.68, 'data_freshness': 1.0, 'feature_completeness': 1.0, '_no_predictive_edge_cap': 1.0, '_predictive_edge_cap': 44.0}","σ 국면 계수 x0.98 (VIX 0.93)^0.23 | 최근 가중 학습: 반감기 4년 (fold 학습구간 끝 기준) | 앙상블 가중치: NNLS 스태킹 (catboost:0.06,extra_trees:0.06,huber:0.88) | NNLS 가 제외한 모델(중복/무기여): elasticnet,random_forest,ridge,xgboost | baseline은 비교용으로만 유지하고, 최종 예측은 ML/DL 앙상블을 사용 | 채점용 OOF: cross-fitted 스태킹 1/6 fold (첫 fold 는 균등가중) — 최종 가중치는 OOF 전체 NNLS | conformal 잔차 최근 가중 (반감기 250거래일) | drift 축소(실효표본 75.6개): 중앙값 x0.88 | 라이브 보정 x0.86 (최근 20앵커 80% 적중 91%) | sigma_h 0.0478 (GARCH, 학습과 동일 추정량)",본 출력은 통계 모델의 예측 분포이며 투자 조언이 아닙니다. 실제 투자 판단과 그 결과에 대한 책임은 이용자 본인에게 있습니다.
IBIT,IBIT,US,USD,10,2026-10-06T03:08:48+09:00,48.7581,44.74539664542516,47.50776178789523,49.76003658543761,52.354713143295314,53.94095663653449,0.0205491310251551,0.5266903914590747,0.4733096085409253,45.14010042577359,53.88469769407774,42.708010124238996,55.75831698079618,0.0652653949419246,0.32762968238320533,30.39841909787915,LOW,"catboost,elasticnet,extra_trees,ridge",catboost:0.354;elasticnet:0.360;extra_trees:0.063;ridge:0.223,추세=상승추세(200MA 위);변동성=저변동;거래량=축소/보통;위험선호=위험선호;금리=상승;GMM레짐=LOW_VOL,"benchmark,bond,fx,ohlcv,regime",earnings,1,2026-10-05,2026-10-06T03:06:44+09:00,47.50776178789523,52.354713143295314,52.354713143295314,53.94095663653449,40.61142069309602,0.01911541171909676,1.0,0.0,1.0,,0,47.50776178789523,0.44148210673363963,0.027847268135632784,42.37,49.39,-0.17502154332288078,0.4576719576719577,0.10659158766058528,-0.17502154332288078,0.4576719576719577,0.10659158766058528,0.08699420171751455,-0.2252723233981373,0.48148148148148145,0.5185185185185185,0.5185185185185185,-0.060846560846560815,378.0,37.8,0.7631578947368421,0.7631578947368421,0.8859649122807017,0.8859649122807017,114.0,11.4,0.24324445572678025,1.0,"{'oos_evidence': 1.0, '_effective_oos_samples': 37.8, 'baseline_improvement': 0.0, '_baseline_skill': -0.2252723233981373, 'information_coefficient': 0.0, 'directional_accuracy': 0.0, '_direction_reference_accuracy': 0.5185185185185185, '_directional_edge': -0.060846560846560815, '_interval_effective_samples': 11.4, 'probability_calibration': 0.0, 'interval_coverage': 0.5231902810406923, 'fold_stability': 0.6466516287472225, 'recent_regime': 0.0, 'data_quantity': 0.675, 'data_freshness': 1.0, 'feature_completeness': 1.0, '_no_predictive_edge_cap': 1.0, '_predictive_edge_cap': 44.0}","σ 국면 계수 x0.99 (VIX 0.93)^0.15 | 최근 가중 학습: 반감기 4년 (fold 학습구간 끝 기준) | 앙상블 가중치: NNLS 스태킹 (catboost:0.35,elasticnet:0.36,extra_trees:0.06,ridge:0.22) | NNLS 가 제외한 모델(중복/무기여): lightgbm,xgboost | baseline은 비교용으로만 유지하고, 최종 예측은 ML/DL 앙상블을 사용 | 채점용 OOF: cross-fitted 스태킹 1/6 fold (첫 fold 는 균등가중) — 최종 가중치는 OOF 전체 NNLS | conformal 잔차 최근 가중 (반감기 250거래일) | drift 축소(실효표본 37.8개): 중앙값 x0.79 | 라이브 보정 x0.80 (최근 20앵커 80% 적중 95%) | sigma_h 0.0653 (GARCH, 학습과 동일 추정량)",본 출력은 통계 모델의 예측 분포이며 투자 조언이 아닙니다. 실제 투자 판단과 그 결과에 대한 책임은 이용자 본인에게 있습니다.
IBIT,IBIT,US,USD,15,2026-10-06T03:08:48+09:00,48.7581,42.99639130866204,47.08833621494162,51.15584720302317,55.50484676214351,58.532349236016955,0.04917638716486428,0.5419161676646707,0.45808383233532934,43.16564317015527,58.43851316087594,39.04404476903525,61.605010803282894,0.1023436986660961,0.4194843365750767,24.84721616095674,LOW,"elasticnet,hist_gbm,huber,ridge",elasticnet:0.609;hist_gbm:0.083;huber:0.037;ridge:0.270,추세=상승추세(200MA 위);변동성=저변동;거래량=축소/보통;위험선호=위험선호;금리=상승;GMM레짐=LOW_VOL,"benchmark,bond,fx,ohlcv,regime",earnings,1,2026-10-05,2026-10-06T03:07:13+09:00,47.08833621494162,55.50484676214351,55.50484676214351,58.532349236016955,40.61142069309602,0.043231799479097374,1.0,0.0,1.0,,0,47.08833621494162,0.8281591195600295,0.027847268135632784,42.37,49.39,-0.2080822260059818,0.43915343915343913,0.1311293879917882,-0.2080822260059818,0.43915343915343913,0.1311293879917882,0.10724877109121046,-0.22266564602654793,0.47354497354497355,0.5396825396825397,0.5396825396825397,-0.10052910052910052,378.0,25.2,0.6929824561403509,0.6929824561403509,0.7631578947368421,0.7631578947368421,114.0,7.6,0.3232696867488752,1.0,"{'oos_evidence': 0.916515138991168, '_effective_oos_samples': 25.2, 'baseline_improvement': 0.0, '_baseline_skill': -0.22266564602654793, 'information_coefficient': 0.0, 'directional_accuracy': 0.0, '_direction_reference_accuracy': 0.5396825396825397, '_directional_edge': -0.10052910052910052, '_interval_effective_samples': 7.6, 'probability_calibration': 0.0, 'interval_coverage': 0.06669102868709124, 'fold_stability': 0.6335154484174147, 'recent_regime': 0.0, 'data_quantity': 0.67, 'data_freshness': 1.0, 'feature_completeness': 1.0, '_no_predictive_edge_cap': 1.0, '_predictive_edge_cap': 44.0}","σ 국면 계수 x0.99 (VIX 0.93)^0.1 | 최근 가중 학습: 반감기 4년 (fold 학습구간 끝 기준) | 앙상블 가중치: NNLS 스태킹 (elasticnet:0.61,hist_gbm:0.08,huber:0.04,ridge:0.27) | 채점용 OOF: cross-fitted 스태킹 1/6 fold (첫 fold 는 균등가중) — 최종 가중치는 OOF 전체 NNLS | conformal 잔차 최근 가중 (반감기 250거래일) | drift 축소(실효표본 25.2개): 중앙값 x0.72 | sigma_h 0.1023 (GARCH, 학습과 동일 추정량)",본 출력은 통계 모델의 예측 분포이며 투자 조언이 아닙니다. 실제 투자 판단과 그 결과에 대한 책임은 이용자 본인에게 있습니다.
IBIT,IBIT,US,USD,20,2026-10-06T03:08:48+09:00,48.7581,40.01394154946198,44.86863172378261,49.64214813127351,55.09858769921067,59.10667188325638,0.01813130805493879,0.5813148788927336,0.4186851211072664,40.07783877515929,59.02385923320744,35.96979624873912,60.429927358454364,0.12085980198405306,0.42900973866436753,22.93352119608241,LOW,"elasticnet,lgbm_linear,random_forest,ridge",elasticnet:0.156;lgbm_linear:0.059;random_forest:0.079;ridge:0.706,추세=상승추세(200MA 위);변동성=저변동;거래량=축소/보통;위험선호=위험선호;금리=상승;GMM레짐=LOW_VOL,"benchmark,bond,fx,ohlcv,regime",earnings,1,2026-10-05,2026-10-06T03:07:40+09:00,44.86863172378261,55.09858769921067,55.09858769921067,59.10667188325638,40.01394154946198,0.025051382605191616,1.0,0.0,1.0,,0,46.04254023103201,0.7251112539961518,0.027847268135632784,42.37,49.39,-0.21963657911251397,0.5476190476190477,0.15215958643924052,-0.21963657911251397,0.5476190476190477,0.15215958643924052,0.12136939850115488,-0.25368987832458156,0.5687830687830688,0.5582010582010583,0.5687830687830688,-0.021164021164021163,378.0,18.9,0.6578947368421053,0.6578947368421053,0.7192982456140351,0.7192982456140351,114.0,5.7,0.37765082049856324,1.0,"{'oos_evidence': 0.7937253933193772, '_effective_oos_samples': 18.9, 'baseline_improvement': 0.0, '_baseline_skill': -0.25368987832458156, 'information_coefficient': 0.0, 'directional_accuracy': 0.0, '_direction_reference_accuracy': 0.5687830687830688, '_directional_edge': -0.021164021164021163, '_interval_effective_samples': 5.7, 'probability_calibration': 0.0, 'interval_coverage': 0.0, 'fold_stability': 0.6336267262888639, 'recent_regime': 0.0, 'data_quantity': 0.665, 'data_freshness': 1.0, 'feature_completeness': 1.0, '_no_predictive_edge_cap': 1.0, '_predictive_edge_cap': 44.0}","σ 국면 계수 x1.00 (VIX 0.93)^0.07 | 최근 가중 학습: 반감기 4년 (fold 학습구간 끝 기준) | 앙상블 가중치: NNLS 스태킹 (elasticnet:0.16,lgbm_linear:0.06,random_forest:0.08,ridge:0.71) | NNLS 가 제외한 모델(중복/무기여): catboost,extra_trees,xgboost | baseline은 비교용으로만 유지하고, 최종 예측은 ML/DL 앙상블을 사용 | 채점용 OOF: cross-fitted 스태킹 1/6 fold (첫 fold 는 균등가중) — 최종 가중치는 OOF 전체 NNLS | conformal 잔차 최근 가중 (반감기 250거래일) | drift 축소(실효표본 18.9개): 중앙값 x0.65 | sigma_h 0.1209 (GARCH, 학습과 동일 추정량)",본 출력은 통계 모델의 예측 분포이며 투자 조언이 아닙니다. 실제 투자 판단과 그 결과에 대한 책임은 이용자 본인에게 있습니다.
IBIT,IBIT,US,USD,25,2026-10-06T03:08:48+09:00,48.7581,36.477326101889474,42.73896810614517,48.843114366754385,54.46910021712582,59.68016058099973,0.0017435947412713926,0.5465116279069767,0.4534883720930233,36.93834910234094,59.633464547227355,34.22623365566836,62.688705245327604,0.1375914135608112,0.43683919538369587,21.678957235480997,LOW,"elasticnet,huber,lgbm_linear,random_forest,ridge,xgboost",elasticnet:0.028;huber:0.038;lgbm_linear:0.355;random_forest:0.058;ridge:0.376;xgboost:0.145,추세=상승추세(200MA 위);변동성=저변동;거래량=축소/보통;위험선호=위험선호;금리=상승;GMM레짐=LOW_VOL,"benchmark,bond,fx,ohlcv,regime",earnings,1,2026-10-05,2026-10-06T03:08:04+09:00,42.73896810614517,54.46910021712582,54.46910021712582,59.68016058099973,36.477326101889474,0.021316840219276413,1.0,0.0,1.0,,0,46.04254023103201,0.46503585722757224,0.027847268135632784,42.37,49.39,-0.19499015122707233,0.5079365079365079,0.18982580353460626,-0.19499015122707233,0.5079365079365079,0.18982580353460626,0.14169254241964666,-0.339702148701692,0.4576719576719577,0.5423280423280423,0.5423280423280423,-0.03439153439153442,378.0,15.12,0.5614035087719298,0.5614035087719298,0.631578947368421,0.631578947368421,114.0,4.56,0.42986650299997375,1.0,"{'oos_evidence': 0.7099295739719539, '_effective_oos_samples': 15.12, 'baseline_improvement': 0.0, '_baseline_skill': -0.339702148701692, 'information_coefficient': 0.0, 'directional_accuracy': 0.0, '_direction_reference_accuracy': 0.5423280423280423, '_directional_edge': -0.03439153439153442, '_interval_effective_samples': 4.56, 'probability_calibration': 0.0, 'interval_coverage': 0.0, 'fold_stability': 0.5939661495761458, 'recent_regime': 0.0, 'data_quantity': 0.66, 'data_freshness': 1.0, 'feature_completeness': 1.0, '_no_predictive_edge_cap': 1.0, '_predictive_edge_cap': 44.0}","σ 국면 계수 x1.00 (VIX 0.93)^0.05 | 최근 가중 학습: 반감기 4년 (fold 학습구간 끝 기준) | 앙상블 가중치: NNLS 스태킹 (elasticnet:0.03,huber:0.04,lgbm_linear:0.36,random_forest:0.06,ridge:0.38,xgboost:0.14) | NNLS 가 제외한 모델(중복/무기여): catboost,extra_trees,lightgbm | baseline은 비교용으로만 유지하고, 최종 예측은 ML/DL 앙상블을 사용 | 채점용 OOF: cross-fitted 스태킹 1/6 fold (첫 fold 는 균등가중) — 최종 가중치는 OOF 전체 NNLS | conformal 잔차 최근 가중 (반감기 250거래일) | drift 축소(실효표본 15.1개): 중앙값 x0.60 | sigma_h 0.1376 (GARCH, 학습과 동일 추정량)",본 출력은 통계 모델의 예측 분포이며 투자 조언이 아닙니다. 실제 투자 판단과 그 결과에 대한 책임은 이용자 본인에게 있습니다.
IBIT,IBIT,US,USD,30,2026-10-06T03:08:49+09:00,48.7581,31.729687676261403,37.9683185349947,43.70725207896555,50.9238220747948,56.32006669331384,-0.10358992497727448,0.4857142857142857,0.5142857142857142,32.13551607421606,56.11646010689304,29.25326658516663,62.48832868110818,0.15292927298197298,0.443231142060524,20.25513218961546,LOW,huber,huber:1.000,추세=상승추세(200MA 위);변동성=저변동;거래량=축소/보통;위험선호=위험선호;금리=상승;GMM레짐=LOW_VOL,"benchmark,bond,fx,ohlcv,regime",earnings,1,2026-10-05,2026-10-06T03:08:28+09:00,37.9683185349947,50.9238220747948,50.9238220747948,56.32006669331384,31.729687676261403,-0.06899449201599292,1.0,0.0,1.0,,0,46.04254023103201,0.1271828537870003,0.027847268135632784,42.37,49.39,-0.2945447146043776,0.43492063492063493,0.2372427449465483,-0.2945447146043776,0.43492063492063493,0.2372427449465483,0.1565892777109959,-0.5150637924546018,0.5142857142857142,0.5142857142857142,0.5142857142857142,-0.0793650793650793,315.0,10.5,0.6526315789473685,0.6526315789473685,0.6631578947368421,0.6631578947368421,95.0,3.1666666666666665,0.3398217741704358,1.0,"{'oos_evidence': 0.5916079783099616, '_effective_oos_samples': 10.5, 'baseline_improvement': 0.0, '_baseline_skill': -0.5150637924546018, 'information_coefficient': 0.0, 'directional_accuracy': 0.0, '_direction_reference_accuracy': 0.5142857142857142, '_directional_edge': -0.0793650793650793, '_interval_effective_samples': 3.1666666666666665, 'probability_calibration': 0.0, 'interval_coverage': 0.0, 'fold_stability': 0.5719052406515844, 'recent_regime': 0.0, 'data_quantity': 0.655, 'data_freshness': 1.0, 'feature_completeness': 1.0, '_no_predictive_edge_cap': 1.0, '_predictive_edge_cap': 44.0}","σ 국면 계수 x1.00 (VIX 0.93)^0.04 | 최근 가중 학습: 반감기 4년 (fold 학습구간 끝 기준) | 앙상블 가중치: NNLS 스태킹 (huber:1.00) | NNLS 가 제외한 모델(중복/무기여): catboost,elasticnet,extra_trees,random_forest,ridge,xgboost | baseline은 비교용으로만 유지하고, 최종 예측은 ML/DL 앙상블을 사용 | 채점용 OOF: cross-fitted 스태킹 0/5 fold (첫 fold 는 균등가중) — 최종 가중치는 OOF 전체 NNLS | conformal 잔차 최근 가중 (반감기 250거래일) | drift 축소(실효표본 10.5개): 중앙값 x0.51 | sigma_h 0.1529 (GARCH, 학습과 동일 추정량)",본 출력은 통계 모델의 예측 분포이며 투자 조언이 아닙니다. 실제 투자 판단과 그 결과에 대한 책임은 이용자 본인에게 있습니다.
RAM,RAM,US,USD,5,2026-10-06T03:08:57+09:00,14.2305,13.10329226500938,14.035939382925376,15.115582701034448,16.27754826898147,17.46337030052608,0.06219617729766691,0.70855,0.29145,13.10329226500938,17.46337030052608,12.581667849776743,18.19288476344614,0.11375179130579513,0.8075576074026974,31.321918439443152,LOW,etf_synth,MU:0.296;005930:0.295;000660:0.260;STX:0.054;SNDK:0.052;WDC:0.044,추세=상승추세(200MA 위);변동성=중간변동;거래량=축소/보통;위험선호=위험선호;금리=상승;GMM레짐=NORMAL,"etf_synth,MU,005930,000660,STX,SNDK,WDC","CXMT,KIOXIA,NANYA,WINBOND,GIGADEVICE,PHISON,MACRONIX",1,2026-10-05,2026-10-05T22:24:04+09:00,14.035939382925376,16.27754826898147,16.27754826898147,17.46337030052608,12.581667849776743,0.06033863014604896,1.0,0.0,1.0,,0,14.035939382925376,,,,,,,,,,,,,,,,,,,,,,,,,,1.0,{'coverage': 0.8590000000000001},"ETF 합성: DRAM 바스켓 2× 일간 복리 시뮬레이션 (20,000경로, t(df=5), 비용 6.0%/년) | 편입 비중 기준일 2026-08-31 · 커버 86% (MU:30%, 005930:29%, 000660:26%, STX:5%, SNDK:5%, WDC:4%) · 미포함 CXMT, KIOXIA, NANYA, WINBOND, GIGADEVICE, PHISON, MACRONIX | 변동성 decay 추정 -0.33% (h=5, 중앙값 기준)",본 출력은 통계 모델의 예측 분포이며 투자 조언이 아닙니다. 실제 투자 판단과 그 결과에 대한 책임은 이용자 본인에게 있습니다.
RAM,RAM,US,USD,10,2026-10-06T03:08:57+09:00,14.2305,12.773783730694417,14.04150160407975,15.617161858135557,17.31536873033589,18.990400047068913,0.09744294705987544,0.7223,0.27769999999999995,12.773783730694417,18.990400047068913,12.070009275110184,20.05846277680788,0.15539516809263115,0.7800775527578875,33.23859933019058,LOW,etf_synth,MU:0.296;005930:0.295;000660:0.260;STX:0.054;SNDK:0.052;WDC:0.044,추세=상승추세(200MA 위);변동성=중간변동;거래량=축소/보통;위험선호=위험선호;금리=상승;GMM레짐=NORMAL,"etf_synth,MU,005930,000660,STX,SNDK,WDC","CXMT,KIOXIA,NANYA,WINBOND,GIGADEVICE,PHISON,MACRONIX",1,2026-10-05,2026-10-05T22:25:57+09:00,14.04150160407975,17.31536873033589,17.31536873033589,18.990400047068913,12.070009275110184,0.09298288016025635,1.0,0.0,1.0,,0,14.04150160407975,,,,,,,,,,,,,,,,,,,,,,,,,,1.0,{'coverage': 0.8590000000000001},"ETF 합성: DRAM 바스켓 2× 일간 복리 시뮬레이션 (20,000경로, t(df=5), 비용 6.0%/년) | 편입 비중 기준일 2026-08-31 · 커버 86% (MU:30%, 005930:29%, 000660:26%, STX:5%, SNDK:5%, WDC:4%) · 미포함 CXMT, KIOXIA, NANYA, WINBOND, GIGADEVICE, PHISON, MACRONIX | 변동성 decay 추정 -0.33% (h=10, 중앙값 기준)",본 출력은 통계 모델의 예측 분포이며 투자 조언이 아닙니다. 실제 투자 판단과 그 결과에 대한 책임은 이용자 본인에게 있습니다.
RAM,RAM,US,USD,15,2026-10-06T03:08:57+09:00,14.2305,11.863203713707746,13.746894764197458,16.131003484864184,18.903161904819836,21.81264200949579,0.13355142017948674,0.7003,0.29969999999999997,11.863203713707746,21.81264200949579,10.76734534334141,23.824197617278823,0.2422642264440089,0.9929878402900187,25.26420053409551,LOW,etf_synth,MU:0.296;005930:0.295;000660:0.260;STX:0.054;SNDK:0.052;WDC:0.044,추세=상승추세(200MA 위);변동성=중간변동;거래량=축소/보통;위험선호=위험선호;금리=상승;GMM레짐=NORMAL,"etf_synth,MU,005930,000660,STX,SNDK,WDC","CXMT,KIOXIA,NANYA,WINBOND,GIGADEVICE,PHISON,MACRONIX",1,2026-10-05,2026-10-05T22:28:02+09:00,13.746894764197458,18.903161904819836,18.903161904819836,21.81264200949579,10.76734534334141,0.12535555401194645,1.0,0.0,1.0,,0,13.746894764197458,,,,,,,,,,,,,,,,,,,,,,,,,,1.0,{'coverage': 0.8590000000000001},"ETF 합성: DRAM 바스켓 2× 일간 복리 시뮬레이션 (20,000경로, t(df=5), 비용 6.0%/년) | 편입 비중 기준일 2026-08-31 · 커버 86% (MU:30%, 005930:29%, 000660:26%, STX:5%, SNDK:5%, WDC:4%) · 미포함 CXMT, KIOXIA, NANYA, WINBOND, GIGADEVICE, PHISON, MACRONIX | 변동성 decay 추정 -0.59% (h=15, 중앙값 기준)",본 출력은 통계 모델의 예측 분포이며 투자 조언이 아닙니다. 실제 투자 판단과 그 결과에 대한 책임은 이용자 본인에게 있습니다.
RAM,RAM,US,USD,20,2026-10-06T03:08:57+09:00,14.2305,12.145816529982493,14.369646886687343,17.31689708834584,20.907593655911338,24.758168183144598,0.21688606080923667,0.75985,0.24014999999999997,12.145816529982493,24.758168183144598,10.949113112375397,27.45629446332877,0.2799654065680643,0.9937786090587537,29.220956586177117,LOW,etf_synth,MU:0.296;005930:0.295;000660:0.260;STX:0.054;SNDK:0.052;WDC:0.044,추세=상승추세(200MA 위);변동성=중간변동;거래량=축소/보통;위험선호=위험선호;금리=상승;GMM레짐=NORMAL,"etf_synth,MU,005930,000660,STX,SNDK,WDC","CXMT,KIOXIA,NANYA,WINBOND,GIGADEVICE,PHISON,MACRONIX",1,2026-10-05,2026-10-05T22:30:08+09:00,14.369646886687343,20.907593655911338,20.907593655911338,24.758168183144598,10.949113112375397,0.19629518662267798,1.0,0.0,1.0,,0,14.369646886687343,,,,,,,,,,,,,,,,,,,,,,,,,,1.0,{'coverage': 0.8590000000000001},"ETF 합성: DRAM 바스켓 2× 일간 복리 시뮬레이션 (20,000경로, t(df=5), 비용 6.0%/년) | 편입 비중 기준일 2026-08-31 · 커버 86% (MU:30%, 005930:29%, 000660:26%, STX:5%, SNDK:5%, WDC:4%) · 미포함 CXMT, KIOXIA, NANYA, WINBOND, GIGADEVICE, PHISON, MACRONIX | 변동성 decay 추정 -1.21% (h=20, 중앙값 기준)",본 출력은 통계 모델의 예측 분포이며 투자 조언이 아닙니다. 실제 투자 판단과 그 결과에 대한 책임은 이용자 본인에게 있습니다.
RAM,RAM,US,USD,25,2026-10-06T03:08:57+09:00,14.2305,11.680691878384945,14.040421303345079,17.306932818433044,21.34987068335682,25.55121551447979,0.2161858556222933,0.7355,0.26449999999999996,11.680691878384945,25.55121551447979,10.456360112224521,28.66545870975033,0.3084303576412902,0.9792360277218769,28.193681100191284,LOW,etf_synth,MU:0.296;005930:0.295;000660:0.260;STX:0.054;SNDK:0.052;WDC:0.044,추세=상승추세(200MA 위);변동성=중간변동;거래량=축소/보통;위험선호=위험선호;금리=상승;GMM레짐=NORMAL,"etf_synth,MU,005930,000660,STX,SNDK,WDC","CXMT,KIOXIA,NANYA,WINBOND,GIGADEVICE,PHISON,MACRONIX",1,2026-10-05,2026-10-05T22:32:05+09:00,14.040421303345079,21.34987068335682,21.34987068335682,25.55121551447979,10.456360112224521,0.1957196136595073,1.0,0.0,1.0,,0,14.040421303345079,,,,,,,,,,,,,,,,,,,,,,,,,,1.0,{'coverage': 0.8590000000000001},"ETF 합성: DRAM 바스켓 2× 일간 복리 시뮬레이션 (20,000경로, t(df=5), 비용 6.0%/년) | 편입 비중 기준일 2026-08-31 · 커버 86% (MU:30%, 005930:29%, 000660:26%, STX:5%, SNDK:5%, WDC:4%) · 미포함 CXMT, KIOXIA, NANYA, WINBOND, GIGADEVICE, PHISON, MACRONIX | 변동성 decay 추정 -1.37% (h=25, 중앙값 기준)",본 출력은 통계 모델의 예측 분포이며 투자 조언이 아닙니다. 실제 투자 판단과 그 결과에 대한 책임은 이용자 본인에게 있습니다.
RAM,RAM,US,USD,30,2026-10-06T03:08:57+09:00,14.2305,12.070747782684734,14.788293266605299,18.408536566552073,23.035634117388035,28.127348453790734,0.29359731327445093,0.7851,0.21489999999999998,12.070747782684734,28.127348453790734,10.596898440366598,31.702725379620897,0.34776797403130616,1.0079273463893366,24.194603542184634,LOW,etf_synth,MU:0.296;005930:0.295;000660:0.260;STX:0.054;SNDK:0.052;WDC:0.044,추세=상승추세(200MA 위);변동성=중간변동;거래량=축소/보통;위험선호=위험선호;금리=상승;GMM레짐=NORMAL,"etf_synth,MU,005930,000660,STX,SNDK,WDC","CXMT,KIOXIA,NANYA,WINBOND,GIGADEVICE,PHISON,MACRONIX",1,2026-10-05,2026-10-05T22:34:07+09:00,14.788293266605299,23.035634117388035,23.035634117388035,28.127348453790734,10.596898440366598,0.25742695234172236,1.0,0.0,1.0,,0,14.788293266605299,,,,,,,,,,,,,,,,,,,,,,,,,,1.0,{'coverage': 0.8590000000000001},"ETF 합성: DRAM 바스켓 2× 일간 복리 시뮬레이션 (20,000경로, t(df=5), 비용 6.0%/년) | 편입 비중 기준일 2026-08-31 · 커버 86% (MU:30%, 005930:29%, 000660:26%, STX:5%, SNDK:5%, WDC:4%) · 미포함 CXMT, KIOXIA, NANYA, WINBOND, GIGADEVICE, PHISON, MACRONIX | 변동성 decay 추정 -1.61% (h=30, 중앙값 기준)",본 출력은 통계 모델의 예측 분포이며 투자 조언이 아닙니다. 실제 투자 판단과 그 결과에 대한 책임은 이용자 본인에게 있습니다.
